{
  "type": "FeatureCollection",
  "features": [
    {
      "type": "Feature",
      "properties": {
        "name": "Київська, 6"
      },
      "geometry": {
        "type": "Point",
        "coordinates": [
          30.39522,
          49.81761
        ]
      }
    },
    {
      "type": "Feature",
      "properties": {
        "name": "Білоцерківська, 17"
      },
      "geometry": {
        "type": "Point",
        "coordinates": [
          30.392429,
          49.814127
        ]
      }
    },
    {
      "type": "Feature",
      "properties": {
        "name": "Ярослава Мудрого, 183"
      },
      "geometry": {
        "type": "Point",
        "coordinates": [
          30.39699,
          49.81671
        ]
      }
    },
    {
      "type": "Feature",
      "properties": {
        "name": "Ярослава Мудрого 155"
      },
      "geometry": {
        "type": "Point",
        "coordinates": [
          30.40044,
          49.81845
        ]
      }
    },
    {
      "type": "Feature",
      "properties": {
        "name": "Ярослава Мудрого 129"
      },
      "geometry": {
        "type": "Point",
        "coordinates": [
          30.40311,
          49.81963
        ]
      }
    },
    {
      "type": "Feature",
      "properties": {
        "name": "Ярослава Мудрого 123"
      },
      "geometry": {
        "type": "Point",
        "coordinates": [
          30.40439,
          49.82025
        ]
      }
    },
    {
      "type": "Feature",
      "properties": {
        "name": "Ярослава Мудрого 109"
      },
      "geometry": {
        "type": "Point",
        "coordinates": [
          30.4067944,
          49.8214077
        ]
      }
    },
    {
      "type": "Feature",
      "properties": {
        "name": "Ярослава Мудрого 99"
      },
      "geometry": {
        "type": "Point",
        "coordinates": [
          30.4078079,
          49.8218684
        ]
      }
    },
    {
      "type": "Feature",
      "properties": {
        "name": "Ярослава Мудрого 71"
      },
      "geometry": {
        "type": "Point",
        "coordinates": [
          30.4099,
          49.82286
        ]
      }
    },
    {
      "type": "Feature",
      "properties": {
        "name": "Ярослава Мудрого 57"
      },
      "geometry": {
        "type": "Point",
        "coordinates": [
          30.41338,
          49.8246
        ]
      }
    },
    {
      "type": "Feature",
      "properties": {
        "name": "Ярослава Мудрого 49"
      },
      "geometry": {
        "type": "Point",
        "coordinates": [
          30.41463,
          49.82514
        ]
      }
    },
    {
      "type": "Feature",
      "properties": {
        "name": "Ярослава Мудрого 39"
      },
      "geometry": {
        "type": "Point",
        "coordinates": [
          30.41584,
          49.8257
        ]
      }
    },
    {
      "type": "Feature",
      "properties": {
        "name": "Ярослава Мудрого 20"
      },
      "geometry": {
        "type": "Point",
        "coordinates": [
          30.41722,
          49.82687
        ]
      }
    },
    {
      "type": "Feature",
      "properties": {
        "name": "Поповича 2/23 (ресторан УЗИН)"
      },
      "geometry": {
        "type": "Point",
        "coordinates": [
          30.42088,
          49.82853
        ]
      }
    },
    {
      "type": "Feature",
      "properties": {
        "name": "Поповича 37"
      },
      "geometry": {
        "type": "Point",
        "coordinates": [
          30.4242,
          49.83072
        ]
      }
    },
    {
      "type": "Feature",
      "properties": {
        "name": "Поповича 51"
      },
      "geometry": {
        "type": "Point",
        "coordinates": [
          30.42633,
          49.832
        ]
      }
    },
    {
      "type": "Feature",
      "properties": {
        "name": "Поповича 61"
      },
      "geometry": {
        "type": "Point",
        "coordinates": [
          30.42633,
          49.832
        ]
      }
    },
    {
      "type": "Feature",
      "properties": {
        "name": "Поповича 98"
      },
      "geometry": {
        "type": "Point",
        "coordinates": [
          30.42966,
          49.83505
        ]
      }
    },
    {
      "type": "Feature",
      "properties": {
        "name": "м. Узин Поповича 116"
      },
      "geometry": {
        "type": "Point",
        "coordinates": [
          30.4397435,
          49.8572426
        ]
      }
    },
    {
      "type": "Feature",
      "properties": {
        "name": "Шевченка 9"
      },
      "geometry": {
        "type": "Point",
        "coordinates": [
          30.4141,
          49.83233
        ]
      }
    },
    {
      "type": "Feature",
      "properties": {
        "name": "Шевченка 51"
      },
      "geometry": {
        "type": "Point",
        "coordinates": [
          30.41539,
          49.83301
        ]
      }
    },
    {
      "type": "Feature",
      "properties": {
        "name": "Шевченка 77"
      },
      "geometry": {
        "type": "Point",
        "coordinates": [
          30.41818,
          49.8344
        ]
      }
    },
    {
      "type": "Feature",
      "properties": {
        "name": "Шевченка 141"
      },
      "geometry": {
        "type": "Point",
        "coordinates": [
          30.42364,
          49.83855
        ]
      }
    },
    {
      "type": "Feature",
      "properties": {
        "name": "Шевченка 171"
      },
      "geometry": {
        "type": "Point",
        "coordinates": [
          30.4253,
          49.84093
        ]
      }
    },
    {
      "type": "Feature",
      "properties": {
        "name": "Шевченка 183"
      },
      "geometry": {
        "type": "Point",
        "coordinates": [
          30.42607,
          49.84193
        ]
      }
    },
    {
      "type": "Feature",
      "properties": {
        "name": "Шевченка 197"
      },
      "geometry": {
        "type": "Point",
        "coordinates": [
          30.4268,
          49.84303
        ]
      }
    },
    {
      "type": "Feature",
      "properties": {
        "name": "Садова, 5 (біля пам'ятника)"
      },
      "geometry": {
        "type": "Point",
        "coordinates": [
          30.422,
          49.82599
        ]
      }
    },
    {
      "type": "Feature",
      "properties": {
        "name": "Садова, 4а"
      },
      "geometry": {
        "type": "Point",
        "coordinates": [
          30.42135,
          49.82565
        ]
      }
    },
    {
      "type": "Feature",
      "properties": {
        "name": "Садова, 10"
      },
      "geometry": {
        "type": "Point",
        "coordinates": [
          30.42086,
          49.82539
        ]
      }
    },
    {
      "type": "Feature",
      "properties": {
        "name": "Садова, 24"
      },
      "geometry": {
        "type": "Point",
        "coordinates": [
          30.41939,
          49.82459
        ]
      }
    },
    {
      "type": "Feature",
      "properties": {
        "name": "Калинова 18"
      },
      "geometry": {
        "type": "Point",
        "coordinates": [
          30.42151,
          49.82425
        ]
      }
    },
    {
      "type": "Feature",
      "properties": {
        "name": "Калинова 24"
      },
      "geometry": {
        "type": "Point",
        "coordinates": [
          30.42092,
          49.82387
        ]
      }
    },
    {
      "type": "Feature",
      "properties": {
        "name": "Калинова 40"
      },
      "geometry": {
        "type": "Point",
        "coordinates": [
          30.41834,
          49.82242
        ]
      }
    },
    {
      "type": "Feature",
      "properties": {
        "name": "Калинова 50"
      },
      "geometry": {
        "type": "Point",
        "coordinates": [
          30.41724,
          49.82176
        ]
      }
    },
    {
      "type": "Feature",
      "properties": {
        "name": "Квітнева 6а"
      },
      "geometry": {
        "type": "Point",
        "coordinates": [
          30.42476,
          49.82378
        ]
      }
    },
    {
      "type": "Feature",
      "properties": {
        "name": "Квітнева\nд/с Зірочка (1)\n"
      },
      "geometry": {
        "type": "Point",
        "coordinates": [
          30.42431,
          49.82353
        ]
      }
    },
    {
      "type": "Feature",
      "properties": {
        "name": "Квітнева\nд/с Зірочка (2)\n"
      },
      "geometry": {
        "type": "Point",
        "coordinates": [
          30.42321,
          49.82294
        ]
      }
    },
    {
      "type": "Feature",
      "properties": {
        "name": "Квітнева, 41"
      },
      "geometry": {
        "type": "Point",
        "coordinates": [
          30.42118,
          49.82162
        ]
      }
    },
    {
      "type": "Feature",
      "properties": {
        "name": "Квітнева, 45б"
      },
      "geometry": {
        "type": "Point",
        "coordinates": [
          30.41986,
          49.82088
        ]
      }
    },
    {
      "type": "Feature",
      "properties": {
        "name": "Квітнева, 51"
      },
      "geometry": {
        "type": "Point",
        "coordinates": [
          30.4187,
          49.82025
        ]
      }
    },
    {
      "type": "Feature",
      "properties": {
        "name": "Квітнева, 57"
      },
      "geometry": {
        "type": "Point",
        "coordinates": [
          30.41798,
          49.81985
        ]
      }
    },
    {
      "type": "Feature",
      "properties": {
        "name": "Франка, 5"
      },
      "geometry": {
        "type": "Point",
        "coordinates": [
          30.426,
          49.82289
        ]
      }
    },
    {
      "type": "Feature",
      "properties": {
        "name": "Франка, 15"
      },
      "geometry": {
        "type": "Point",
        "coordinates": [
          30.42485,
          49.82222
        ]
      }
    },
    {
      "type": "Feature",
      "properties": {
        "name": "Франка, 23"
      },
      "geometry": {
        "type": "Point",
        "coordinates": [
          30.4239,
          49.82164
        ]
      }
    },
    {
      "type": "Feature",
      "properties": {
        "name": "Франка, 31"
      },
      "geometry": {
        "type": "Point",
        "coordinates": [
          30.42265,
          49.82102
        ]
      }
    },
    {
      "type": "Feature",
      "properties": {
        "name": "Франка, 39"
      },
      "geometry": {
        "type": "Point",
        "coordinates": [
          30.42172,
          49.82046
        ]
      }
    },
    {
      "type": "Feature",
      "properties": {
        "name": "Франка, 45"
      },
      "geometry": {
        "type": "Point",
        "coordinates": [
          30.42102,
          49.82005
        ]
      }
    },
    {
      "type": "Feature",
      "properties": {
        "name": "Пушкіна, 2а"
      },
      "geometry": {
        "type": "Point",
        "coordinates": [
          30.42846,
          49.82233
        ]
      }
    },
    {
      "type": "Feature",
      "properties": {
        "name": "Пушкіна, 56"
      },
      "geometry": {
        "type": "Point",
        "coordinates": [
          30.42243,
          49.81889
        ]
      }
    },
    {
      "type": "Feature",
      "properties": {
        "name": "Пушкіна, 116"
      },
      "geometry": {
        "type": "Point",
        "coordinates": [
          30.41936,
          49.81626
        ]
      }
    },
    {
      "type": "Feature",
      "properties": {
        "name": "Івана Котляревського, 2"
      },
      "geometry": {
        "type": "Point",
        "coordinates": [
          30.42757,
          49.82392
        ]
      }
    },
    {
      "type": "Feature",
      "properties": {
        "name": "Івана Котляревського, 4"
      },
      "geometry": {
        "type": "Point",
        "coordinates": [
          30.42895,
          49.82482
        ]
      }
    },
    {
      "type": "Feature",
      "properties": {
        "name": "Івана Котляревського, 6"
      },
      "geometry": {
        "type": "Point",
        "coordinates": [
          30.42962,
          49.82524
        ]
      }
    },
    {
      "type": "Feature",
      "properties": {
        "name": "Івана Котляревського, 14"
      },
      "geometry": {
        "type": "Point",
        "coordinates": [
          30.42925,
          49.82302
        ]
      }
    },
    {
      "type": "Feature",
      "properties": {
        "name": "Грушевського, 66/1"
      },
      "geometry": {
        "type": "Point",
        "coordinates": [
          30.42884,
          49.82732
        ]
      }
    },
    {
      "type": "Feature",
      "properties": {
        "name": "Грушевського, 66/2"
      },
      "geometry": {
        "type": "Point",
        "coordinates": [
          30.42813,
          49.82775
        ]
      }
    },
    {
      "type": "Feature",
      "properties": {
        "name": "Лесі Українки 47а (металобаза)"
      },
      "geometry": {
        "type": "Point",
        "coordinates": [
          30.43151,
          49.828
        ]
      }
    },
    {
      "type": "Feature",
      "properties": {
        "name": "Лесі Українки (ЗОШ №2)"
      },
      "geometry": {
        "type": "Point",
        "coordinates": [
          30.43116,
          49.82901
        ]
      }
    },
    {
      "type": "Feature",
      "properties": {
        "name": "Авіаторів (біля сміття, на повороті на вулицю Л.Українки)"
      },
      "geometry": {
        "type": "Point",
        "coordinates": [
          30.42879,
          49.82973
        ]
      }
    },
    {
      "type": "Feature",
      "properties": {
        "name": "Авіаторів, 70/1"
      },
      "geometry": {
        "type": "Point",
        "coordinates": [
          30.428,
          49.8292
        ]
      }
    },
    {
      "type": "Feature",
      "properties": {
        "name": "Авіаторів,70/2"
      },
      "geometry": {
        "type": "Point",
        "coordinates": [
          30.42696,
          49.82851
        ]
      }
    },
    {
      "type": "Feature",
      "properties": {
        "name": "Авіаторів, 62"
      },
      "geometry": {
        "type": "Point",
        "coordinates": [
          30.42366,
          49.82704
        ]
      }
    },
    {
      "type": "Feature",
      "properties": {
        "name": "Авіаторів, 52"
      },
      "geometry": {
        "type": "Point",
        "coordinates": [
          30.4256,
          49.82704
        ]
      }
    },
    {
      "type": "Feature",
      "properties": {
        "name": "Соборна, 5 (чорнобильський будинок)"
      },
      "geometry": {
        "type": "Point",
        "coordinates": [
          30.42455,
          49.82924
        ]
      }
    },
    {
      "type": "Feature",
      "properties": {
        "name": "Незалежності (напроти перукарні» Чарівниця»"
      },
      "geometry": {
        "type": "Point",
        "coordinates": [
          30.42174,
          49.82694
        ]
      }
    },
    {
      "type": "Feature",
      "properties": {
        "name": "Незалежності, 5"
      },
      "geometry": {
        "type": "Point",
        "coordinates": [
          30.41694,
          49.82976
        ]
      }
    },
    {
      "type": "Feature",
      "properties": {
        "name": "Володимира Симиренка, 8"
      },
      "geometry": {
        "type": "Point",
        "coordinates": [
          30.43765,
          49.82011
        ]
      }
    },
    {
      "type": "Feature",
      "properties": {
        "name": "площа Героїв Космос (на тротуарі)"
      },
      "geometry": {
        "type": "Point",
        "coordinates": [
          30.41967,
          49.82819
        ]
      }
    },
    {
      "type": "Feature",
      "properties": {
        "name": "Незалежності стоянка біля Міської Ради "
      },
      "geometry": {
        "type": "Point",
        "coordinates": [
          30.42043,
          49.82702
        ]
      }
    },
    {
      "type": "Feature",
      "properties": {
        "name": "Авіаторів магазин \"Квіти від Ірини\""
      },
      "geometry": {
        "type": "Point",
        "coordinates": [
          30.42513,
          49.82762
        ]
      }
    },
    {
      "type": "Feature",
      "properties": {
        "name": "Соборна,1"
      },
      "geometry": {
        "type": "Point",
        "coordinates": [
          30.42288,
          49.8293
        ]
      }
    },
    {
      "type": "Feature",
      "properties": {
        "name": "Соборна, 8"
      },
      "geometry": {
        "type": "Point",
        "coordinates": [
          30.424265,
          49.828443
        ]
      }
    },
    {
      "type": "Feature",
      "properties": {
        "name": "Шевченка 111"
      },
      "geometry": {
        "type": "Point",
        "coordinates": [
          30.421511,
          49.836188
        ]
      }
    },
    {
      "type": "Feature",
      "properties": {
        "name": "Шевченка 95"
      },
      "geometry": {
        "type": "Point",
        "coordinates": [
          30.420108,
          49.835463
        ]
      }
    },
    {
      "type": "Feature",
      "properties": {
        "name": "м. Узин вул. Незалежності 16/1"
      },
      "geometry": {
        "type": "Point",
        "coordinates": [
          30.420312,
          49.827358
        ]
      }
    },
    {
      "type": "Feature",
      "properties": {
        "name": "вул. Заводська, 12"
      },
      "geometry": {
        "type": "Point",
        "coordinates": [
          30.437798,
          49.826115
        ]
      }
    },
    {
      "type": "Feature",
      "properties": {
        "name": "Незалежності, 30"
      },
      "geometry": {
        "type": "Point",
        "coordinates": [
          30.424565,
          49.82566
        ]
      }
    },
    {
      "type": "Feature",
      "properties": {
        "name": "Ярослава Мудрого, 11а"
      },
      "geometry": {
        "type": "Point",
        "coordinates": [
          30.418796,
          49.826715
        ]
      }
    },
    {
      "type": "Feature",
      "properties": {
        "name": "Висока, 8"
      },
      "geometry": {
        "type": "Point",
        "coordinates": [
          30.386732,
          49.816675
        ]
      }
    },
    {
      "type": "Feature",
      "properties": {
        "name": "Калинова, 52"
      },
      "geometry": {
        "type": "Point",
        "coordinates": [
          30.415817,
          49.822739
        ]
      }
    },
    {
      "type": "Feature",
      "properties": {
        "name": "Володимира Семеренка, 2"
      },
      "geometry": {
        "type": "Point",
        "coordinates": [
          30.434345,
          49.820027
        ]
      }
    },
    {
      "type": "Feature",
      "properties": {
        "name": "Калинова, 52"
      },
      "geometry": {
        "type": "Point",
        "coordinates": [
          30.416007,
          49.822941
        ]
      }
    },
    {
      "type": "Feature",
      "properties": {
        "name": "Заводська, 16 "
      },
      "geometry": {
        "type": "Point",
        "coordinates": [
          30.433652,
          49.824368
        ]
      }
    },
    {
      "type": "Feature",
      "properties": {
        "name": "Героїв Крут, 3"
      },
      "geometry": {
        "type": "Point",
        "coordinates": [
          30.4234565,
          49.8236745
        ]
      }
    },
    {
      "type": "Feature",
      "properties": {
        "name": "Волі, 26"
      },
      "geometry": {
        "type": "Point",
        "coordinates": [
          30.44933,
          49.821777
        ]
      }
    },
    {
      "type": "Feature",
      "properties": {
        "name": "Волі, 26"
      },
      "geometry": {
        "type": "Point",
        "coordinates": [
          30.450333,
          49.819244
        ]
      }
    },
    {
      "type": "Feature",
      "properties": {
        "name": "8 км 1а"
      },
      "geometry": {
        "type": "Point",
        "coordinates": [
          30.4034946,
          49.7830935
        ]
      }
    },
    {
      "type": "Feature",
      "properties": {
        "name": "Білоцерківська, 52"
      },
      "geometry": {
        "type": "Point",
        "coordinates": [
          30.380518,
          49.805786
        ]
      }
    },
    {
      "type": "Feature",
      "properties": {
        "name": "с. Василів вул. Колгоспна, 1-Т"
      },
      "geometry": {
        "type": "Point",
        "coordinates": [
          30.463902,
          49.950595
        ]
      }
    },
    {
      "type": "Feature",
      "properties": {
        "name": "с. Іванівка вул. Квітнева, 34а "
      },
      "geometry": {
        "type": "Point",
        "coordinates": [
          30.403876,
          49.882263
        ]
      }
    },
    {
      "type": "Feature",
      "properties": {
        "name": "с. Іванівка вул. Квітнева, 34а "
      },
      "geometry": {
        "type": "Point",
        "coordinates": [
          30.403183,
          49.882467
        ]
      }
    },
    {
      "type": "Feature",
      "properties": {
        "name": "с. Іванівка вул. Квітнева, 34а "
      },
      "geometry": {
        "type": "Point",
        "coordinates": [
          30.4022524,
          49.882764
        ]
      }
    },
    {
      "type": "Feature",
      "properties": {
        "name": "с. Іванівка вул. Квітнева, 34а "
      },
      "geometry": {
        "type": "Point",
        "coordinates": [
          30.402032,
          49.882562
        ]
      }
    },
    {
      "type": "Feature",
      "properties": {
        "name": "с. Іванівка вул. Квітнева, 34а "
      },
      "geometry": {
        "type": "Point",
        "coordinates": [
          30.402048,
          49.882261
        ]
      }
    },
    {
      "type": "Feature",
      "properties": {
        "name": "с. Іванівка вул. Квітнева, 34а "
      },
      "geometry": {
        "type": "Point",
        "coordinates": [
          30.403341,
          49.881794
        ]
      }
    },
    {
      "type": "Feature",
      "properties": {
        "name": "с. Іванівка вул. Квітнева, 34а"
      },
      "geometry": {
        "type": "Point",
        "coordinates": [
          30.410692,
          49.880038
        ]
      }
    },
    {
      "type": "Feature",
      "properties": {
        "name": "с. Іванівка вул. Квітнева, 34а"
      },
      "geometry": {
        "type": "Point",
        "coordinates": [
          30.409474,
          49.879298
        ]
      }
    },
    {
      "type": "Feature",
      "properties": {
        "name": "с. Мала Антонівка вул. Олексія Цмокна, 1"
      },
      "geometry": {
        "type": "Point",
        "coordinates": [
          30.368903,
          49.854243
        ]
      }
    },
    {
      "type": "Feature",
      "properties": {
        "name": "с. Михайлівка вул. Польова, 1"
      },
      "geometry": {
        "type": "Point",
        "coordinates": [
          30.475301,
          49.875457
        ]
      }
    },
    {
      "type": "Feature",
      "properties": {
        "name": "с. Олійникова Слобода вул Центральна, 1"
      },
      "geometry": {
        "type": "Point",
        "coordinates": [
          30.326955,
          49.878874
        ]
      }
    },
    {
      "type": "Feature",
      "properties": {
        "name": "с. Олійникова Слобода вул Центральна, 1"
      },
      "geometry": {
        "type": "Point",
        "coordinates": [
          30.326175,
          49.880236
        ]
      }
    },
    {
      "type": "Feature",
      "properties": {
        "name": "с. Чепеліївка вул. Сухоліська"
      },
      "geometry": {
        "type": "Point",
        "coordinates": [
          30.328614,
          49.76439
        ]
      }
    },
    {
      "type": "Feature",
      "properties": {
        "name": "с. Сухоліси вул. Гагаріна, 5"
      },
      "geometry": {
        "type": "Point",
        "coordinates": [
          30.368074,
          49.735824
        ]
      }
    },
    {
      "type": "Feature",
      "properties": {
        "name": "с. Сухоліси вул. Гагаріна, 5"
      },
      "geometry": {
        "type": "Point",
        "coordinates": [
          30.367586,
          49.736192
        ]
      }
    },
    {
      "type": "Feature",
      "properties": {
        "name": "Сухоліси вул. Привокзальна, 8"
      },
      "geometry": {
        "type": "Point",
        "coordinates": [
          30.373613,
          49.737073
        ]
      }
    },
    {
      "type": "Feature",
      "properties": {
        "name": "Сухоліси вул. Привокзальна, 8"
      },
      "geometry": {
        "type": "Point",
        "coordinates": [
          30.37552,
          49.736648
        ]
      }
    },
    {
      "type": "Feature",
      "properties": {
        "name": "с. Чепеліївка вул. Паркова, 2"
      },
      "geometry": {
        "type": "Point",
        "coordinates": [
          30.330698,
          49.761354
        ]
      }
    },
    {
      "type": "Feature",
      "properties": {
        "name": "с. Тарасівка вул. Поповича"
      },
      "geometry": {
        "type": "Point",
        "coordinates": [
          30.519713,
          49.806069
        ]
      }
    },
    {
      "type": "Feature",
      "properties": {
        "name": "Відділок Воровського"
      },
      "geometry": {
        "type": "Point",
        "coordinates": [
          30.502387,
          49.831714
        ]
      }
    },
    {
      "type": "Feature",
      "properties": {
        "name": "с. Розаліївка вул. Народна, 71"
      },
      "geometry": {
        "type": "Point",
        "coordinates": [
          30.542101,
          49.882616
        ]
      }
    },
    {
      "type": "Feature",
      "properties": {
        "name": "с. Розаліївка вул. Народна, 71"
      },
      "geometry": {
        "type": "Point",
        "coordinates": [
          30.542308,
          49.884206
        ]
      }
    },
    {
      "type": "Feature",
      "properties": {
        "name": "с. Розаліївка вул. Народна, 71"
      },
      "geometry": {
        "type": "Point",
        "coordinates": [
          30.542177,
          49.884144
        ]
      }
    },
    {
      "type": "Feature",
      "properties": {
        "name": "с. Макиївка вул. Центральна, 1"
      },
      "geometry": {
        "type": "Point",
        "coordinates": [
          30.429675,
          49.973848
        ]
      }
    },
    {
      "type": "Feature",
      "properties": {
        "name": "с. Макиївка вул. Центральна, 1"
      },
      "geometry": {
        "type": "Point",
        "coordinates": [
          30.429485,
          49.973888
        ]
      }
    },
    {
      "type": "Feature",
      "properties": {
        "name": "с. Макиївка вул. Гагаріна, 7"
      },
      "geometry": {
        "type": "Point",
        "coordinates": [
          30.4182617,
          49.9695135
        ]
      }
    },
    {
      "type": "Feature",
      "properties": {
        "name": "с. Макиївка вул. Гагаріна, 7"
      },
      "geometry": {
        "type": "Point",
        "coordinates": [
          30.417291,
          49.9716047
        ]
      }
    },
    {
      "type": "Feature",
      "properties": {
        "name": "с. Макиївка вул. Гагаріна, 7"
      },
      "geometry": {
        "type": "Point",
        "coordinates": [
          31.1847144,
          50.7513801
        ]
      }
    },
    {
      "type": "Feature",
      "properties": {
        "name": "Точка 118"
      },
      "geometry": {
        "type": "Point",
        "coordinates": [
          30.4235386,
          49.8227959
        ]
      }
    },
    {
      "type": "Feature",
      "properties": {
        "name": "вул. Вернадського, 10а/1\nПГ №10а/1 К-200 мм\n"
      },
      "geometry": {
        "type": "Point",
        "coordinates": [
          30.1303039692011,
          49.7726637447783
        ]
      }
    },
    {
      "type": "Feature",
      "properties": {
        "name": "вул. Вернадського, 10а/2\nПГ №10а/2 К-200мм\n"
      },
      "geometry": {
        "type": "Point",
        "coordinates": [
          30.1303146980364,
          49.7727053182716
        ]
      }
    },
    {
      "type": "Feature",
      "properties": {
        "name": "вул.Зенітного полку,42 ПГ-42 К-300"
      },
      "geometry": {
        "type": "Point",
        "coordinates": [
          30.1509157,
          49.7924921
        ]
      }
    },
    {
      "type": "Feature",
      "properties": {
        "name": "вул.Зенітного полку,62 ПГ-62 Т-150"
      },
      "geometry": {
        "type": "Point",
        "coordinates": [
          30.1521516,
          49.7913133
        ]
      }
    },
    {
      "type": "Feature",
      "properties": {
        "name": "вул.І.Кожедуба,73 ПГ-73 К-200"
      },
      "geometry": {
        "type": "Point",
        "coordinates": [
          30.1434921,
          49.7986279
        ]
      }
    },
    {
      "type": "Feature",
      "properties": {
        "name": "вул.І. Кожедуба,79 ПГ-79 К-200"
      },
      "geometry": {
        "type": "Point",
        "coordinates": [
          30.144887,
          49.799572
        ]
      }
    },
    {
      "type": "Feature",
      "properties": {
        "name": "вул.І.Кожедуба,82,ПГ-82 К-200"
      },
      "geometry": {
        "type": "Point",
        "coordinates": [
          30.140394,
          49.797157
        ]
      }
    },
    {
      "type": "Feature",
      "properties": {
        "name": "вул.І.Кожедуба,103А ПГ-103А К-200"
      },
      "geometry": {
        "type": "Point",
        "coordinates": [
          30.144782,
          49.802269
        ]
      }
    },
    {
      "type": "Feature",
      "properties": {
        "name": "вул.І.Кожедуба,119,ПГ-119 К-200"
      },
      "geometry": {
        "type": "Point",
        "coordinates": [
          30.146058,
          49.801784
        ]
      }
    },
    {
      "type": "Feature",
      "properties": {
        "name": "вул.І.Кожедуба,119А ПГ-119А К-200"
      },
      "geometry": {
        "type": "Point",
        "coordinates": [
          30.14606,
          49.802813
        ]
      }
    },
    {
      "type": "Feature",
      "properties": {
        "name": "вул.І.Кожедуба,139,ПГ-139 К-200"
      },
      "geometry": {
        "type": "Point",
        "coordinates": [
          30.147956,
          49.802506
        ]
      }
    },
    {
      "type": "Feature",
      "properties": {
        "name": "вул.І.Кожедуба ,149 ПГ-149 К-200 "
      },
      "geometry": {
        "type": "Point",
        "coordinates": [
          30.149385,
          49.802837
        ]
      }
    },
    {
      "type": "Feature",
      "properties": {
        "name": "вул. І Кожедуба,167 ПГ-167  К-200"
      },
      "geometry": {
        "type": "Point",
        "coordinates": [
          30.152146,
          49.803446
        ]
      }
    },
    {
      "type": "Feature",
      "properties": {
        "name": "вул. І.Кожедуба ,175 ПГ-175 К-200"
      },
      "geometry": {
        "type": "Point",
        "coordinates": [
          30.150567,
          49.804722
        ]
      }
    },
    {
      "type": "Feature",
      "properties": {
        "name": "вул. І.Кожедуба,199 ПГ-199 К-200"
      },
      "geometry": {
        "type": "Point",
        "coordinates": [
          30.155677,
          49.803432
        ]
      }
    },
    {
      "type": "Feature",
      "properties": {
        "name": "вул. І.Кожедуба,199 ПГ-199 К-200"
      },
      "geometry": {
        "type": "Point",
        "coordinates": [
          30.155677,
          49.803432
        ]
      }
    },
    {
      "type": "Feature",
      "properties": {
        "name": "вул. І.Кожедуба,207а ПГ-207 А Т-200"
      },
      "geometry": {
        "type": "Point",
        "coordinates": [
          30.157058,
          49.803974
        ]
      }
    },
    {
      "type": "Feature",
      "properties": {
        "name": "вул. І.Кожедуба,213 ПГ-213 К-200"
      },
      "geometry": {
        "type": "Point",
        "coordinates": [
          30.157465,
          49.803087
        ]
      }
    },
    {
      "type": "Feature",
      "properties": {
        "name": "вул. І.Кожедуба,237 ПГ-237 К-300"
      },
      "geometry": {
        "type": "Point",
        "coordinates": [
          30.159999,
          49.802733
        ]
      }
    },
    {
      "type": "Feature",
      "properties": {
        "name": "вул. І.Кожедуба,245 ПГ-245 К-300"
      },
      "geometry": {
        "type": "Point",
        "coordinates": [
          30.16849,
          49.801112
        ]
      }
    },
    {
      "type": "Feature",
      "properties": {
        "name": "вул. І.Кожедуба,285 ПГ-285 К-300 "
      },
      "geometry": {
        "type": "Point",
        "coordinates": [
          30.174764,
          49.800964
        ]
      }
    },
    {
      "type": "Feature",
      "properties": {
        "name": "вул. І.Кожедуба,299 ПГ-299 К-300"
      },
      "geometry": {
        "type": "Point",
        "coordinates": [
          30.176519,
          49.800899
        ]
      }
    },
    {
      "type": "Feature",
      "properties": {
        "name": "вул. І.Кожедуба,313 ПГ-313 К-300"
      },
      "geometry": {
        "type": "Point",
        "coordinates": [
          30.178818,
          49.800863
        ]
      }
    },
    {
      "type": "Feature",
      "properties": {
        "name": "вул. І.Кожедуба,325 ПГ-325 К-300"
      },
      "geometry": {
        "type": "Point",
        "coordinates": [
          30.180975,
          49.800695
        ]
      }
    },
    {
      "type": "Feature",
      "properties": {
        "name": "вул. Героїв Крут,12 ПГ-12 К-200"
      },
      "geometry": {
        "type": "Point",
        "coordinates": [
          30.14545,
          49.791314
        ]
      }
    },
    {
      "type": "Feature",
      "properties": {
        "name": "вул. Героїв Крут,45 ПГ-45 К-200"
      },
      "geometry": {
        "type": "Point",
        "coordinates": [
          30.148785,
          49.789898
        ]
      }
    },
    {
      "type": "Feature",
      "properties": {
        "name": "вул. Героїв Крут,81 ПГ-81 К-200"
      },
      "geometry": {
        "type": "Point",
        "coordinates": [
          30.143671,
          49.793406
        ]
      }
    },
    {
      "type": "Feature",
      "properties": {
        "name": "вул. Героїв Крут,83 ПГ-83 К-200"
      },
      "geometry": {
        "type": "Point",
        "coordinates": [
          30.144203,
          49.794005
        ]
      }
    },
    {
      "type": "Feature",
      "properties": {
        "name": "вул. Героїв Крут,98 ПГ-98 К-200"
      },
      "geometry": {
        "type": "Point",
        "coordinates": [
          30.142543,
          49.795079
        ]
      }
    },
    {
      "type": "Feature",
      "properties": {
        "name": "вул. Героїв Кркт ,98 аПГ-98а К-200"
      },
      "geometry": {
        "type": "Point",
        "coordinates": [
          30.1422,
          49.7941094
        ]
      }
    },
    {
      "type": "Feature",
      "properties": {
        "name": "б-р Княгині Ольги ,11 ПГ-11 К-200"
      },
      "geometry": {
        "type": "Point",
        "coordinates": [
          30.145616,
          49.7892331
        ]
      }
    },
    {
      "type": "Feature",
      "properties": {
        "name": "Б-р Княгині Ольги,13 ПГ-13 К-200"
      },
      "geometry": {
        "type": "Point",
        "coordinates": [
          30.144963,
          49.789351
        ]
      }
    },
    {
      "type": "Feature",
      "properties": {
        "name": "Б- р Княгині Ольги,13а ПГ-13А К200"
      },
      "geometry": {
        "type": "Point",
        "coordinates": [
          30.144256,
          49.789388
        ]
      }
    },
    {
      "type": "Feature",
      "properties": {
        "name": "Б- р Княгині Ольги,15 ПГ-15 К-200"
      },
      "geometry": {
        "type": "Point",
        "coordinates": [
          30.144106,
          49.788398
        ]
      }
    },
    {
      "type": "Feature",
      "properties": {
        "name": "Б-р Княгині Ольги,17 ПГ-17 К-200"
      },
      "geometry": {
        "type": "Point",
        "coordinates": [
          30.141034,
          49.788308
        ]
      }
    },
    {
      "type": "Feature",
      "properties": {
        "name": "Б-р, Княгині Ольги,17а ПГ-17А К-200"
      },
      "geometry": {
        "type": "Point",
        "coordinates": [
          30.140513,
          49.787936
        ]
      }
    },
    {
      "type": "Feature",
      "properties": {
        "name": "вул.Петра Дяченка.11 ПГ-11 К-150"
      },
      "geometry": {
        "type": "Point",
        "coordinates": [
          30.134806,
          49.791167
        ]
      }
    },
    {
      "type": "Feature",
      "properties": {
        "name": "вул.Петра Дяченка.27А ПГ-27 К-150"
      },
      "geometry": {
        "type": "Point",
        "coordinates": [
          30.136823,
          49.788348
        ]
      }
    },
    {
      "type": "Feature",
      "properties": {
        "name": "вул.Петра Дяченка.27А ПГ-27А К-150"
      },
      "geometry": {
        "type": "Point",
        "coordinates": [
          30.137569,
          49.788182
        ]
      }
    },
    {
      "type": "Feature",
      "properties": {
        "name": "вул.ЧорнихЗапорожців,16 ПГ-16 К-200"
      },
      "geometry": {
        "type": "Point",
        "coordinates": [
          30.143548,
          49.787755
        ]
      }
    },
    {
      "type": "Feature",
      "properties": {
        "name": "вул.ЧорнихЗапорожців,18 ПГ-18 К-200"
      },
      "geometry": {
        "type": "Point",
        "coordinates": [
          30.140708,
          49.787605
        ]
      }
    },
    {
      "type": "Feature",
      "properties": {
        "name": "вул.ЧорнихЗапорожців,18 ПГ-18 К-200"
      },
      "geometry": {
        "type": "Point",
        "coordinates": [
          30.1422216,
          49.7872846
        ]
      }
    },
    {
      "type": "Feature",
      "properties": {
        "name": "вул.ЧорнихЗапорожців,20 ПГ-20 К-200"
      },
      "geometry": {
        "type": "Point",
        "coordinates": [
          30.144201,
          49.786806
        ]
      }
    },
    {
      "type": "Feature",
      "properties": {
        "name": "вул.ЧорнихЗапорожців,22 ПГ-22 К-200"
      },
      "geometry": {
        "type": "Point",
        "coordinates": [
          30.143821,
          49.785489
        ]
      }
    },
    {
      "type": "Feature",
      "properties": {
        "name": "вул.ЧорнихЗапорожців,24 ПГ-24 К-200"
      },
      "geometry": {
        "type": "Point",
        "coordinates": [
          30.14614,
          49.786373
        ]
      }
    },
    {
      "type": "Feature",
      "properties": {
        "name": "вул.ЧорнихЗапорожців,26 ПГ-26 К-200"
      },
      "geometry": {
        "type": "Point",
        "coordinates": [
          30.144435,
          49.785862
        ]
      }
    },
    {
      "type": "Feature",
      "properties": {
        "name": "вул.ЧорнихЗапорожців,26,ПГ-26 К-200"
      },
      "geometry": {
        "type": "Point",
        "coordinates": [
          30.145537,
          49.785072
        ]
      }
    },
    {
      "type": "Feature",
      "properties": {
        "name": "вул.ЧорнихЗапорожців,28 ПГ-28 К-200"
      },
      "geometry": {
        "type": "Point",
        "coordinates": [
          30.14807,
          49.785732
        ]
      }
    },
    {
      "type": "Feature",
      "properties": {
        "name": "вул.ЧорнихЗапорожців,28а ПГ-28а К-200"
      },
      "geometry": {
        "type": "Point",
        "coordinates": [
          30.147671,
          49.786116
        ]
      }
    },
    {
      "type": "Feature",
      "properties": {
        "name": "п-кт Незалежності,30 ПГ-30 К-200"
      },
      "geometry": {
        "type": "Point",
        "coordinates": [
          30.150502,
          49.785294
        ]
      }
    },
    {
      "type": "Feature",
      "properties": {
        "name": "п-кт Незалежності,30 ПГ-30а К-200"
      },
      "geometry": {
        "type": "Point",
        "coordinates": [
          30.150577,
          49.784385
        ]
      }
    },
    {
      "type": "Feature",
      "properties": {
        "name": "п-кт Незалежності,32 ПГ-32 К-200"
      },
      "geometry": {
        "type": "Point",
        "coordinates": [
          30.152468,
          49.78545
        ]
      }
    },
    {
      "type": "Feature",
      "properties": {
        "name": "п-кт Незалежності,38 ПГ-38 Т-200"
      },
      "geometry": {
        "type": "Point",
        "coordinates": [
          30.154252,
          49.784357
        ]
      }
    },
    {
      "type": "Feature",
      "properties": {
        "name": "п-кт Незалежності,40 ПГ-40 Т-200"
      },
      "geometry": {
        "type": "Point",
        "coordinates": [
          30.15505,
          49.785119
        ]
      }
    },
    {
      "type": "Feature",
      "properties": {
        "name": "вул.ЧорнихЗапорожців,45 ПГ-45 Т-100"
      },
      "geometry": {
        "type": "Point",
        "coordinates": [
          30.146712,
          49.787496
        ]
      }
    },
    {
      "type": "Feature",
      "properties": {
        "name": "вул.ЧорнихЗапорожців,47\\1 ПГ-47\\1 К-300"
      },
      "geometry": {
        "type": "Point",
        "coordinates": [
          30.150246,
          49.78707
        ]
      }
    },
    {
      "type": "Feature",
      "properties": {
        "name": "вул.Чорних Запорожців 47\\1ПГ-47\\1А К-300"
      },
      "geometry": {
        "type": "Point",
        "coordinates": [
          30.15058,
          49.788744
        ]
      }
    },
    {
      "type": "Feature",
      "properties": {
        "name": "п-кт Незалежності,48 ,ПГ-48 К-150"
      },
      "geometry": {
        "type": "Point",
        "coordinates": [
          30.16116,
          49.784188
        ]
      }
    },
    {
      "type": "Feature",
      "properties": {
        "name": "п-кт Незалежності,50 ПГ-50 К-300"
      },
      "geometry": {
        "type": "Point",
        "coordinates": [
          30.154061,
          49.785662
        ]
      }
    },
    {
      "type": "Feature",
      "properties": {
        "name": "п-кт Незалежності,52 ПГ-52 К-300"
      },
      "geometry": {
        "type": "Point",
        "coordinates": [
          30.152247,
          49.78577
        ]
      }
    },
    {
      "type": "Feature",
      "properties": {
        "name": "п-кт Незалежності,52/4 ПГ-52/4К-200"
      },
      "geometry": {
        "type": "Point",
        "coordinates": [
          30.162333,
          49.784377
        ]
      }
    },
    {
      "type": "Feature",
      "properties": {
        "name": "п-кт Незалежності,52/4 ПГ-52/4А К-200"
      },
      "geometry": {
        "type": "Point",
        "coordinates": [
          30.163693,
          49.783838
        ]
      }
    },
    {
      "type": "Feature",
      "properties": {
        "name": "п-кт Незалежності,52/ 4 ПГ-52/4Б К-200"
      },
      "geometry": {
        "type": "Point",
        "coordinates": [
          30.163693,
          49.783838
        ]
      }
    },
    {
      "type": "Feature",
      "properties": {
        "name": "п-кт Незалежності,55 ПГ-55  К-150"
      },
      "geometry": {
        "type": "Point",
        "coordinates": [
          30.165492,
          49.783707
        ]
      }
    },
    {
      "type": "Feature",
      "properties": {
        "name": "п-кт Незалежності,58 ПГ-58 к-150"
      },
      "geometry": {
        "type": "Point",
        "coordinates": [
          30.165492,
          49.783707
        ]
      }
    },
    {
      "type": "Feature",
      "properties": {
        "name": "п-кт Незалежності,73,ПГ-73 К-300"
      },
      "geometry": {
        "type": "Point",
        "coordinates": [
          30.16233,
          49.784948
        ]
      }
    },
    {
      "type": "Feature",
      "properties": {
        "name": "п-кт Незалежності,74 ПГ-74 К-300"
      },
      "geometry": {
        "type": "Point",
        "coordinates": [
          30.165813,
          49.784838
        ]
      }
    },
    {
      "type": "Feature",
      "properties": {
        "name": "п-кт Незалежності,74а ПГ-74 а К-300"
      },
      "geometry": {
        "type": "Point",
        "coordinates": [
          30.169612,
          49.784707
        ]
      }
    },
    {
      "type": "Feature",
      "properties": {
        "name": "п-кт Незалежності,83 ПГ-83К-300"
      },
      "geometry": {
        "type": "Point",
        "coordinates": [
          30.167805,
          49.784738
        ]
      }
    },
    {
      "type": "Feature",
      "properties": {
        "name": "п-кт Незалежності,83а ПГ-83 а К-300"
      },
      "geometry": {
        "type": "Point",
        "coordinates": [
          30.171694,
          49.784589
        ]
      }
    },
    {
      "type": "Feature",
      "properties": {
        "name": "п-кт Незалежності,157 ПГ-157 К-300"
      },
      "geometry": {
        "type": "Point",
        "coordinates": [
          30.18474,
          49.78416
        ]
      }
    },
    {
      "type": "Feature",
      "properties": {
        "name": "п-кт Незалежності,157 а ПГ-157 а К-300"
      },
      "geometry": {
        "type": "Point",
        "coordinates": [
          30.187887,
          49.782714
        ]
      }
    },
    {
      "type": "Feature",
      "properties": {
        "name": "Митрофанова,1 ПГ-1 К-100"
      },
      "geometry": {
        "type": "Point",
        "coordinates": [
          30.16175,
          49.783104
        ]
      }
    },
    {
      "type": "Feature",
      "properties": {
        "name": "Митрофанова,2а ПГ-2а К-100"
      },
      "geometry": {
        "type": "Point",
        "coordinates": [
          30.162284,
          49.783558
        ]
      }
    },
    {
      "type": "Feature",
      "properties": {
        "name": "Митрофанова,9 ПГ-9 К-200"
      },
      "geometry": {
        "type": "Point",
        "coordinates": [
          30.16224,
          49.786171
        ]
      }
    },
    {
      "type": "Feature",
      "properties": {
        "name": "Митрофанова,12 ПГ-12 К-200"
      },
      "geometry": {
        "type": "Point",
        "coordinates": [
          30.162398,
          49.787774
        ]
      }
    },
    {
      "type": "Feature",
      "properties": {
        "name": "Митрофанова,18 ПГ-18 К-200"
      },
      "geometry": {
        "type": "Point",
        "coordinates": [
          30.163335,
          49.78698
        ]
      }
    },
    {
      "type": "Feature",
      "properties": {
        "name": "Молодіжна,20 ПГ-20 Т-200"
      },
      "geometry": {
        "type": "Point",
        "coordinates": [
          30.163694,
          49.788028
        ]
      }
    },
    {
      "type": "Feature",
      "properties": {
        "name": "Молодіжна,6 ПГ-6 К-200"
      },
      "geometry": {
        "type": "Point",
        "coordinates": [
          30.156463,
          49.788916
        ]
      }
    },
    {
      "type": "Feature",
      "properties": {
        "name": "вул. Зенітного полку,12 а ПГ-12 А К-200"
      },
      "geometry": {
        "type": "Point",
        "coordinates": [
          30.142899,
          49.790821
        ]
      }
    },
    {
      "type": "Feature",
      "properties": {
        "name": "вул. Кагарлицька,26 ПГ-26 К-150"
      },
      "geometry": {
        "type": "Point",
        "coordinates": [
          30.17118,
          49.781356
        ]
      }
    },
    {
      "type": "Feature",
      "properties": {
        "name": "вул. Кагарлицька,13 ПГ-13 К 150"
      },
      "geometry": {
        "type": "Point",
        "coordinates": [
          30.171405,
          49.783001
        ]
      }
    },
    {
      "type": "Feature",
      "properties": {
        "name": "вул. Кирила Стиценка ,14 ПГ-14  Т-150"
      },
      "geometry": {
        "type": "Point",
        "coordinates": [
          30.148711,
          49.784368
        ]
      }
    },
    {
      "type": "Feature",
      "properties": {
        "name": "вул. Східна,4 ПГ-4 К-150"
      },
      "geometry": {
        "type": "Point",
        "coordinates": [
          30.166239,
          49.782611
        ]
      }
    },
    {
      "type": "Feature",
      "properties": {
        "name": "вул. Східна,6 ПГ-6 К-150 "
      },
      "geometry": {
        "type": "Point",
        "coordinates": [
          30.167387,
          49.782445
        ]
      }
    },
    {
      "type": "Feature",
      "properties": {
        "name": "вул. Східна,6 ПГ-6а к-150"
      },
      "geometry": {
        "type": "Point",
        "coordinates": [
          30.167376,
          49.78197
        ]
      }
    },
    {
      "type": "Feature",
      "properties": {
        "name": "вул. Східна,18 ПГ-18 К-200 "
      },
      "geometry": {
        "type": "Point",
        "coordinates": [
          30.158931,
          49.782707
        ]
      }
    },
    {
      "type": "Feature",
      "properties": {
        "name": "вул. Східна,20 ПГ-20 К-200"
      },
      "geometry": {
        "type": "Point",
        "coordinates": [
          30.155448,
          49.783836
        ]
      }
    },
    {
      "type": "Feature",
      "properties": {
        "name": "вул. Східна,22а ПГ-22а К-200 "
      },
      "geometry": {
        "type": "Point",
        "coordinates": [
          30.159108,
          49.783385
        ]
      }
    },
    {
      "type": "Feature",
      "properties": {
        "name": "вул. Східна,22 ПГ-=22 К-200"
      },
      "geometry": {
        "type": "Point",
        "coordinates": [
          30.158192,
          49.7837
        ]
      }
    },
    {
      "type": "Feature",
      "properties": {
        "name": "вул. Східна,28 ПГ-28 К-150"
      },
      "geometry": {
        "type": "Point",
        "coordinates": [
          30.153318,
          49.783746
        ]
      }
    },
    {
      "type": "Feature",
      "properties": {
        "name": "вул. Східна,32 ПГ-32 К-200"
      },
      "geometry": {
        "type": "Point",
        "coordinates": [
          30.15048,
          49.783469
        ]
      }
    },
    {
      "type": "Feature",
      "properties": {
        "name": "вул. Храпачанська ,8 ПГ-8 К-100"
      },
      "geometry": {
        "type": "Point",
        "coordinates": [
          30.155899,
          49.804375
        ]
      }
    },
    {
      "type": "Feature",
      "properties": {
        "name": "вул. Мельника,19 ПГ-19 К-200"
      },
      "geometry": {
        "type": "Point",
        "coordinates": [
          30.158723,
          49.80109
        ]
      }
    },
    {
      "type": "Feature",
      "properties": {
        "name": "вул. Западний проїзд. ПГ -1 К-250"
      },
      "geometry": {
        "type": "Point",
        "coordinates": [
          30.179243,
          49.784303
        ]
      }
    },
    {
      "type": "Feature",
      "properties": {
        "name": "вул. Западний проїзд ПГ-2 К-250"
      },
      "geometry": {
        "type": "Point",
        "coordinates": [
          30.179361,
          49.7865
        ]
      }
    },
    {
      "type": "Feature",
      "properties": {
        "name": "вул. Западний проїзд ПГ-3 К-250"
      },
      "geometry": {
        "type": "Point",
        "coordinates": [
          30.17964,
          49.789752
        ]
      }
    },
    {
      "type": "Feature",
      "properties": {
        "name": "вул. Западний проїзд ПГ-4 К-250"
      },
      "geometry": {
        "type": "Point",
        "coordinates": [
          30.179744,
          49.790714
        ]
      }
    },
    {
      "type": "Feature",
      "properties": {
        "name": "вул. Западний проїзд ПГ-5 К-250"
      },
      "geometry": {
        "type": "Point",
        "coordinates": [
          30.179788,
          49.791584
        ]
      }
    },
    {
      "type": "Feature",
      "properties": {
        "name": "вул. Западний проїзд ПГ-6 К-250 "
      },
      "geometry": {
        "type": "Point",
        "coordinates": [
          30.179788,
          49.791584
        ]
      }
    },
    {
      "type": "Feature",
      "properties": {
        "name": "вул. Леоніда Каденюка,25 ПГ-25 К-100"
      },
      "geometry": {
        "type": "Point",
        "coordinates": [
          30.151203,
          49.795628
        ]
      }
    },
    {
      "type": "Feature",
      "properties": {
        "name": "с.Томилівка вул. Центральна 1А.ВВ\nV=25 м Об’єктове,\nТОВ «Земля томилівська»\n"
      },
      "geometry": {
        "type": "Point",
        "coordinates": [
          30.255279,
          49.757428
        ]
      }
    },
    {
      "type": "Feature",
      "properties": {
        "name": "с. Піщана вул. Польова 63А\n\nВВ\nV=25 м3\n\n\nОб’єктове,\nСФГ «Лад»\n\n\n\n"
      },
      "geometry": {
        "type": "Point",
        "coordinates": [
          30.22066,
          49.830141
        ]
      }
    },
    {
      "type": "Feature",
      "properties": {
        "name": "с. Піщана вул. Замкова 1А\n\nВВ\nV=25 м3\n\n\nОб’єктове,\nПП «Вектор 2008»\n\n"
      },
      "geometry": {
        "type": "Point",
        "coordinates": [
          30.2494366,
          49.8344635
        ]
      }
    },
    {
      "type": "Feature",
      "properties": {
        "name": "с. Храпачі вул. Молодіжна б\\н\n\nВВ\nV=25 м3\n\nОб’єктове,\nТОВ АФ «Левада»\n\n"
      },
      "geometry": {
        "type": "Point",
        "coordinates": [
          30.228267,
          49.868755
        ]
      }
    },
    {
      "type": "Feature",
      "properties": {
        "name": "с. Глушки вул Центральна ,39\nВВ\nV=25 м3\n\nОб’єктове,\nТОВ АФ «Глушки»\n\n"
      },
      "geometry": {
        "type": "Point",
        "coordinates": [
          30.212157,
          49.882163
        ]
      }
    },
    {
      "type": "Feature",
      "properties": {
        "name": "с. Скребиші вул.Набережна,3.\nВВ\nV=25 м3\n\nОб’єктове,\nПП ВКО «Еталон»\n\n"
      },
      "geometry": {
        "type": "Point",
        "coordinates": [
          30.268042,
          49.865943
        ]
      }
    },
    {
      "type": "Feature",
      "properties": {
        "name": "Об’єктове,\nТОВ «Острійське»\nВВ\nV=25 м3с.Острійки,вул.\nГероїв України 1А\n."
      },
      "geometry": {
        "type": "Point",
        "coordinates": [
          30.303583,
          49.811673
        ]
      }
    },
    {
      "type": "Feature",
      "properties": {
        "name": "с.Блощенці вул.Білоцерківська,34\n.\nВВ\nV=25 м3\n\nОб’єктове,\nТОВ «Мрія»\n\n\n"
      },
      "geometry": {
        "type": "Point",
        "coordinates": [
          30.325803,
          49.773942
        ]
      }
    },
    {
      "type": "Feature",
      "properties": {
        "name": "с. Чупира вул. Шевченка ,22 в парковій зоні позаду ЗОШ.\nВВ\nV=25 м3\n\nОб’єктове,\nСільська рада\n\n"
      },
      "geometry": {
        "type": "Point",
        "coordinates": [
          30.190833,
          49.580028
        ]
      }
    },
    {
      "type": "Feature",
      "properties": {
        "name": "с. Потіївка вул.Центральна,6А\nВВ\nV=25 м3\n\nМаловільшанська ОТГ\n"
      },
      "geometry": {
        "type": "Point",
        "coordinates": [
          30.226731,
          49.614576
        ]
      }
    },
    {
      "type": "Feature",
      "properties": {
        "name": "с. Потіївка вул.Центральна,8\nПВ\nV=120м3\n\nМаловільшанська ОТГ\n\n"
      },
      "geometry": {
        "type": "Point",
        "coordinates": [
          30.22789,
          49.614372
        ]
      }
    },
    {
      "type": "Feature",
      "properties": {
        "name": "с. Потіївка вул.Зелена,23\nВВ\nV=25 м3\n\n\nМаловільшанська ОТГ\n"
      },
      "geometry": {
        "type": "Point",
        "coordinates": [
          30.232135,
          49.608806
        ]
      }
    },
    {
      "type": "Feature",
      "properties": {
        "name": "с. Потіївка вул. Миру, 19\n\nВВ\nV=25 м3\n\n\nОб’єктове,\nПП Хелсі Фуд\n\n"
      },
      "geometry": {
        "type": "Point",
        "coordinates": [
          30.225022,
          49.622827
        ]
      }
    },
    {
      "type": "Feature",
      "properties": {
        "name": "м.Біла Церква вул. Леваневського(п-кт Незалежност) ,87\n\nПГ\nК-150мм\n\nОб’єктове,\nТОВ «Білоцерківський механічний завод»\n\n"
      },
      "geometry": {
        "type": "Point",
        "coordinates": [
          30.181852,
          49.791979
        ]
      }
    },
    {
      "type": "Feature",
      "properties": {
        "name": "м.Біла Церква вул. Леваневського (п-кт Незалежност),87\n\nПГ-2\nК-150мм\n\nОб’єктове,\nТОВ «Білоцерківський механічний завод»\n\n"
      },
      "geometry": {
        "type": "Point",
        "coordinates": [
          30.181616,
          49.792305
        ]
      }
    },
    {
      "type": "Feature",
      "properties": {
        "name": "м.Біла Церква вул. Леваневського (п-кт Незалежност) ,87\n\nПГ-3\nК-150мм\n\nОб’єктове,\nТОВ «Білоцерківський механічний завод»\n\n"
      },
      "geometry": {
        "type": "Point",
        "coordinates": [
          30.180854,
          49.79231
        ]
      }
    },
    {
      "type": "Feature",
      "properties": {
        "name": "м.Біла Церква вул. Леваневського (п-кт Незалежност) ,87\n\nПГ-4\nК-150мм\n\nОб’єктове,\nТОВ «Білоцерківський механічний завод»\n\n"
      },
      "geometry": {
        "type": "Point",
        "coordinates": [
          30.180522,
          49.792173
        ]
      }
    },
    {
      "type": "Feature",
      "properties": {
        "name": "м.Біла Церква вул. Леваневського(п-кт Незалежност) ,68А\n\nПГ-1\nК-150мм\nОб’єктове,\nТОВ «Астралус»\n\n"
      },
      "geometry": {
        "type": "Point",
        "coordinates": [
          30.169557,
          49.784056
        ]
      }
    },
    {
      "type": "Feature",
      "properties": {
        "name": "м.Біла Церква вул. Леваневського(п-кт Незалежност) ,68А\n\nПГ-2\nК-150мм\nОб’єктове,\nТОВ «Астралус\n"
      },
      "geometry": {
        "type": "Point",
        "coordinates": [
          30.169315,
          49.783585
        ]
      }
    },
    {
      "type": "Feature",
      "properties": {
        "name": "м.Біла Церква вул. Леваневського(п-кт Незалежност) ,68А\n\nПГ-3\nК-150мм\nОб’єктове,\nТОВ «Астралус»\n\n"
      },
      "geometry": {
        "type": "Point",
        "coordinates": [
          30.169382,
          49.783298
        ]
      }
    },
    {
      "type": "Feature",
      "properties": {
        "name": "м.Біла Церква вул. Мельника 18А\n\nПГ-1\nК-150мм\n\nОб’єктове,\nТОВ «Швидун»\n\n"
      },
      "geometry": {
        "type": "Point",
        "coordinates": [
          30.156975,
          49.79899
        ]
      }
    },
    {
      "type": "Feature",
      "properties": {
        "name": "м.Біла Церква вул. Леваневського(п-кт Незалежност) ,66А\n\nПГ\nК-150мм\nОб’єктове,\nТОВ «Планк електротехнік»\n\n"
      },
      "geometry": {
        "type": "Point",
        "coordinates": [
          30.183985,
          49.78236
        ]
      }
    },
    {
      "type": "Feature",
      "properties": {
        "name": "м.Біла Церква вул. Леваневського(п-кт Незалежност) ,66А\n\nПГ\nК-150мм\nОб’єктове,\nТОВ «Планк електротехнік»\n\n"
      },
      "geometry": {
        "type": "Point",
        "coordinates": [
          30.184907,
          49.782319
        ]
      }
    },
    {
      "type": "Feature",
      "properties": {
        "name": "м.Біла Церква вул. Леваневського(п-кт Незалежност) ,66А\n\nПГ\nК-150мм\nОб’єктове,\nТОВ «Планк електротехнік»\n\n"
      },
      "geometry": {
        "type": "Point",
        "coordinates": [
          30.184935,
          49.782129
        ]
      }
    },
    {
      "type": "Feature",
      "properties": {
        "name": "м.Біла Церква вул. Леваневського(п-кт Незалежност) ,66А\n\nПГ\nК-150мм\nОб’єктове,\nТОВ «Планк електротехнік»\n\n"
      },
      "geometry": {
        "type": "Point",
        "coordinates": [
          30.1849167,
          49.781905
        ]
      }
    },
    {
      "type": "Feature",
      "properties": {
        "name": "м.Біла Церква вул. Леваневського(п-кт Незалежност) ,66А\n\nПГ\nК-150мм\nОб’єктове,\nТОВ «Планк електротехнік»\n\n"
      },
      "geometry": {
        "type": "Point",
        "coordinates": [
          30.184339,
          49.781738
        ]
      }
    },
    {
      "type": "Feature",
      "properties": {
        "name": "м.Біла Церква вул. Леваневського(п-кт Незалежност) ,83А\n\nПГ\nК-150мм\nОб’єктове,\nТОВ «Епіцентр К»\n\n"
      },
      "geometry": {
        "type": "Point",
        "coordinates": [
          30.170514,
          49.785141
        ]
      }
    },
    {
      "type": "Feature",
      "properties": {
        "name": "м.Біла Церква вул. Леваневського(п-кт Незалежност) ,83А\n\nПГ\nК-150мм\nОб’єктове,\nТОВ «Епіцентр К»\n\n"
      },
      "geometry": {
        "type": "Point",
        "coordinates": [
          30.1699723,
          49.785143
        ]
      }
    },
    {
      "type": "Feature",
      "properties": {
        "name": "м.Біла Церква вул. Леваневського(п-кт Незалежност) ,83А\n\nПГ\nК-150мм\n\nОб’єктове,\nТОВ «Епіцентр К»\n\n"
      },
      "geometry": {
        "type": "Point",
        "coordinates": [
          30.1717555,
          49.7852533
        ]
      }
    },
    {
      "type": "Feature",
      "properties": {
        "name": "м.Біла Церква вул. Леваневського(п-кт Незалежност) ,83А\n\nПГ\nК-150мм\n\nОб’єктове,\nТОВ «Епіцентр К»"
      },
      "geometry": {
        "type": "Point",
        "coordinates": [
          30.1744699,
          49.7858698
        ]
      }
    },
    {
      "type": "Feature",
      "properties": {
        "name": "м.Біла Церква вул. Леваневського(п-кт Незалежност) ,83А\n\nПГ\nК-150мм\n\nОб’єктове,\nТОВ «Епіцентр К»"
      },
      "geometry": {
        "type": "Point",
        "coordinates": [
          30.1736009,
          49.7851009
        ]
      }
    },
    {
      "type": "Feature",
      "properties": {
        "name": "м.Біла Церква вул. Леваневського(п-кт Незалежност) ,83А\n\nПГ\nК-150мм\n\nОб’єктове,\nТОВ «Епіцентр К»"
      },
      "geometry": {
        "type": "Point",
        "coordinates": [
          30.1708114,
          49.7865418
        ]
      }
    },
    {
      "type": "Feature",
      "properties": {
        "name": "м.Біла Церква вул. Леваневського(п-кт Незалежност) ,83А\n\nПГ\nК-150мм\n\nОб’єктове,\nТОВ «Епіцентр К»"
      },
      "geometry": {
        "type": "Point",
        "coordinates": [
          30.172013,
          49.7865626
        ]
      }
    },
    {
      "type": "Feature",
      "properties": {
        "name": "м.Біла Церква вул. Леваневського(п-кт Незалежност) ,83А\n\nПГ\nК-150мм\n\nОб’єктове,\nТОВ «Епіцентр К»"
      },
      "geometry": {
        "type": "Point",
        "coordinates": [
          30.1733005,
          49.7864033
        ]
      }
    },
    {
      "type": "Feature",
      "properties": {
        "name": "м.Біла Церква вул. Леваневського(п-кт Незалежност) ,150\n\nПГ\nК-150мм\n\nОб’єктове,\nТОВ «Індустріальний парк»\n\n"
      },
      "geometry": {
        "type": "Point",
        "coordinates": [
          30.1924673,
          49.783159
        ]
      }
    },
    {
      "type": "Feature",
      "properties": {
        "name": "м.Біла Церква вул. Леваневського(п-кт Незалежност) ,150\n\nПГ\nК-150мм\n\nОб’єктове,\nТОВ «Індустріальний парк»\n"
      },
      "geometry": {
        "type": "Point",
        "coordinates": [
          30.1923956,
          49.7830077
        ]
      }
    },
    {
      "type": "Feature",
      "properties": {
        "name": "м.Біла Церква вул. Леваневського(п-кт Незалежност) ,83Д\n\nПГ\nК-200мм\n\nОб’єктове,\nТОВ БЗБВ «Моноліт»\n\n"
      },
      "geometry": {
        "type": "Point",
        "coordinates": [
          30.1792043,
          49.79601
        ]
      }
    },
    {
      "type": "Feature",
      "properties": {
        "name": "м.Біла Церква вул. Леваневського(п-кт Незалежност) ,83Д\n\nПГ\nК-200мм\n\nОб’єктове,\nТОВ БЗБВ «Моноліт»\n"
      },
      "geometry": {
        "type": "Point",
        "coordinates": [
          30.1786488,
          49.7960191
        ]
      }
    },
    {
      "type": "Feature",
      "properties": {
        "name": "м.Біла Церква вул. Леваневського(п-кт Незалежност) ,83Д\n\nПГ\nК-200мм\n\nОб’єктове,\nТОВ БЗБВ «Моноліт»\n"
      },
      "geometry": {
        "type": "Point",
        "coordinates": [
          30.1785461,
          49.7957167
        ]
      }
    },
    {
      "type": "Feature",
      "properties": {
        "name": "м.Біла Церква вул. Леваневського(п-кт Незалежност) ,83Д\n\nПГ\nК-200мм\n\nОб’єктове,\nТОВ БЗБВ «Моноліт»\n"
      },
      "geometry": {
        "type": "Point",
        "coordinates": [
          30.1794687,
          49.7954708
        ]
      }
    },
    {
      "type": "Feature",
      "properties": {
        "name": "м.Біла Церква вул. Леваневського(п-кт Незалежност) ,83Д\n\nПГ\nК-200мм\n\nОб’єктове,\nТОВ БЗБВ «Моноліт»\n"
      },
      "geometry": {
        "type": "Point",
        "coordinates": [
          30.1787016,
          49.7953219
        ]
      }
    },
    {
      "type": "Feature",
      "properties": {
        "name": "м.Біла Церква вул. Леваневського(п-кт Незалежност) ,83Д\n\nПГ\nК-200мм\n\nОб’єктове,\nТОВ БЗБВ «Моноліт»\n"
      },
      "geometry": {
        "type": "Point",
        "coordinates": [
          30.178015,
          49.7954085
        ]
      }
    },
    {
      "type": "Feature",
      "properties": {
        "name": "м.Біла Церква вул. Леваневського(п-кт Незалежност) ,83Д\n\nПГ\nК-200мм\n\nОб’єктове,\nТОВ БЗБВ «Моноліт»\n"
      },
      "geometry": {
        "type": "Point",
        "coordinates": [
          30.1793936,
          49.7951661
        ]
      }
    },
    {
      "type": "Feature",
      "properties": {
        "name": "м.Біла Церква вул. Леваневського(п-кт Незалежност) ,53\n\nПГ\nК-300мм\n\nОб’єктове,\nПК «Росава»\n\n"
      },
      "geometry": {
        "type": "Point",
        "coordinates": [
          30.15421394008,
          49.786669
        ]
      }
    },
    {
      "type": "Feature",
      "properties": {
        "name": "м.Біла Церква вул. Леваневського(п-кт Незалежност) ,53\n\nПГ\nК-300мм\n\nОб’єктове,\nПК «Росава»"
      },
      "geometry": {
        "type": "Point",
        "coordinates": [
          30.154293,
          49.7869473
        ]
      }
    },
    {
      "type": "Feature",
      "properties": {
        "name": "м.Біла Церква вул. Леваневського(п-кт Незалежност) ,95\n\nПГ\nК-250мм\n\nОб’єктове,\nТОВ «ТРІБО»\n\n"
      },
      "geometry": {
        "type": "Point",
        "coordinates": [
          30.1892966,
          49.791599
        ]
      }
    },
    {
      "type": "Feature",
      "properties": {
        "name": "м.Біла Церква вул. Леваневського(п-кт Незалежност) ,95\n\nПГ\nК-250мм\n\nОб’єктове,\nТОВ «ТРІБО»\n\n"
      },
      "geometry": {
        "type": "Point",
        "coordinates": [
          30.1902444,
          49.7915982
        ]
      }
    },
    {
      "type": "Feature",
      "properties": {
        "name": "м.Біла Церква вул. Леваневського(п-кт Незалежност) ,95\n\nПГ\nК-250мм\n\nОб’єктове,\nТОВ «ТРІБО»\n\n"
      },
      "geometry": {
        "type": "Point",
        "coordinates": [
          30.1908221,
          49.7916107
        ]
      }
    },
    {
      "type": "Feature",
      "properties": {
        "name": "м.Біла Церква вул. Леваневського(п-кт Незалежност) ,95\n\nПГ\nК-250мм\n\nОб’єктове,\nТОВ «ТРІБО»\n\n"
      },
      "geometry": {
        "type": "Point",
        "coordinates": [
          30.1912781,
          49.791583
        ]
      }
    },
    {
      "type": "Feature",
      "properties": {
        "name": "м.Біла Церква вул. Леваневського(п-кт Незалежност) ,95\n\nПГ\nК-250мм\n\nОб’єктове,\nТОВ «ТРІБО»\n\n"
      },
      "geometry": {
        "type": "Point",
        "coordinates": [
          30.1918843,
          49.7915587
        ]
      }
    },
    {
      "type": "Feature",
      "properties": {
        "name": "м.Біла Церква вул. Леваневського(п-кт Незалежност) ,95\n\nПГ\nК-250мм\n\nОб’єктове,\nТОВ «ТРІБО»\n\n"
      },
      "geometry": {
        "type": "Point",
        "coordinates": [
          30.1923242,
          49.7915622
        ]
      }
    },
    {
      "type": "Feature",
      "properties": {
        "name": "м.Біла Церква вул. Леваневського(п-кт Незалежност) ,95\n\nПГ\nК-250мм\n\nОб’єктове,\nТОВ «ТРІБО»\n\n"
      },
      "geometry": {
        "type": "Point",
        "coordinates": [
          30.1929196,
          49.791583
        ]
      }
    },
    {
      "type": "Feature",
      "properties": {
        "name": "м.Біла Церква вул. Леваневського(п-кт Незалежност) ,95\n\nПГ\nК-250мм\n\nОб’єктове,\nТОВ «ТРІБО»\n\n"
      },
      "geometry": {
        "type": "Point",
        "coordinates": [
          30.1932334,
          49.7919345
        ]
      }
    },
    {
      "type": "Feature",
      "properties": {
        "name": "м.Біла Церква вул. Леваневського(п-кт Незалежност) ,95\n\nПГ\nК-250мм\n\nОб’єктове,\nТОВ «ТРІБО»\n\n"
      },
      "geometry": {
        "type": "Point",
        "coordinates": [
          30.1933193,
          49.7932851
        ]
      }
    },
    {
      "type": "Feature",
      "properties": {
        "name": "м.Біла Церква вул. Леваневського(п-кт Незалежност) ,95\n\nПГ\nК-250мм\n\nОб’єктове,\nТОВ «ТРІБО»\n\n"
      },
      "geometry": {
        "type": "Point",
        "coordinates": [
          30.192182,
          49.7936591
        ]
      }
    },
    {
      "type": "Feature",
      "properties": {
        "name": "м.Біла Церква вул. Леваневського(п-кт Незалежност) ,95\n\nПГ\nК-250мм\n\nОб’єктове,\nТОВ «ТРІБО»\n\n"
      },
      "geometry": {
        "type": "Point",
        "coordinates": [
          30.1906693,
          49.7937076
        ]
      }
    },
    {
      "type": "Feature",
      "properties": {
        "name": "м.Біла Церква вул. Леваневського(п-кт Незалежност) ,95\n\nПГ\nК-250мм\n\nОб’єктове,\nТОВ «ТРІБО»\n\n"
      },
      "geometry": {
        "type": "Point",
        "coordinates": [
          30.1899397,
          49.7936453
        ]
      }
    },
    {
      "type": "Feature",
      "properties": {
        "name": "м.Біла Церква вул. Грибоєдова,10а\n\nПГ\nК-150мм\n\nОб’єктове,\nТОВ «Травень 21»\n\n"
      },
      "geometry": {
        "type": "Point",
        "coordinates": [
          30.14908041,
          49.794956
        ]
      }
    },
    {
      "type": "Feature",
      "properties": {
        "name": "м.Біла Церква вул. Грибоєдова,10а\n\nПГ\nК-150мм\n\nОб’єктове,\nТОВ «Травень 21»"
      },
      "geometry": {
        "type": "Point",
        "coordinates": [
          30.1498099,
          49.7949639
        ]
      }
    },
    {
      "type": "Feature",
      "properties": {
        "name": "м.Біла Церква вул. Леваневського(п-кт Незалежност) ,135\n\nПГ\nК-150мм\n\nОб’єктове,\nКП БМР «Тролейбусне управління»\n\n"
      },
      "geometry": {
        "type": "Point",
        "coordinates": [
          30.167,
          49.786197
        ]
      }
    },
    {
      "type": "Feature",
      "properties": {
        "name": "м.Біла Церква вул. Леваневського(п-кт Незалежност) ,135\n\nПГ\nК-150мм\n\nОб’єктове,\nКП БМР «Тролейбусне управління»"
      },
      "geometry": {
        "type": "Point",
        "coordinates": [
          30.1679951,
          49.7865265
        ]
      }
    },
    {
      "type": "Feature",
      "properties": {
        "name": "м.Біла Церква вул. Леваневського(п-кт Незалежност) ,135\n\nПГ\nК-150мм\n\nОб’єктове,\nКП БМР «Тролейбусне управління»"
      },
      "geometry": {
        "type": "Point",
        "coordinates": [
          30.1665226,
          49.7865681
        ]
      }
    },
    {
      "type": "Feature",
      "properties": {
        "name": "м.Біла Церква вул. Леваневського(п-кт Незалежност) ,135\n\nПГ\nК-150мм\n\nОб’єктове,\nКП БМР «Тролейбусне управління»"
      },
      "geometry": {
        "type": "Point",
        "coordinates": [
          30.1671636,
          49.7867638
        ]
      }
    },
    {
      "type": "Feature",
      "properties": {
        "name": "м.Біла Церква вул. Узинська,5В\n\nПГ\nТ-150мм\n\nОб’єктове,\nСП «Міжрайбаза»\n"
      },
      "geometry": {
        "type": "Point",
        "coordinates": [
          30.1774593,
          49.7813899
        ]
      }
    },
    {
      "type": "Feature",
      "properties": {
        "name": "м.Біла Церква вул. Узинська,5В\n\nПГ\nТ-150мм\n+\nсправний\nОб’єктове,\nСП «Міжрайбаза»\n"
      },
      "geometry": {
        "type": "Point",
        "coordinates": [
          30.1754852,
          49.7825399
        ]
      }
    },
    {
      "type": "Feature",
      "properties": {
        "name": "м.Біла Церква вул. Узинська,5В\n\nПГ\nТ-150мм\n\nОб’єктове,\nСП «Міжрайбаза»"
      },
      "geometry": {
        "type": "Point",
        "coordinates": [
          30.1770462,
          49.7827443
        ]
      }
    },
    {
      "type": "Feature",
      "properties": {
        "name": "м.Біла Церква вул. Узинська,5В\n\nПГ\nТ-150мм\n\nОб’єктове,\nСП «Міжрайбаза»"
      },
      "geometry": {
        "type": "Point",
        "coordinates": [
          30.1759358,
          49.7828239
        ]
      }
    },
    {
      "type": "Feature",
      "properties": {
        "name": "м.Біла Церква вул. Узинська,5В\n\nПГ\nТ-150мм\n\nОб’єктове,\nСП «Міжрайбаза»"
      },
      "geometry": {
        "type": "Point",
        "coordinates": [
          30.1779206,
          49.7826646
        ]
      }
    },
    {
      "type": "Feature",
      "properties": {
        "name": "м.Біла Церква вул. Узинська,5В\n\nПГ\nТ-150мм\n\nОб’єктове,\nСП «Міжрайбаза»"
      },
      "geometry": {
        "type": "Point",
        "coordinates": [
          30.1783015,
          49.7823979
        ]
      }
    },
    {
      "type": "Feature",
      "properties": {
        "name": "м.Біла Церква вул. І.Кожедуба,246\n\nПГ\nТ-150мм\n\nОб’єктове,\nТОВ «Дайніком груп»\n"
      },
      "geometry": {
        "type": "Point",
        "coordinates": [
          30.1688373,
          49.8009134
        ]
      }
    },
    {
      "type": "Feature",
      "properties": {
        "name": "м.Біла Церква вул. І.Кожедуба,361\n\nПГ\nК-200мм\n\nОб’єктове,\nБЦ«ТЕЦ»\n"
      },
      "geometry": {
        "type": "Point",
        "coordinates": [
          30.1825934,
          49.7971879
        ]
      }
    },
    {
      "type": "Feature",
      "properties": {
        "name": "м.Біла Церква вул. І.Кожедуба,361\n\nПГ\nК-200мм\n\nОб’єктове,\nБЦ«ТЕЦ»"
      },
      "geometry": {
        "type": "Point",
        "coordinates": [
          30.1832479,
          49.7972918
        ]
      }
    },
    {
      "type": "Feature",
      "properties": {
        "name": "м.Біла Церква вул. І.Кожедуба,361\n\nПГ\nК-200мм\n\nОб’єктове,\nБЦ«ТЕЦ»"
      },
      "geometry": {
        "type": "Point",
        "coordinates": [
          30.1840633,
          49.7978458
        ]
      }
    },
    {
      "type": "Feature",
      "properties": {
        "name": "м.Біла Церква вул. І.Кожедуба,361\n\nПГ\nК-200мм\n\nОб’єктове,\nБЦ«ТЕЦ»"
      },
      "geometry": {
        "type": "Point",
        "coordinates": [
          30.1839882,
          49.7975342
        ]
      }
    },
    {
      "type": "Feature",
      "properties": {
        "name": "м.Біла Церква вул. І.Кожедуба,361\n\nПГ\nК-200мм\n\nОб’єктове,\nБЦ«ТЕЦ»"
      },
      "geometry": {
        "type": "Point",
        "coordinates": [
          30.1840525,
          49.7971533
        ]
      }
    },
    {
      "type": "Feature",
      "properties": {
        "name": "м.Біла Церква вул. І.Кожедуба,361\n\nПГ\nК-200мм\n\nОб’єктове,\nБЦ«ТЕЦ»"
      },
      "geometry": {
        "type": "Point",
        "coordinates": [
          30.1840525,
          49.7968693
        ]
      }
    },
    {
      "type": "Feature",
      "properties": {
        "name": "м.Біла Церква вул. І.Кожедуба,361\n\nПГ\nК-200мм\n\nОб’єктове,\nБЦ«ТЕЦ»"
      },
      "geometry": {
        "type": "Point",
        "coordinates": [
          30.1847606,
          49.7979635
        ]
      }
    },
    {
      "type": "Feature",
      "properties": {
        "name": "м.Біла Церква вул. І.Кожедуба,361\n\nПГ\nК-200мм\n\nОб’єктове,\nБЦ«ТЕЦ»"
      },
      "geometry": {
        "type": "Point",
        "coordinates": [
          30.1852971,
          49.797922
        ]
      }
    },
    {
      "type": "Feature",
      "properties": {
        "name": "м.Біла Церква вул. І.Кожедуба,361\n\nПГ\nК-200мм\n\nОб’єктове,\nБЦ«ТЕЦ»"
      },
      "geometry": {
        "type": "Point",
        "coordinates": [
          30.1840525,
          49.7986007
        ]
      }
    },
    {
      "type": "Feature",
      "properties": {
        "name": "м.Біла Церква вул. І.Кожедуба,361\n\nПГ\nК-200мм\n\nОб’єктове,\nБЦ«ТЕЦ»"
      },
      "geometry": {
        "type": "Point",
        "coordinates": [
          30.1841384,
          49.7990993
        ]
      }
    },
    {
      "type": "Feature",
      "properties": {
        "name": "м.Біла Церква вул. І.Кожедуба,361\n\nПГ\nК-200мм\n\nОб’єктове,\nБЦ«ТЕЦ»"
      },
      "geometry": {
        "type": "Point",
        "coordinates": [
          30.1848787,
          49.7991339
        ]
      }
    },
    {
      "type": "Feature",
      "properties": {
        "name": "м.Біла Церква вул. І.Кожедуба,361\n\nПГ\nК-200мм\n\nОб’єктове,\nБЦ«ТЕЦ»"
      },
      "geometry": {
        "type": "Point",
        "coordinates": [
          30.1857155,
          49.799127
        ]
      }
    },
    {
      "type": "Feature",
      "properties": {
        "name": "м.Біла Церква вул. І.Кожедуба,361\n\nПГ\nК-200мм\n\nОб’єктове,\nБЦ«ТЕЦ»"
      },
      "geometry": {
        "type": "Point",
        "coordinates": [
          30.1867026,
          49.7989331
        ]
      }
    },
    {
      "type": "Feature",
      "properties": {
        "name": "м.Біла Церква вул. І.Кожедуба,361\n\nПГ\nК-200мм\n\nОб’єктове,\nБЦ«ТЕЦ»"
      },
      "geometry": {
        "type": "Point",
        "coordinates": [
          30.1866811,
          49.7985383
        ]
      }
    },
    {
      "type": "Feature",
      "properties": {
        "name": "м.Біла Церква вул. І.Кожедуба,361\n\nПГ\nК-200мм\n\nОб’єктове,\nБЦ«ТЕЦ»"
      },
      "geometry": {
        "type": "Point",
        "coordinates": [
          30.1875716,
          49.7977142
        ]
      }
    },
    {
      "type": "Feature",
      "properties": {
        "name": "м.Біла Церква вул. І.Кожедуба,361\n\nПГ\nК-200мм\n\nОб’єктове,\nБЦ«ТЕЦ»"
      },
      "geometry": {
        "type": "Point",
        "coordinates": [
          30.1883977,
          49.7977004
        ]
      }
    },
    {
      "type": "Feature",
      "properties": {
        "name": "м.Біла Церква вул. І.Кожедуба,361\n\nПГ\nК-200мм\n\nОб’єктове,\nБЦ«ТЕЦ»"
      },
      "geometry": {
        "type": "Point",
        "coordinates": [
          30.1889449,
          49.7983721
        ]
      }
    },
    {
      "type": "Feature",
      "properties": {
        "name": "м.Біла Церква вул. І.Кожедуба,361\n\nПГ\nК-200мм\n\nОб’єктове,\nБЦ«ТЕЦ»"
      },
      "geometry": {
        "type": "Point",
        "coordinates": [
          30.1896637,
          49.7984137
        ]
      }
    },
    {
      "type": "Feature",
      "properties": {
        "name": "м.Біла Церква вул. І.Кожедуба,361\n\nПГ\nК-200мм\n\nОб’єктове,\nБЦ«ТЕЦ»"
      },
      "geometry": {
        "type": "Point",
        "coordinates": [
          30.1904791,
          49.799307
        ]
      }
    },
    {
      "type": "Feature",
      "properties": {
        "name": "м.Біла Церква вул. І.Кожедуба,361\n\nПГ\nК-200мм\n\nОб’єктове,\nБЦ«ТЕЦ»"
      },
      "geometry": {
        "type": "Point",
        "coordinates": [
          30.1882368,
          49.7994455
        ]
      }
    },
    {
      "type": "Feature",
      "properties": {
        "name": "м.Біла Церква вул. І.Кожедуба,361\n\nПГ\nК-200мм\n\nОб’єктове,\nБЦ«ТЕЦ»"
      },
      "geometry": {
        "type": "Point",
        "coordinates": [
          30.1900392,
          49.797825
        ]
      }
    },
    {
      "type": "Feature",
      "properties": {
        "name": "м.Біла Церква вул. І.Кожедуба,361\n\nПГ\nК-200мм\n\nОб’єктове,\nБЦ«ТЕЦ»"
      },
      "geometry": {
        "type": "Point",
        "coordinates": [
          30.190007,
          49.7973749
        ]
      }
    },
    {
      "type": "Feature",
      "properties": {
        "name": "м.Біла Церква вул. І.Кожедуба,361\n\nПГ\nК-200мм\n\nОб’єктове,\nБЦ«ТЕЦ»"
      },
      "geometry": {
        "type": "Point",
        "coordinates": [
          30.1865845,
          49.7978666
        ]
      }
    },
    {
      "type": "Feature",
      "properties": {
        "name": "м.Біла Церква вул. І.Кожедуба,361\n\nПГ\nК-200мм\n\nОб’єктове,\nБЦ«ТЕЦ»"
      },
      "geometry": {
        "type": "Point",
        "coordinates": [
          30.1865094,
          49.7971256
        ]
      }
    },
    {
      "type": "Feature",
      "properties": {
        "name": "м.Біла Церква вул. І.Кожедуба,361\n\nПГ\nК-200мм\n\nОб’єктове,\nБЦ«ТЕЦ»"
      },
      "geometry": {
        "type": "Point",
        "coordinates": [
          30.1863914,
          49.7966408
        ]
      }
    },
    {
      "type": "Feature",
      "properties": {
        "name": "м.Біла Церква вул. І.Кожедуба,361\n\nПГ\nК-200мм\n\nОб’єктове,\nБЦ«ТЕЦ»"
      },
      "geometry": {
        "type": "Point",
        "coordinates": [
          30.1853185,
          49.7971948
        ]
      }
    },
    {
      "type": "Feature",
      "properties": {
        "name": "м.Біла Церква п-кт Незалежності ,95\n\nПГ\nК-200мм\n\nОб’єктове,\nПРАТ «Росава»\n"
      },
      "geometry": {
        "type": "Point",
        "coordinates": [
          30.1769731,
          49.7942898
        ]
      }
    },
    {
      "type": "Feature",
      "properties": {
        "name": "м.Біла Церква п-кт Незалежності ,95\n\nПГ\nК-200мм\n\nОб’єктове,\nПРАТ «Росава»"
      },
      "geometry": {
        "type": "Point",
        "coordinates": [
          30.1774452,
          49.7938258
        ]
      }
    },
    {
      "type": "Feature",
      "properties": {
        "name": "м.Біла Церква п-кт Незалежності ,95\n\nПГ\nК-200мм\n\nОб’єктове,\nПРАТ «Росава»"
      },
      "geometry": {
        "type": "Point",
        "coordinates": [
          30.1766191,
          49.7932786
        ]
      }
    },
    {
      "type": "Feature",
      "properties": {
        "name": "м.Біла Церква п-кт Незалежності ,95\n\nПГ\nК-200мм\n\nОб’єктове,\nПРАТ «Росава»"
      },
      "geometry": {
        "type": "Point",
        "coordinates": [
          30.1763187,
          49.7929185
        ]
      }
    },
    {
      "type": "Feature",
      "properties": {
        "name": "м.Біла Церква п-кт Незалежності ,95\n\nПГ\nК-200мм\n\nОб’єктове,\nПРАТ «Росава»"
      },
      "geometry": {
        "type": "Point",
        "coordinates": [
          30.1750956,
          49.7929462
        ]
      }
    },
    {
      "type": "Feature",
      "properties": {
        "name": "м.Біла Церква п-кт Незалежності ,95\n\nПГ\nК-200мм\n\nОб’єктове,\nПРАТ «Росава»"
      },
      "geometry": {
        "type": "Point",
        "coordinates": [
          30.1739905,
          49.7930154
        ]
      }
    },
    {
      "type": "Feature",
      "properties": {
        "name": "м.Біла Церква п-кт Незалежності ,95\n\nПГ\nК-200мм\n\nОб’єктове,\nПРАТ «Росава»"
      },
      "geometry": {
        "type": "Point",
        "coordinates": [
          30.1733897,
          49.7930708
        ]
      }
    },
    {
      "type": "Feature",
      "properties": {
        "name": "м.Біла Церква п-кт Незалежності ,95\n\nПГ\nК-200мм\n\nОб’єктове,\nПРАТ «Росава»"
      },
      "geometry": {
        "type": "Point",
        "coordinates": [
          30.171834,
          49.793154
        ]
      }
    },
    {
      "type": "Feature",
      "properties": {
        "name": "м.Біла Церква п-кт Незалежності ,95\n\nПГ\nК-200мм\n\nОб’єктове,\nПРАТ «Росава»"
      },
      "geometry": {
        "type": "Point",
        "coordinates": [
          30.1708362,
          49.7925791
        ]
      }
    },
    {
      "type": "Feature",
      "properties": {
        "name": "м.Біла Церква п-кт Незалежності ,95\n\nПГ\nК-200мм\n\nОб’єктове,\nПРАТ «Росава»"
      },
      "geometry": {
        "type": "Point",
        "coordinates": [
          30.170847,
          49.7920943
        ]
      }
    },
    {
      "type": "Feature",
      "properties": {
        "name": "м.Біла Церква п-кт Незалежності ,95\n\nПГ\nК-200мм\n\nОб’єктове,\nПРАТ «Росава»"
      },
      "geometry": {
        "type": "Point",
        "coordinates": [
          30.1708853,
          49.7916006
        ]
      }
    },
    {
      "type": "Feature",
      "properties": {
        "name": "м.Біла Церква п-кт Незалежності ,95\n\nПГ\nК-200мм\n\nОб’єктове,\nПРАТ «Росава»"
      },
      "geometry": {
        "type": "Point",
        "coordinates": [
          30.1726019,
          49.7915452
        ]
      }
    },
    {
      "type": "Feature",
      "properties": {
        "name": "м.Біла Церква п-кт Незалежності ,95\n\nПГ\nК-200мм\n\nОб’єктове,\nПРАТ «Росава»"
      },
      "geometry": {
        "type": "Point",
        "coordinates": [
          30.1737714,
          49.7915936
        ]
      }
    },
    {
      "type": "Feature",
      "properties": {
        "name": "м.Біла Церква п-кт Незалежності ,95\n\nПГ\nК-200мм\n\nОб’єктове,\nПРАТ «Росава»"
      },
      "geometry": {
        "type": "Point",
        "coordinates": [
          30.1751983,
          49.7915175
        ]
      }
    },
    {
      "type": "Feature",
      "properties": {
        "name": "м.Біла Церква п-кт Незалежності ,95\n\nПГ\nК-200мм\n\nОб’єктове,\nПРАТ «Росава»"
      },
      "geometry": {
        "type": "Point",
        "coordinates": [
          30.1763785,
          49.7914413
        ]
      }
    },
    {
      "type": "Feature",
      "properties": {
        "name": "м.Біла Церква п-кт Незалежності ,95\n\nПГ\nК-200мм\n\nОб’єктове,\nПРАТ «Росава»"
      },
      "geometry": {
        "type": "Point",
        "coordinates": [
          30.1772904,
          49.7914413
        ]
      }
    },
    {
      "type": "Feature",
      "properties": {
        "name": "м.Біла Церква п-кт Незалежності ,95\n\nПГ\nК-200мм\n\nОб’єктове,\nПРАТ «Росава»"
      },
      "geometry": {
        "type": "Point",
        "coordinates": [
          30.1783955,
          49.7914136
        ]
      }
    },
    {
      "type": "Feature",
      "properties": {
        "name": "м.Біла Церква п-кт Незалежності ,95\n\nПГ\nК-200мм\n\nОб’єктове,\nПРАТ «Росава»"
      },
      "geometry": {
        "type": "Point",
        "coordinates": [
          30.1764195,
          49.7906358
        ]
      }
    },
    {
      "type": "Feature",
      "properties": {
        "name": "м.Біла Церква п-кт Незалежності ,95\n\nПГ\nК-200мм\n\nОб’єктове,\nПРАТ «Росава»"
      },
      "geometry": {
        "type": "Point",
        "coordinates": [
          30.1762693,
          49.7898531
        ]
      }
    },
    {
      "type": "Feature",
      "properties": {
        "name": "м.Біла Церква п-кт Незалежності ,95\n\nПГ\nК-200мм\n\nОб’єктове,\nПРАТ «Росава»"
      },
      "geometry": {
        "type": "Point",
        "coordinates": [
          30.1762156,
          49.7893613
        ]
      }
    },
    {
      "type": "Feature",
      "properties": {
        "name": "м.Біла Церква п-кт Незалежності ,95\n\nПГ\nК-200мм\n\nОб’єктове,\nПРАТ «Росава»"
      },
      "geometry": {
        "type": "Point",
        "coordinates": [
          30.1760075,
          49.7881336
        ]
      }
    },
    {
      "type": "Feature",
      "properties": {
        "name": "м.Біла Церква п-кт Незалежності ,95\n\nПГ\nК-200мм\n\nОб’єктове,\nПРАТ «Росава»"
      },
      "geometry": {
        "type": "Point",
        "coordinates": [
          30.1760934,
          49.7875794
        ]
      }
    },
    {
      "type": "Feature",
      "properties": {
        "name": "м.Біла Церква п-кт Незалежності ,95\n\nПГ\nК-200мм\n\nОб’єктове,\nПРАТ «Росава»"
      },
      "geometry": {
        "type": "Point",
        "coordinates": [
          30.1759968,
          49.7870461
        ]
      }
    },
    {
      "type": "Feature",
      "properties": {
        "name": "м.Біла Церква п-кт Незалежності ,95\n\nПГ\nК-200мм\n\nОб’єктове,\nПРАТ «Росава»"
      },
      "geometry": {
        "type": "Point",
        "coordinates": [
          30.1758627,
          49.7865577
        ]
      }
    },
    {
      "type": "Feature",
      "properties": {
        "name": "м.Біла Церква п-кт Незалежності ,95\n\nПГ\nК-200мм\n\nОб’єктове,\nПРАТ «Росава»"
      },
      "geometry": {
        "type": "Point",
        "coordinates": [
          30.1746074,
          49.7865716
        ]
      }
    },
    {
      "type": "Feature",
      "properties": {
        "name": "м.Біла Церква п-кт Незалежності ,95\n\nПГ\nК-200мм\n\nОб’єктове,\nПРАТ «Росава»"
      },
      "geometry": {
        "type": "Point",
        "coordinates": [
          30.1734648,
          49.7866027
        ]
      }
    },
    {
      "type": "Feature",
      "properties": {
        "name": "м.Біла Церква п-кт Незалежності ,95\n\nПГ\nК-200мм\n\nОб’єктове,\nПРАТ «Росава»"
      },
      "geometry": {
        "type": "Point",
        "coordinates": [
          30.1723865,
          49.7866686
        ]
      }
    },
    {
      "type": "Feature",
      "properties": {
        "name": "м.Біла Церква п-кт Незалежності ,95\n\nПГ\nК-200мм\n\nОб’єктове,\nПРАТ «Росава»"
      },
      "geometry": {
        "type": "Point",
        "coordinates": [
          30.171539,
          49.786672
        ]
      }
    },
    {
      "type": "Feature",
      "properties": {
        "name": "м.Біла Церква п-кт Незалежності ,95\n\nПГ\nК-200мм\n\nОб’єктове,\nПРАТ «Росава»"
      },
      "geometry": {
        "type": "Point",
        "coordinates": [
          30.1708935,
          49.7907773
        ]
      }
    },
    {
      "type": "Feature",
      "properties": {
        "name": "м.Біла Церква п-кт Незалежності ,95\n\nПГ\nК-200мм\n\nОб’єктове,\nПРАТ «Росава»"
      },
      "geometry": {
        "type": "Point",
        "coordinates": [
          30.1707755,
          49.7897037
        ]
      }
    },
    {
      "type": "Feature",
      "properties": {
        "name": "м.Біла Церква п-кт Незалежності ,95\n\nПГ\nК-200мм\n\nОб’єктове,\nПРАТ «Росава»"
      },
      "geometry": {
        "type": "Point",
        "coordinates": [
          30.170754,
          49.7888656
        ]
      }
    },
    {
      "type": "Feature",
      "properties": {
        "name": "м.Біла Церква п-кт Незалежності ,95\n\nПГ\nК-200мм\n\nОб’єктове,\nПРАТ «Росава»"
      },
      "geometry": {
        "type": "Point",
        "coordinates": [
          30.1707755,
          49.787882
        ]
      }
    },
    {
      "type": "Feature",
      "properties": {
        "name": "м.Біла Церква вул.п-кт Незалежності,91\nПГ\nК-250мм\nОб’єктове,\nТОВ «Росава таэрс»\n"
      },
      "geometry": {
        "type": "Point",
        "coordinates": [
          30.1962968,
          49.7846998
        ]
      }
    },
    {
      "type": "Feature",
      "properties": {
        "name": "м.Біла Церква вул.п-кт Незалежності,91\nПГ\nК-250мм\nОб’єктове,\nТОВ «Росава таэрс»"
      },
      "geometry": {
        "type": "Point",
        "coordinates": [
          30.1944943,
          49.7848384
        ]
      }
    },
    {
      "type": "Feature",
      "properties": {
        "name": "м.Біла Церква вул.п-кт Незалежності,91\nПГ\nК-250мм\nОб’єктове,\nТОВ «Росава таэрс»"
      },
      "geometry": {
        "type": "Point",
        "coordinates": [
          30.1928635,
          49.7848384
        ]
      }
    },
    {
      "type": "Feature",
      "properties": {
        "name": "м.Біла Церква вул.п-кт Незалежності,91\nПГ\nК-250мм\nОб’єктове,\nТОВ «Росава таэрс»"
      },
      "geometry": {
        "type": "Point",
        "coordinates": [
          30.1905032,
          49.7849284
        ]
      }
    },
    {
      "type": "Feature",
      "properties": {
        "name": "м.Біла Церква вул.п-кт Незалежності,91\nПГ\nК-250мм\nОб’єктове,\nТОВ «Росава таэрс»"
      },
      "geometry": {
        "type": "Point",
        "coordinates": [
          30.1968761,
          49.7850739
        ]
      }
    },
    {
      "type": "Feature",
      "properties": {
        "name": "м.Біла Церква вул.п-кт Незалежності,91\nПГ\nК-250мм\nОб’єктове,\nТОВ «Росава таэрс»"
      },
      "geometry": {
        "type": "Point",
        "coordinates": [
          30.1971014,
          49.7845959
        ]
      }
    },
    {
      "type": "Feature",
      "properties": {
        "name": "м.Біла Церква вул.п-кт Незалежності,91\nПГ\nК-250мм\nОб’єктове,\nТОВ «Росава таэрс»"
      },
      "geometry": {
        "type": "Point",
        "coordinates": [
          30.1980241,
          49.7845959
        ]
      }
    },
    {
      "type": "Feature",
      "properties": {
        "name": "м.Біла Церква вул.п-кт Незалежності,91\nПГ\nК-250мм\nОб’єктове,\nТОВ «Росава таэрс»"
      },
      "geometry": {
        "type": "Point",
        "coordinates": [
          30.1960178,
          49.7852125
        ]
      }
    },
    {
      "type": "Feature",
      "properties": {
        "name": "м.Біла Церква вул.п-кт Незалежності,91\nПГ\nК-250мм\nОб’єктове,\nТОВ «Росава таэрс»"
      },
      "geometry": {
        "type": "Point",
        "coordinates": [
          30.1949556,
          49.7852748
        ]
      }
    },
    {
      "type": "Feature",
      "properties": {
        "name": "м.Біла Церква вул.п-кт Незалежності,91\nПГ\nК-250мм\nОб’єктове,\nТОВ «Росава таэрс»"
      },
      "geometry": {
        "type": "Point",
        "coordinates": [
          30.1935716,
          49.7853579
        ]
      }
    },
    {
      "type": "Feature",
      "properties": {
        "name": "м.Біла Церква вул.п-кт Незалежності,91\nПГ\nК-250мм\nОб’єктове,\nТОВ «Росава таэрс»"
      },
      "geometry": {
        "type": "Point",
        "coordinates": [
          30.1916619,
          49.7854203
        ]
      }
    },
    {
      "type": "Feature",
      "properties": {
        "name": "м.Біла Церква вул.п-кт Незалежності,91\nПГ\nК-250мм\nОб’єктове,\nТОВ «Росава таэрс»"
      },
      "geometry": {
        "type": "Point",
        "coordinates": [
          30.1897951,
          49.7854965
        ]
      }
    },
    {
      "type": "Feature",
      "properties": {
        "name": "м.Біла Церква вул.п-кт Незалежності,91\nПГ\nК-250мм\nОб’єктове,\nТОВ «Росава таэрс»"
      },
      "geometry": {
        "type": "Point",
        "coordinates": [
          30.1884647,
          49.7856281
        ]
      }
    },
    {
      "type": "Feature",
      "properties": {
        "name": "м.Біла Церква вул.п-кт Незалежності,91\nПГ\nК-250мм\nОб’єктове,\nТОВ «Росава таэрс»"
      },
      "geometry": {
        "type": "Point",
        "coordinates": [
          30.1885076,
          49.7865355
        ]
      }
    },
    {
      "type": "Feature",
      "properties": {
        "name": "м.Біла Церква вул.п-кт Незалежності,91\nПГ\nК-250мм\nОб’єктове,\nТОВ «Росава таэрс»"
      },
      "geometry": {
        "type": "Point",
        "coordinates": [
          30.1885827,
          49.7873737
        ]
      }
    },
    {
      "type": "Feature",
      "properties": {
        "name": "м.Біла Церква вул.п-кт Незалежності,91\nПГ\nК-250мм\nОб’єктове,\nТОВ «Росава таэрс»"
      },
      "geometry": {
        "type": "Point",
        "coordinates": [
          30.189087,
          49.7888145
        ]
      }
    },
    {
      "type": "Feature",
      "properties": {
        "name": "м.Біла Церква вул.п-кт Незалежності,91\nПГ\nК-250мм\nОб’єктове,\nТОВ «Росава таэрс»"
      },
      "geometry": {
        "type": "Point",
        "coordinates": [
          30.1890923,
          49.7898292
        ]
      }
    },
    {
      "type": "Feature",
      "properties": {
        "name": "м.Біла Церква вул.п-кт Незалежності,91\nПГ\nК-250мм\nОб’єктове,\nТОВ «Росава таэрс»"
      },
      "geometry": {
        "type": "Point",
        "coordinates": [
          30.1891943,
          49.7909617
        ]
      }
    },
    {
      "type": "Feature",
      "properties": {
        "name": "м.Біла Церква вул.п-кт Незалежності,91\nПГ\nК-250мм\nОб’єктове,\nТОВ «Росава таэрс»"
      },
      "geometry": {
        "type": "Point",
        "coordinates": [
          30.1898377,
          49.7887657
        ]
      }
    },
    {
      "type": "Feature",
      "properties": {
        "name": "м.Біла Церква вул.п-кт Незалежності,91\nПГ\nК-250мм\nОб’єктове,\nТОВ «Росава таэрс»"
      },
      "geometry": {
        "type": "Point",
        "coordinates": [
          30.1910286,
          49.7887796
        ]
      }
    },
    {
      "type": "Feature",
      "properties": {
        "name": "м.Біла Церква вул.п-кт Незалежності,91\nПГ\nК-250мм\nОб’єктове,\nТОВ «Росава таэрс»"
      },
      "geometry": {
        "type": "Point",
        "coordinates": [
          30.1921015,
          49.788745
        ]
      }
    },
    {
      "type": "Feature",
      "properties": {
        "name": "м.Біла Церква вул.п-кт Незалежності,91\nПГ\nК-250мм\nОб’єктове,\nТОВ «Росава таэрс»"
      },
      "geometry": {
        "type": "Point",
        "coordinates": [
          30.1936464,
          49.7886826
        ]
      }
    },
    {
      "type": "Feature",
      "properties": {
        "name": "м.Біла Церква вул.п-кт Незалежності,91\nПГ\nК-250мм\nОб’єктове,\nТОВ «Росава таэрс»"
      },
      "geometry": {
        "type": "Point",
        "coordinates": [
          30.1965647,
          49.7885787
        ]
      }
    },
    {
      "type": "Feature",
      "properties": {
        "name": "м.Біла Церква вул.п-кт Незалежності,91\nПГ\nК-250мм\nОб’єктове,\nТОВ «Росава таэрс»"
      },
      "geometry": {
        "type": "Point",
        "coordinates": [
          30.196386,
          49.785244
        ]
      }
    },
    {
      "type": "Feature",
      "properties": {
        "name": "м.Біла Церква вул.п-кт Незалежності,91\nПГ\nК-250мм\nОб’єктове,\nТОВ «Росава таэрс»"
      },
      "geometry": {
        "type": "Point",
        "coordinates": [
          30.1965308,
          49.7857705
        ]
      }
    },
    {
      "type": "Feature",
      "properties": {
        "name": "м.Біла Церква вул.п-кт Незалежності,91\nПГ\nК-250мм\nОб’єктове,\nТОВ «Росава таэрс»"
      },
      "geometry": {
        "type": "Point",
        "coordinates": [
          30.1969707,
          49.7869551
        ]
      }
    },
    {
      "type": "Feature",
      "properties": {
        "name": "м.Біла Церква вул.п-кт Незалежності,91\nПГ\nК-250мм\nОб’єктове,\nТОВ «Росава таэрс»"
      },
      "geometry": {
        "type": "Point",
        "coordinates": [
          30.1968634,
          49.7859438
        ]
      }
    },
    {
      "type": "Feature",
      "properties": {
        "name": "м.Біла Церква вул.п-кт Незалежності,91\nПГ\nК-250мм\nОб’єктове,\nТОВ «Росава таэрс»"
      },
      "geometry": {
        "type": "Point",
        "coordinates": [
          30.1967132,
          49.7877794
        ]
      }
    },
    {
      "type": "Feature",
      "properties": {
        "name": "м.Біла Церква вул.п-кт Незалежності,91\nПГ\nК-250мм\nОб’єктове,\nТОВ «Росава таэрс»"
      },
      "geometry": {
        "type": "Point",
        "coordinates": [
          30.1966381,
          49.787059
        ]
      }
    },
    {
      "type": "Feature",
      "properties": {
        "name": "м.Біла Церква вул.п-кт Незалежності,91\nПГ\nК-250мм\nОб’єктове,\nТОВ «Росава таэрс»"
      },
      "geometry": {
        "type": "Point",
        "coordinates": [
          30.1969063,
          49.7894868
        ]
      }
    },
    {
      "type": "Feature",
      "properties": {
        "name": "м.Біла Церква вул.п-кт Незалежності,91\nПГ\nК-250мм\nОб’єктове,\nТОВ «Росава таэрс»"
      },
      "geometry": {
        "type": "Point",
        "coordinates": [
          30.1969278,
          49.7902972
        ]
      }
    },
    {
      "type": "Feature",
      "properties": {
        "name": "м.Біла Церква вул.п-кт Незалежності,91\nПГ\nК-250мм\nОб’єктове,\nТОВ «Росава таэрс»"
      },
      "geometry": {
        "type": "Point",
        "coordinates": [
          30.1970351,
          49.7908998
        ]
      }
    },
    {
      "type": "Feature",
      "properties": {
        "name": "м.Біла Церква вул.п-кт Незалежності,91\nПГ\nК-250мм\nОб’єктове,\nТОВ «Росава таэрс»"
      },
      "geometry": {
        "type": "Point",
        "coordinates": [
          30.1970673,
          49.7914816
        ]
      }
    },
    {
      "type": "Feature",
      "properties": {
        "name": "м.Біла Церква вул.п-кт Незалежності,91\nПГ\nК-250мм\nОб’єктове,\nТОВ «Росава таэрс»"
      },
      "geometry": {
        "type": "Point",
        "coordinates": [
          30.1971102,
          49.7919734
        ]
      }
    },
    {
      "type": "Feature",
      "properties": {
        "name": "м.Біла Церква вул.п-кт Незалежності,91\nПГ\nК-250мм\nОб’єктове,\nТОВ «Росава таэрс»"
      },
      "geometry": {
        "type": "Point",
        "coordinates": [
          30.1975179,
          49.7934556
        ]
      }
    },
    {
      "type": "Feature",
      "properties": {
        "name": "м.Біла Церква вул.п-кт Незалежності,91\nПГ\nК-250мм\nОб’єктове,\nТОВ «Росава таэрс»"
      },
      "geometry": {
        "type": "Point",
        "coordinates": [
          30.1986122,
          49.7935941
        ]
      }
    },
    {
      "type": "Feature",
      "properties": {
        "name": "м.Біла Церква вул.п-кт Незалежності,91\nПГ\nК-250мм\nОб’єктове,\nТОВ «Росава таэрс»"
      },
      "geometry": {
        "type": "Point",
        "coordinates": [
          30.1984406,
          49.793234
        ]
      }
    },
    {
      "type": "Feature",
      "properties": {
        "name": "м.Біла Церква вул.п-кт Незалежності,91\nПГ\nК-250мм\nОб’єктове,\nТОВ «Росава таэрс»"
      },
      "geometry": {
        "type": "Point",
        "coordinates": [
          30.1991165,
          49.7931855
        ]
      }
    },
    {
      "type": "Feature",
      "properties": {
        "name": "м.Біла Церква вул.п-кт Незалежності,91\nПГ\nК-250мм\nОб’єктове,\nТОВ «Росава таэрс»"
      },
      "geometry": {
        "type": "Point",
        "coordinates": [
          30.199374,
          49.7924859
        ]
      }
    },
    {
      "type": "Feature",
      "properties": {
        "name": "м.Біла Церква вул.п-кт Незалежності,91\nПГ\nК-250мм\nОб’єктове,\nТОВ «Росава таэрс»"
      },
      "geometry": {
        "type": "Point",
        "coordinates": [
          30.1992989,
          49.7918487
        ]
      }
    },
    {
      "type": "Feature",
      "properties": {
        "name": "м.Біла Церква вул.п-кт Незалежності,91\nПГ\nК-250мм\nОб’єктове,\nТОВ «Росава таэрс»"
      },
      "geometry": {
        "type": "Point",
        "coordinates": [
          30.1958925,
          49.7895284
        ]
      }
    },
    {
      "type": "Feature",
      "properties": {
        "name": "м.Біла Церква вул.п-кт Незалежності,91\nПГ\nК-250мм\nОб’єктове,\nТОВ «Росава таэрс»"
      },
      "geometry": {
        "type": "Point",
        "coordinates": [
          30.1954418,
          49.7903527
        ]
      }
    },
    {
      "type": "Feature",
      "properties": {
        "name": "м.Біла Церква вул.п-кт Незалежності,91\nПГ\nК-250мм\nОб’єктове,\nТОВ «Росава таэрс»"
      },
      "geometry": {
        "type": "Point",
        "coordinates": [
          30.1954526,
          49.791447
        ]
      }
    },
    {
      "type": "Feature",
      "properties": {
        "name": "м.Біла Церква вул.п-кт Незалежності,91\nПГ\nК-250мм\nОб’єктове,\nТОВ «Росава таэрс»"
      },
      "geometry": {
        "type": "Point",
        "coordinates": [
          30.1933068,
          49.7907682
        ]
      }
    },
    {
      "type": "Feature",
      "properties": {
        "name": "м.Біла Церква вул.п-кт Незалежності,91\nПГ\nК-250мм\nОб’єктове,\nТОВ «Росава таэрс»"
      },
      "geometry": {
        "type": "Point",
        "coordinates": [
          30.1932907,
          49.7896842
        ]
      }
    },
    {
      "type": "Feature",
      "properties": {
        "name": "м.Біла Церква вул.п-кт Незалежності,91\nПГ\nК-250мм\nОб’єктове,\nТОВ «Росава таэрс»"
      },
      "geometry": {
        "type": "Point",
        "coordinates": [
          30.1975693,
          49.7883696
        ]
      }
    },
    {
      "type": "Feature",
      "properties": {
        "name": "м.Біла Церква вул.п-кт Незалежності,91\nПГ\nК-250мм\nОб’єктове,\nТОВ «Росава таэрс»"
      },
      "geometry": {
        "type": "Point",
        "coordinates": [
          30.1995112,
          49.7877808
        ]
      }
    },
    {
      "type": "Feature",
      "properties": {
        "name": "м.Біла Церква вул.п-кт Незалежності,91\nПГ\nК-250мм\nОб’єктове,\nТОВ «Росава таэрс»"
      },
      "geometry": {
        "type": "Point",
        "coordinates": [
          30.1994683,
          49.786063
        ]
      }
    },
    {
      "type": "Feature",
      "properties": {
        "name": "м.Біла Церква вул.п-кт Незалежності,91\nПГ\nК-250мм\nОб’єктове,\nТОВ «Росава таэрс»"
      },
      "geometry": {
        "type": "Point",
        "coordinates": [
          30.1985349,
          49.787573
        ]
      }
    },
    {
      "type": "Feature",
      "properties": {
        "name": "м.Біла Церква вул.п-кт Незалежності,91\nПГ\nК-250мм\nОб’єктове,\nТОВ «Росава таэрс»"
      },
      "geometry": {
        "type": "Point",
        "coordinates": [
          30.1982989,
          49.7877046
        ]
      }
    },
    {
      "type": "Feature",
      "properties": {
        "name": "м.Біла Церква вул.п-кт Незалежності,91\nПГ\nК-250мм\nОб’єктове,\nТОВ «Росава таэрс»"
      },
      "geometry": {
        "type": "Point",
        "coordinates": [
          30.198213,
          49.7866448
        ]
      }
    },
    {
      "type": "Feature",
      "properties": {
        "name": "м.Біла Церква вул.п-кт Незалежності,91\nПГ\nК-250мм\nОб’єктове,\nТОВ «Росава таэрс»"
      },
      "geometry": {
        "type": "Point",
        "coordinates": [
          30.1983311,
          49.7862569
        ]
      }
    },
    {
      "type": "Feature",
      "properties": {
        "name": "м.Біла Церква вул.п-кт Незалежності,91\nПГ\nК-250мм\nОб’єктове,\nТОВ «Росава таэрс»"
      },
      "geometry": {
        "type": "Point",
        "coordinates": [
          30.1979405,
          49.7853275
        ]
      }
    },
    {
      "type": "Feature",
      "properties": {
        "name": "м.Біла Церква вул.п-кт Незалежності,91\nПГ\nК-250мм\nОб’єктове,\nТОВ «Росава таэрс»"
      },
      "geometry": {
        "type": "Point",
        "coordinates": [
          30.1973129,
          49.7854799
        ]
      }
    },
    {
      "type": "Feature",
      "properties": {
        "name": "м.Біла Церква вул.п-кт Незалежності,91\nПГ\nК-250мм\nОб’єктове,\nТОВ «Росава таэрс»"
      },
      "geometry": {
        "type": "Point",
        "coordinates": [
          30.1901,
          49.7882072
        ]
      }
    },
    {
      "type": "Feature",
      "properties": {
        "name": "м.Біла Церква вул.п-кт Незалежності,91\nПГ\nК-250мм\nОб’єктове,\nТОВ «Росава таэрс»"
      },
      "geometry": {
        "type": "Point",
        "coordinates": [
          30.192514,
          49.7881726
        ]
      }
    },
    {
      "type": "Feature",
      "properties": {
        "name": "м.Біла Церква вул.п-кт Незалежності,91\nПГ\nК-250мм\nОб’єктове,\nТОВ «Росава таэрс»"
      },
      "geometry": {
        "type": "Point",
        "coordinates": [
          30.194413,
          49.7880618
        ]
      }
    },
    {
      "type": "Feature",
      "properties": {
        "name": "м.Біла Церква М-05Київ-Одеса 82км.\n\nПГ\nК-250мм\nОб’єктове,\nТОВ «Агротрейд 2000»\n"
      },
      "geometry": {
        "type": "Point",
        "coordinates": [
          30.1829425,
          49.814323
        ]
      }
    },
    {
      "type": "Feature",
      "properties": {
        "name": "м.Біла Церква М-05Київ-Одеса 82км.\n\nПГ\nК-250мм\n\nОб’єктове,\nТОВ «Агротрейд 2000»\n"
      },
      "geometry": {
        "type": "Point",
        "coordinates": [
          30.1829457,
          49.8147841
        ]
      }
    },
    {
      "type": "Feature",
      "properties": {
        "name": "м.Біла Церква М-05Київ-Одеса 82км.\n\nПГ\nК-250мм\n\nОб’єктове,\nТОВ «Агротрейд 2000»"
      },
      "geometry": {
        "type": "Point",
        "coordinates": [
          30.1839811,
          49.8144518
        ]
      }
    },
    {
      "type": "Feature",
      "properties": {
        "name": "м.Біла Церква М-05Київ-Одеса 82км.\n\nПГ\nК-250мм\n\nОб’єктове,\nТОВ «Агротрейд 2000»"
      },
      "geometry": {
        "type": "Point",
        "coordinates": [
          30.1837665,
          49.8150783
        ]
      }
    },
    {
      "type": "Feature",
      "properties": {
        "name": "с.Томилівка вул.Узинська,2.\nПГ\nК-150мм\nОб’єктове,\nФілія Білоцерківський Молочний Комбінат « ТЕРРАФУД»»\n"
      },
      "geometry": {
        "type": "Point",
        "coordinates": [
          30.221673,
          49.778533
        ]
      }
    },
    {
      "type": "Feature",
      "properties": {
        "name": "с.Томилівка вул.Узинська,2.\nПГ\nК-150мм\nОб’єктове,\nФілія Білоцерківський Молочний Комбінат « ТЕРРАФУД»»"
      },
      "geometry": {
        "type": "Point",
        "coordinates": [
          30.2208503,
          49.778843
        ]
      }
    },
    {
      "type": "Feature",
      "properties": {
        "name": "с.Томилівка вул.Узинська,2.\nПГ\nК-150мм\nОб’єктове,\nФілія Білоцерківський Молочний Комбінат « ТЕРРАФУД»»"
      },
      "geometry": {
        "type": "Point",
        "coordinates": [
          30.2201656,
          49.7786742
        ]
      }
    },
    {
      "type": "Feature",
      "properties": {
        "name": "с.Томилівка вул.Узинська,2.\nПГ\nК-150мм\nОб’єктове,\nФілія Білоцерківський Молочний Комбінат « ТЕРРАФУД»»"
      },
      "geometry": {
        "type": "Point",
        "coordinates": [
          30.2207825,
          49.7781875
        ]
      }
    },
    {
      "type": "Feature",
      "properties": {
        "name": "м.Біла Церква\nвул.Храпвчанська,70\nПГ\nК-200мм\nОб’єктове,\nТОВ « Рпласт»\n"
      },
      "geometry": {
        "type": "Point",
        "coordinates": [
          30.1724171,
          49.811432
        ]
      }
    },
    {
      "type": "Feature",
      "properties": {
        "name": "м.Біла Церква\nвул.Храпвчанська,70\nПГ\nК-200мм\nОб’єктове,\nТОВ « Рпласт»"
      },
      "geometry": {
        "type": "Point",
        "coordinates": [
          30.1745951,
          49.8131974
        ]
      }
    },
    {
      "type": "Feature",
      "properties": {
        "name": "м.Біла ЦеркваГ.Крут,42\nПГ\nК-150мм\nОб’єктове,\nВНЗ «Україна»\n"
      },
      "geometry": {
        "type": "Point",
        "coordinates": [
          30.1475354,
          49.7875282
        ]
      }
    },
    {
      "type": "Feature",
      "properties": {
        "name": "пров. Академічний, 1 ПГ-1\nК-500 мм"
      },
      "geometry": {
        "type": "Point",
        "coordinates": [
          30.0915794003899,
          49.7877794000409
        ]
      }
    },
    {
      "type": "Feature",
      "properties": {
        "name": "пров. Академічний, 3 ПГ-3\nК-150 мм"
      },
      "geometry": {
        "type": "Point",
        "coordinates": [
          30.089297981496,
          49.7857200420439
        ]
      }
    },
    {
      "type": "Feature",
      "properties": {
        "name": "вул. Ак. Кримського, 2 ПГ-2\nК-300 мм"
      },
      "geometry": {
        "type": "Point",
        "coordinates": [
          30.0927171946542,
          49.783175351664
        ]
      }
    },
    {
      "type": "Feature",
      "properties": {
        "name": "вул. Ак. Кримського, 6\nПГ-6 К-500 мм"
      },
      "geometry": {
        "type": "Point",
        "coordinates": [
          30.0923216826955,
          49.7835875909996
        ]
      }
    },
    {
      "type": "Feature",
      "properties": {
        "name": "вул. Ак. Кримського, 8 ПГ-8\nК-300 мм"
      },
      "geometry": {
        "type": "Point",
        "coordinates": [
          30.0896844410343,
          49.7840994027178
        ]
      }
    },
    {
      "type": "Feature",
      "properties": {
        "name": "вул. Ак. Кримського, 10\nПГ-10 К-150 мм\n"
      },
      "geometry": {
        "type": "Point",
        "coordinates": [
          30.0891014692016,
          49.7851986492625
        ]
      }
    },
    {
      "type": "Feature",
      "properties": {
        "name": "вул. Ак. Вула, 4\nПГ-4 К-500 мм\n"
      },
      "geometry": {
        "type": "Point",
        "coordinates": [
          30.0944993439451,
          49.7853358354201
        ]
      }
    },
    {
      "type": "Feature",
      "properties": {
        "name": "вул. Ак. Вула, 6\nПГ-6 К-300 мм\n"
      },
      "geometry": {
        "type": "Point",
        "coordinates": [
          30.0923678115308,
          49.7863651029773
        ]
      }
    },
    {
      "type": "Feature",
      "properties": {
        "name": "вул. Ак. Вула, 8\nПГ-8 К-150 мм\n"
      },
      "geometry": {
        "type": "Point",
        "coordinates": [
          30.091449839168,
          49.7869841746532
        ]
      }
    },
    {
      "type": "Feature",
      "properties": {
        "name": "вул. Базарна, 8\nПГ-8 К-100 мм\n"
      },
      "geometry": {
        "type": "Point",
        "coordinates": [
          30.1214242782231,
          49.7942649589673
        ]
      }
    },
    {
      "type": "Feature",
      "properties": {
        "name": "вул. Базарна, 23\nПГ-10 К-100 мм\n"
      },
      "geometry": {
        "type": "Point",
        "coordinates": [
          30.1230765387396,
          49.7948072660454
        ]
      }
    },
    {
      "type": "Feature",
      "properties": {
        "name": "вул. Професора Голуба, 79\nПГ-79 К-100 мм\n"
      },
      "geometry": {
        "type": "Point",
        "coordinates": [
          30.1072952613,
          49.7856241197773
        ]
      }
    },
    {
      "type": "Feature",
      "properties": {
        "name": "б-р М. Грушевського, 2\nПГ-2 К-200 мм\n"
      },
      "geometry": {
        "type": "Point",
        "coordinates": [
          30.1240523980374,
          49.8018076737042
        ]
      }
    },
    {
      "type": "Feature",
      "properties": {
        "name": "б-р М. Грушевського, 6\nПГ-6 К-200 мм\n"
      },
      "geometry": {
        "type": "Point",
        "coordinates": [
          30.1270398692019,
          49.800662327285
        ]
      }
    },
    {
      "type": "Feature",
      "properties": {
        "name": "б-р М. Грушевського, 66/13\nПГ-66/13 К-200 мм\n"
      },
      "geometry": {
        "type": "Point",
        "coordinates": [
          30.1330638961898,
          49.7983805854674
        ]
      }
    },
    {
      "type": "Feature",
      "properties": {
        "name": "б-р М. Грушевського, 13\nПГ-13 К-150 мм\n"
      },
      "geometry": {
        "type": "Point",
        "coordinates": [
          30.1316345403666,
          49.7997491296843
        ]
      }
    },
    {
      "type": "Feature",
      "properties": {
        "name": "Б-р М. Грушевського, 14\nПГ-14 К-150 мм\n"
      },
      "geometry": {
        "type": "Point",
        "coordinates": [
          30.1254771823156,
          49.8004355536847
        ]
      }
    },
    {
      "type": "Feature",
      "properties": {
        "name": "б-р М. Грушевського, 40\nПГ-40 К-150 мм\n"
      },
      "geometry": {
        "type": "Point",
        "coordinates": [
          30.1289420873718,
          49.7996536562675
        ]
      }
    },
    {
      "type": "Feature",
      "properties": {
        "name": "б-р М. Грушевського, 71\nПГ-71 К-150 мм\n"
      },
      "geometry": {
        "type": "Point",
        "coordinates": [
          30.1333713239636,
          49.7984215093663
        ]
      }
    },
    {
      "type": "Feature",
      "properties": {
        "name": "б-р М. Грушевського, 13\nПГ-1 К-150 мм (Об`єктовий Завод БІЛОЦЕРКІВМАЗ)\n"
      },
      "geometry": {
        "type": "Point",
        "coordinates": [
          30.131645269202,
          49.799866855314
        ]
      }
    },
    {
      "type": "Feature",
      "properties": {
        "name": "б-р М. Грушевського, 13\nПГ-2 К-150 мм (Об`єктовий Завод БІЛОЦЕРКІВМАЗ)\n"
      },
      "geometry": {
        "type": "Point",
        "coordinates": [
          30.131433,
          49.7999557
        ]
      }
    },
    {
      "type": "Feature",
      "properties": {
        "name": "49.79986685531409,  30.13164526920195"
      },
      "geometry": {
        "type": "Point",
        "coordinates": [
          30.131645269202,
          49.7998668553141
        ]
      }
    },
    {
      "type": "Feature",
      "properties": {
        "name": "б-р М. Грушевського, 13\nПГ-3 К-150 мм (Об`єктовий Завод БІЛОЦЕРКІВМАЗ)\n"
      },
      "geometry": {
        "type": "Point",
        "coordinates": [
          30.1306765,
          49.8004576
        ]
      }
    },
    {
      "type": "Feature",
      "properties": {
        "name": "б-р М. Грушевського, 14\nПГ-1 К-150 мм (Об`єктовий ДНЗ№7 «Орлятко»)\n"
      },
      "geometry": {
        "type": "Point",
        "coordinates": [
          30.1255444720785,
          49.8004053202932
        ]
      }
    },
    {
      "type": "Feature",
      "properties": {
        "name": "б-р М. Грушевського, 15\nПГ-1 К-200 мм (Об`єктовий АЗК «CLO»)\n"
      },
      "geometry": {
        "type": "Point",
        "coordinates": [
          30.1337573709381,
          49.7979339874103
        ]
      }
    },
    {
      "type": "Feature",
      "properties": {
        "name": "вул. Вернадського, 2\nПГ-2 К-300 мм\n"
      },
      "geometry": {
        "type": "Point",
        "coordinates": [
          30.1258168403657,
          49.7724965453281
        ]
      }
    },
    {
      "type": "Feature",
      "properties": {
        "name": "вул. Вернадського, 4/1\nПГ-4/1 К-300 мм\n"
      },
      "geometry": {
        "type": "Point",
        "coordinates": [
          30.1270915403659,
          49.7728638862968
        ]
      }
    },
    {
      "type": "Feature",
      "properties": {
        "name": "вул. Вернадського, 6\nПГ-6 К-300 мм\n"
      },
      "geometry": {
        "type": "Point",
        "coordinates": [
          30.1282936205749,
          49.7731415340104
        ]
      }
    },
    {
      "type": "Feature",
      "properties": {
        "name": "вул. Вернадського, 10\nПГ-10 К-300 мм\n"
      },
      "geometry": {
        "type": "Point",
        "coordinates": [
          30.1303146980364,
          49.7726914604445
        ]
      }
    },
    {
      "type": "Feature",
      "properties": {
        "name": "вул. Вернадського, 2/1\nПГ №2/1 К-200 мм\n"
      },
      "geometry": {
        "type": "Point",
        "coordinates": [
          30.1258812133777,
          49.7725242610899
        ]
      }
    },
    {
      "type": "Feature",
      "properties": {
        "name": "вул. Вернадського, 2/2\nПГ №2/2 К-200 мм\n"
      },
      "geometry": {
        "type": "Point",
        "coordinates": [
          30.125827569201,
          49.772383949883
        ]
      }
    },
    {
      "type": "Feature",
      "properties": {
        "name": "вул. Вернадського, 4/2\nПГ №4/2 К-200 мм\n"
      },
      "geometry": {
        "type": "Point",
        "coordinates": [
          30.1271049532074,
          49.7727599721583
        ]
      }
    },
    {
      "type": "Feature",
      "properties": {
        "name": "вул. Вернадського, 4/3\nПГ №4/3 К-200 мм\n"
      },
      "geometry": {
        "type": "Point",
        "coordinates": [
          30.1271049532074,
          49.7727703655144
        ]
      }
    },
    {
      "type": "Feature",
      "properties": {
        "name": "вул. Глибочицька, 1\nПГ №1 К-150 мм\n"
      },
      "geometry": {
        "type": "Point",
        "coordinates": [
          30.0889482774551,
          49.7891631948225
        ]
      }
    },
    {
      "type": "Feature",
      "properties": {
        "name": "вул. Глибочицька, 2\nПГ №2 К-150 мм\n"
      },
      "geometry": {
        "type": "Point",
        "coordinates": [
          30.0863278152094,
          49.7882666241665
        ]
      }
    },
    {
      "type": "Feature",
      "properties": {
        "name": "вул. Глибочицька, 3\nПГ №3 К-100 мм\n"
      },
      "geometry": {
        "type": "Point",
        "coordinates": [
          30.0836612869638,
          49.7875465907109
        ]
      }
    },
    {
      "type": "Feature",
      "properties": {
        "name": "вул. Глибочицька, 1\nПГ №1 К-100 мм (Об`єктовий Гаражний Кооператив)\n"
      },
      "geometry": {
        "type": "Point",
        "coordinates": [
          30.0878902509304,
          49.7891980479828
        ]
      }
    },
    {
      "type": "Feature",
      "properties": {
        "name": "вул. Млинова, 4\nПГ № 4 К-100 мм\n"
      },
      "geometry": {
        "type": "Point",
        "coordinates": [
          30.1163689628516,
          49.7942616312539
        ]
      }
    },
    {
      "type": "Feature",
      "properties": {
        "name": "вул. Млинов , 24\nПГ №24 К-100 мм\n"
      },
      "geometry": {
        "type": "Point",
        "coordinates": [
          30.114974011531,
          49.7908895848419
        ]
      }
    },
    {
      "type": "Feature",
      "properties": {
        "name": "вул. Млинова, 26\nПГ №26 К-100 мм\n"
      },
      "geometry": {
        "type": "Point",
        "coordinates": [
          30.1149569980371,
          49.7904577598659
        ]
      }
    },
    {
      "type": "Feature",
      "properties": {
        "name": "вул. Гоголя, 18\nПГ №18 К-100 мм\n"
      },
      "geometry": {
        "type": "Point",
        "coordinates": [
          30.1219678268725,
          49.7969356885482
        ]
      }
    },
    {
      "type": "Feature",
      "properties": {
        "name": "вул. Гоголя, 19\nПГ №19 К-100 мм\n"
      },
      "geometry": {
        "type": "Point",
        "coordinates": [
          30.1226320607984,
          49.7973983404941
        ]
      }
    },
    {
      "type": "Feature",
      "properties": {
        "name": "вул. Голубина, 11\nПГ №11 К-150 мм\n"
      },
      "geometry": {
        "type": "Point",
        "coordinates": [
          30.1187713010952,
          49.7915388426357
        ]
      }
    },
    {
      "type": "Feature",
      "properties": {
        "name": "вул. Голубина, 34\nПГ №34 К-150 мм\n"
      },
      "geometry": {
        "type": "Point",
        "coordinates": [
          30.116799376213,
          49.7905014730901
        ]
      }
    },
    {
      "type": "Feature",
      "properties": {
        "name": "вул. Голубина, 11\nПГ №1 К-150 мм (Об`єктовий\nХлібзавод)\n"
      },
      "geometry": {
        "type": "Point",
        "coordinates": [
          30.1191675,
          49.7910937
        ]
      }
    },
    {
      "type": "Feature",
      "properties": {
        "name": "вул. Голубина, 11\nПГ №2 К-150 мм (Об`єктовий\nХлібзавод)\n"
      },
      "geometry": {
        "type": "Point",
        "coordinates": [
          30.119484,
          49.7909794
        ]
      }
    },
    {
      "type": "Feature",
      "properties": {
        "name": "вул. Голубина, 11\nПГ №3 К-150 мм (Об`єктовий\nХлібзавод)\n"
      },
      "geometry": {
        "type": "Point",
        "coordinates": [
          30.1198181,
          49.7911417
        ]
      }
    },
    {
      "type": "Feature",
      "properties": {
        "name": "вул. Голубина, 11\nПГ №4 К-150 мм (Об`єктовий\nХлібзавод)\n"
      },
      "geometry": {
        "type": "Point",
        "coordinates": [
          30.119405,
          49.791391
        ]
      }
    },
    {
      "type": "Feature",
      "properties": {
        "name": "вул. Марії Примаченко, 41\nПГ №41 К-150 мм\n"
      },
      "geometry": {
        "type": "Point",
        "coordinates": [
          30.1423222172307,
          49.7837082685534
        ]
      }
    },
    {
      "type": "Feature",
      "properties": {
        "name": "вул. Марії Примаченко , 45\nПГ №45 К-150 мм\n"
      },
      "geometry": {
        "type": "Point",
        "coordinates": [
          30.1431865812701,
          49.7837975873495
        ]
      }
    },
    {
      "type": "Feature",
      "properties": {
        "name": "вул. Марії Примаченко , 86\nПГ №86 К-100 мм\n"
      },
      "geometry": {
        "type": "Point",
        "coordinates": [
          30.1504711557075,
          49.7816347259215
        ]
      }
    },
    {
      "type": "Feature",
      "properties": {
        "name": "вул. Марії Примаченко , 93\nПГ №93 К-100 мм\n"
      },
      "geometry": {
        "type": "Point",
        "coordinates": [
          30.1486973403662,
          49.7823405302891
        ]
      }
    },
    {
      "type": "Feature",
      "properties": {
        "name": "вул. Марії Примаченко , 101\nПГ №101 К-150 мм\n"
      },
      "geometry": {
        "type": "Point",
        "coordinates": [
          30.1499759557074,
          49.7820143416354
        ]
      }
    },
    {
      "type": "Feature",
      "properties": {
        "name": "вул. Марії Примаченко , 111\nПГ №111 К-150 мм\n"
      },
      "geometry": {
        "type": "Point",
        "coordinates": [
          30.1513866115307,
          49.781747525486
        ]
      }
    },
    {
      "type": "Feature",
      "properties": {
        "name": "вул. Марії Примаченко , 123\nПГ №123 К-150 мм\n"
      },
      "geometry": {
        "type": "Point",
        "coordinates": [
          30.1526173133421,
          49.7811418570926
        ]
      }
    },
    {
      "type": "Feature",
      "properties": {
        "name": "вул. Марії Примаченко , 114\nПГ №114 К-150 мм\n"
      },
      "geometry": {
        "type": "Point",
        "coordinates": [
          30.1566895133781,
          49.7803540194906
        ]
      }
    },
    {
      "type": "Feature",
      "properties": {
        "name": "вул. Марії Примаченко , 131\nПГ №131 К-150 мм\n"
      },
      "geometry": {
        "type": "Point",
        "coordinates": [
          30.1540814202608,
          49.7808445860903
        ]
      }
    },
    {
      "type": "Feature",
      "properties": {
        "name": "вул. Марії Примаченко , 139\nПГ №139 К-150 мм\n"
      },
      "geometry": {
        "type": "Point",
        "coordinates": [
          30.1552085315605,
          49.7806857707096
        ]
      }
    },
    {
      "type": "Feature",
      "properties": {
        "name": "вул. Марії Примаченко , 143 ПГ №143 К-150 мм"
      },
      "geometry": {
        "type": "Point",
        "coordinates": [
          30.155984242984,
          49.7805530612097
        ]
      }
    },
    {
      "type": "Feature",
      "properties": {
        "name": "вул. Марії Примаченко , 84А\nПГ №1 К-150 мм (Об`єктовий\nМала академія наук учнів і молоді)\n"
      },
      "geometry": {
        "type": "Point",
        "coordinates": [
          30.1480125980367,
          49.7803838915553
        ]
      }
    },
    {
      "type": "Feature",
      "properties": {
        "name": "вул. Марії Примаченко , 84\nПГ №1 К-150 мм (Об`єктовий\nПілприємство УНВК)\n"
      },
      "geometry": {
        "type": "Point",
        "coordinates": [
          30.1490904052788,
          49.7811776939615
        ]
      }
    },
    {
      "type": "Feature",
      "properties": {
        "name": "вул. Марії Примаченко , 84А\nПГ №1 К-150 мм (Об`єктовий\nДитячий Заклад №36)\n"
      },
      "geometry": {
        "type": "Point",
        "coordinates": [
          30.1500488,
          49.7803135
        ]
      }
    },
    {
      "type": "Feature",
      "properties": {
        "name": "вул. Козачої Ради, 4\nПГ №4 К-100 мм\n"
      },
      "geometry": {
        "type": "Point",
        "coordinates": [
          30.0852802980374,
          49.8014669004076
        ]
      }
    },
    {
      "type": "Feature",
      "properties": {
        "name": "вул. Козачої Ради , 30\nПГ №30 К-100 мм\n"
      },
      "geometry": {
        "type": "Point",
        "coordinates": [
          30.0826368492932,
          49.7982070854158
        ]
      }
    },
    {
      "type": "Feature",
      "properties": {
        "name": "вул. Євгена Дислава, 2\nПГ №2 К-700 мм\n"
      },
      "geometry": {
        "type": "Point",
        "coordinates": [
          30.1016626842239,
          49.7845313489419
        ]
      }
    },
    {
      "type": "Feature",
      "properties": {
        "name": "вул. Євгена Дислава, 16А\nПГ №1 К-150 мм (Об`єктовий \nДНЗ№16)\n"
      },
      "geometry": {
        "type": "Point",
        "coordinates": [
          30.099984523668,
          49.7854265677783
        ]
      }
    },
    {
      "type": "Feature",
      "properties": {
        "name": "вул. Дружби, 2\nПГ №2 К-700 мм\n"
      },
      "geometry": {
        "type": "Point",
        "coordinates": [
          30.1019393122316,
          49.7849137587166
        ]
      }
    },
    {
      "type": "Feature",
      "properties": {
        "name": "вул. Дружби, 20\nПГ №20 К-700 мм\n"
      },
      "geometry": {
        "type": "Point",
        "coordinates": [
          30.1025971980369,
          49.7866978255634
        ]
      }
    },
    {
      "type": "Feature",
      "properties": {
        "name": "вул. Дружби, 25\nПГ №25 К-700 мм\n"
      },
      "geometry": {
        "type": "Point",
        "coordinates": [
          30.1040680715852,
          49.7885519455061
        ]
      }
    },
    {
      "type": "Feature",
      "properties": {
        "name": "вул. 2-га Заярська, 12\nПГ №12 К-100 мм\n"
      },
      "geometry": {
        "type": "Point",
        "coordinates": [
          30.1257739484943,
          49.7808519067153
        ]
      }
    },
    {
      "type": "Feature",
      "properties": {
        "name": "вул. Заярська, 44/4\nПГ №44/4 К-100 мм\n"
      },
      "geometry": {
        "type": "Point",
        "coordinates": [
          30.1254996,
          49.7814651
        ]
      }
    },
    {
      "type": "Feature",
      "properties": {
        "name": "вул. Заярська, 22\nПГ №22 К-100 мм\n"
      },
      "geometry": {
        "type": "Point",
        "coordinates": [
          30.1231127977138,
          49.7814887229509
        ]
      }
    },
    {
      "type": "Feature",
      "properties": {
        "name": "вул. Заріччанська, 42\nПГ №42 К-150 мм (Об`єктовий\nЗОШ№17)\n"
      },
      "geometry": {
        "type": "Point",
        "coordinates": [
          30.0946743918712,
          49.7900228992952
        ]
      }
    },
    {
      "type": "Feature",
      "properties": {
        "name": "вул. Івана Кожедуба, 16\nПГ №16 К-200 мм\n"
      },
      "geometry": {
        "type": "Point",
        "coordinates": [
          30.1256899565377,
          49.7976717589354
        ]
      }
    },
    {
      "type": "Feature",
      "properties": {
        "name": "вул. Івана Кожедуба, 24\nПГ №24 К-200 мм\n"
      },
      "geometry": {
        "type": "Point",
        "coordinates": [
          30.1260146525049,
          49.7976916813797
        ]
      }
    },
    {
      "type": "Feature",
      "properties": {
        "name": "вул. Івана Кожедуба, 32\nПГ №32 К-200 мм\n"
      },
      "geometry": {
        "type": "Point",
        "coordinates": [
          30.1290104403664,
          49.7966516068479
        ]
      }
    },
    {
      "type": "Feature",
      "properties": {
        "name": "вул. Івана Кожедуба, 40\nПГ №40 К-200 мм\n"
      },
      "geometry": {
        "type": "Point",
        "coordinates": [
          30.1315891692019,
          49.7966908087792
        ]
      }
    },
    {
      "type": "Feature",
      "properties": {
        "name": "вул. Івана Кожедуба, 55\nПГ №55 К-200 мм\n"
      },
      "geometry": {
        "type": "Point",
        "coordinates": [
          30.1343555715541,
          49.7971135600403
        ]
      }
    },
    {
      "type": "Feature",
      "properties": {
        "name": "вул. Івана Кожедуба, 39\nПГ №1 К-300 мм (Об`єктовий\nПідприємство УТОС)\n"
      },
      "geometry": {
        "type": "Point",
        "coordinates": [
          30.1288321281762,
          49.7969535290572
        ]
      }
    },
    {
      "type": "Feature",
      "properties": {
        "name": "вул. Івана Кожедуба, 39\nПГ №2 К-300 мм (Об`єктовий\nПідприємство УТОС)\n"
      },
      "geometry": {
        "type": "Point",
        "coordinates": [
          30.1284248,
          49.7977089
        ]
      }
    },
    {
      "type": "Feature",
      "properties": {
        "name": "вул. Інтенданська, 9\nПГ №9 К-150 мм\n"
      },
      "geometry": {
        "type": "Point",
        "coordinates": [
          30.1294198286518,
          49.7980828722917
        ]
      }
    },
    {
      "type": "Feature",
      "properties": {
        "name": "вул. Інтенданська, 8а\nПГ №8а К-150 мм\n"
      },
      "geometry": {
        "type": "Point",
        "coordinates": [
          30.1309632133786,
          49.7969905302753
        ]
      }
    },
    {
      "type": "Feature",
      "properties": {
        "name": "вул. Інституцький, 1\nПГ №1 К-200 мм\n"
      },
      "geometry": {
        "type": "Point",
        "coordinates": [
          30.092342,
          49.784486
        ]
      }
    },
    {
      "type": "Feature",
      "properties": {
        "name": "пр-т. Князя Володимира, 3\nПГ №3 К-300 мм\n"
      },
      "geometry": {
        "type": "Point",
        "coordinates": [
          30.1275516115308,
          49.7841293522332
        ]
      }
    },
    {
      "type": "Feature",
      "properties": {
        "name": "пр-т. Князя Володимира, 3А\nПГ №3а К-100 мм\n"
      },
      "geometry": {
        "type": "Point",
        "coordinates": [
          30.1284570875662,
          49.7837444252222
        ]
      }
    },
    {
      "type": "Feature",
      "properties": {
        "name": "пр-т. Князя Володимира, 9\nПГ №9 К-200 мм\n"
      },
      "geometry": {
        "type": "Point",
        "coordinates": [
          30.114284411531,
          49.7915131105218
        ]
      }
    },
    {
      "type": "Feature",
      "properties": {
        "name": "пр-т. Князя Володимира, 11\nПГ №11 К-200 мм\n"
      },
      "geometry": {
        "type": "Point",
        "coordinates": [
          30.1142035390128,
          49.7923430937692
        ]
      }
    },
    {
      "type": "Feature",
      "properties": {
        "name": "вул. Селянська, 10\nПГ №10 К-200 мм\n"
      },
      "geometry": {
        "type": "Point",
        "coordinates": [
          30.1123561193957,
          49.7841623548304
        ]
      }
    },
    {
      "type": "Feature",
      "properties": {
        "name": "вул. Селянська, 38\nПГ №38 К-200 мм\n"
      },
      "geometry": {
        "type": "Point",
        "coordinates": [
          30.1083141268721,
          49.7833181437807
        ]
      }
    },
    {
      "type": "Feature",
      "properties": {
        "name": "вул. Селянська, 74\nПГ №74 К-200 мм\n"
      },
      "geometry": {
        "type": "Point",
        "coordinates": [
          30.1054086115307,
          49.7833299341806
        ]
      }
    },
    {
      "type": "Feature",
      "properties": {
        "name": "вул. Кобзаря, 33 ПГ №33 \nК-100 мм"
      },
      "geometry": {
        "type": "Point",
        "coordinates": [
          30.0757171980374,
          49.8007817533293
        ]
      }
    },
    {
      "type": "Feature",
      "properties": {
        "name": "вул. Ігоря Сікорського, 3\nПГ №3 К-150 мм\n"
      },
      "geometry": {
        "type": "Point",
        "coordinates": [
          30.081451569202,
          49.7986223046008
        ]
      }
    },
    {
      "type": "Feature",
      "properties": {
        "name": "вул. Ігоря Сікорського, 16\nПГ №16 К-150 мм\n"
      },
      "geometry": {
        "type": "Point",
        "coordinates": [
          30.0804308545401,
          49.7981415146452
        ]
      }
    },
    {
      "type": "Feature",
      "properties": {
        "name": "вул. Котляревського, 50\nПГ №50 К-150 мм\n"
      },
      "geometry": {
        "type": "Point",
        "coordinates": [
          30.1059637283373,
          49.7903483942077
        ]
      }
    },
    {
      "type": "Feature",
      "properties": {
        "name": "вул. Котляревського, 66\nПГ №66 К-150 мм\n"
      },
      "geometry": {
        "type": "Point",
        "coordinates": [
          30.1044859871693,
          49.7910175932897
        ]
      }
    },
    {
      "type": "Feature",
      "properties": {
        "name": "пр-к Ковальського, 14\nПГ №14 К-100 мм\n"
      },
      "geometry": {
        "type": "Point",
        "coordinates": [
          30.1211680980372,
          49.7952495592402
        ]
      }
    },
    {
      "type": "Feature",
      "properties": {
        "name": "вул. Лісова, 9\nПГ №9 К-150 мм\n"
      },
      "geometry": {
        "type": "Point",
        "coordinates": [
          30.0746801406856,
          49.8045689182503
        ]
      }
    },
    {
      "type": "Feature",
      "properties": {
        "name": "вул. Лісова, 21\nПГ №21 К-150 мм\n"
      },
      "geometry": {
        "type": "Point",
        "coordinates": [
          30.0747140692021,
          49.8032733985159
        ]
      }
    },
    {
      "type": "Feature",
      "properties": {
        "name": "вул. Лісова, 33\nПГ №33 К-150 мм\n"
      },
      "geometry": {
        "type": "Point",
        "coordinates": [
          30.0743224304485,
          49.8024189345118
        ]
      }
    },
    {
      "type": "Feature",
      "properties": {
        "name": "вул. Лісова, 63\nПГ №63 К-150 мм\n"
      },
      "geometry": {
        "type": "Point",
        "coordinates": [
          30.0719382641444,
          49.7997251963374
        ]
      }
    },
    {
      "type": "Feature",
      "properties": {
        "name": "вул. Лісова, 2А\nПГ №1 К-100 мм (Об`єктовий\nПрофілакторій Дібрава)\n"
      },
      "geometry": {
        "type": "Point",
        "coordinates": [
          30.0715625257675,
          49.8061774627285
        ]
      }
    },
    {
      "type": "Feature",
      "properties": {
        "name": "вул. Лісова, 2А\nПГ №2 К-100 мм (Об`єктовий\nПрофілакторій Дібрава)\n"
      },
      "geometry": {
        "type": "Point",
        "coordinates": [
          30.07095,
          49.8063121
        ]
      }
    },
    {
      "type": "Feature",
      "properties": {
        "name": "вул. Академіків Линників, 3\nПГ №3 К-150 мм\n"
      },
      "geometry": {
        "type": "Point",
        "coordinates": [
          30.0929612557075,
          49.7842783974865
        ]
      }
    },
    {
      "type": "Feature",
      "properties": {
        "name": "вул. Академіків Линників, 15\nПГ №15 К-150 мм\n"
      },
      "geometry": {
        "type": "Point",
        "coordinates": [
          30.0906206617665,
          49.785748842003
        ]
      }
    },
    {
      "type": "Feature",
      "properties": {
        "name": "вул. Лугова, 6\nПГ №6 К-150 мм\n"
      },
      "geometry": {
        "type": "Point",
        "coordinates": [
          30.1211289692014,
          49.7786424443033
        ]
      }
    },
    {
      "type": "Feature",
      "properties": {
        "name": "вул. Лугова, 13\nПГ №13 К-100 мм\n"
      },
      "geometry": {
        "type": "Point",
        "coordinates": [
          30.1236730807947,
          49.7796672413624
        ]
      }
    },
    {
      "type": "Feature",
      "properties": {
        "name": "вул. Лугова, 14\nПГ №14 К-100 мм\n"
      },
      "geometry": {
        "type": "Point",
        "coordinates": [
          30.1221167872551,
          49.7790223120065
        ]
      }
    },
    {
      "type": "Feature",
      "properties": {
        "name": "вул. Лугова, 27\nПГ №27 К-100 мм\n"
      },
      "geometry": {
        "type": "Point",
        "coordinates": [
          30.1254072655558,
          49.7798397785125
        ]
      }
    },
    {
      "type": "Feature",
      "properties": {
        "name": "вул. Василя Сухомлинського, 1\nПГ №1 К-100 мм\n"
      },
      "geometry": {
        "type": "Point",
        "coordinates": [
          30.0831000701396,
          49.7968565293387
        ]
      }
    },
    {
      "type": "Feature",
      "properties": {
        "name": "вул. Левка Симиренка, 40\nПГ №40 К-150 \n"
      },
      "geometry": {
        "type": "Point",
        "coordinates": [
          30.1197124275562,
          49.7894044981803
        ]
      }
    },
    {
      "type": "Feature",
      "properties": {
        "name": "вул. Левка Симиренка, 49\nПГ №49 К-150 мм\n"
      },
      "geometry": {
        "type": "Point",
        "coordinates": [
          30.1223303975698,
          49.7879240060195
        ]
      }
    },
    {
      "type": "Feature",
      "properties": {
        "name": "вул. Левка Симиренка, 61\nПГ №61 К-150 мм\n"
      },
      "geometry": {
        "type": "Point",
        "coordinates": [
          30.124477657885,
          49.7872661975164
        ]
      }
    },
    {
      "type": "Feature",
      "properties": {
        "name": "вул. Надрічна, 68\nПГ №68 К-100 мм\n"
      },
      "geometry": {
        "type": "Point",
        "coordinates": [
          30.1195259361485,
          49.7868456610626
        ]
      }
    },
    {
      "type": "Feature",
      "properties": {
        "name": "вул. Надрічна, 68 \n(Об`єктовий\nФОП «Шинкаренко»)\nПГ №1 К-100 мм\n"
      },
      "geometry": {
        "type": "Point",
        "coordinates": [
          30.1206186,
          49.7859996
        ]
      }
    },
    {
      "type": "Feature",
      "properties": {
        "name": "вул. Н. Левицького, 2А\nПГ №2А К-100 мм\n"
      },
      "geometry": {
        "type": "Point",
        "coordinates": [
          30.1167323403664,
          49.793017573727
        ]
      }
    },
    {
      "type": "Feature",
      "properties": {
        "name": "вул. Н. Левицького, 14\nПГ №14 К-100 мм\n"
      },
      "geometry": {
        "type": "Point",
        "coordinates": [
          30.1187867268725,
          49.7921339115484
        ]
      }
    },
    {
      "type": "Feature",
      "properties": {
        "name": "вул. Новосельська,30\nПГ №30 К-100 мм\n"
      },
      "geometry": {
        "type": "Point",
        "coordinates": [
          30.0805332387406,
          49.7999571232124
        ]
      }
    },
    {
      "type": "Feature",
      "properties": {
        "name": "вул. Павліченко, 1\nПГ №1 К-200 мм\n"
      },
      "geometry": {
        "type": "Point",
        "coordinates": [
          30.1329954268725,
          49.7969807847613
        ]
      }
    },
    {
      "type": "Feature",
      "properties": {
        "name": "вул. Павліченко, 4\nПГ №4 К-500 мм\n"
      },
      "geometry": {
        "type": "Point",
        "coordinates": [
          30.1326118706054,
          49.7974991858819
        ]
      }
    },
    {
      "type": "Feature",
      "properties": {
        "name": "вул. Павліченко, 5\nПГ №5 К-500 мм\n"
      },
      "geometry": {
        "type": "Point",
        "coordinates": [
          30.1330489003601,
          49.7967405542565
        ]
      }
    },
    {
      "type": "Feature",
      "properties": {
        "name": "вул. Павліченко, 6\nПГ №6 К-200 мм\n"
      },
      "geometry": {
        "type": "Point",
        "coordinates": [
          30.1325756188691,
          49.7965560000621
        ]
      }
    },
    {
      "type": "Feature",
      "properties": {
        "name": "вул. Павліченко, 40\nПГ №40 К-200 мм\n"
      },
      "geometry": {
        "type": "Point",
        "coordinates": [
          30.1266785887517,
          49.787403617623
        ]
      }
    },
    {
      "type": "Feature",
      "properties": {
        "name": "вул. Павліченко, 28\nПГ №28 К-500 мм\n"
      },
      "geometry": {
        "type": "Point",
        "coordinates": [
          30.1298997167365,
          49.7908807623525
        ]
      }
    },
    {
      "type": "Feature",
      "properties": {
        "name": "вул. Павліченко, 16\nПГ №16 К-500 мм\n"
      },
      "geometry": {
        "type": "Point",
        "coordinates": [
          30.1319756103326,
          49.7937276157361
        ]
      }
    },
    {
      "type": "Feature",
      "properties": {
        "name": "вул. Павліченко, 19\nПГ №19 К-200 мм\n"
      },
      "geometry": {
        "type": "Point",
        "coordinates": [
          30.1321436391685,
          49.7942459176008
        ]
      }
    },
    {
      "type": "Feature",
      "properties": {
        "name": "вул. Павліченко, 20б\nПГ №20б К-200 мм\n"
      },
      "geometry": {
        "type": "Point",
        "coordinates": [
          30.1295300598102,
          49.7931173195427
        ]
      }
    },
    {
      "type": "Feature",
      "properties": {
        "name": "вул. Павліченко, 20\nПГ №20 К-200 мм\n"
      },
      "geometry": {
        "type": "Point",
        "coordinates": [
          30.1310213680043,
          49.7927848706937
        ]
      }
    },
    {
      "type": "Feature",
      "properties": {
        "name": "вул. Павліченко, 34\nПГ №34 К-500 мм\n"
      },
      "geometry": {
        "type": "Point",
        "coordinates": [
          30.1283905680043,
          49.7917307479463
        ]
      }
    },
    {
      "type": "Feature",
      "properties": {
        "name": "вул. Павліченко, 26\nПГ №26 К-200 мм\n"
      },
      "geometry": {
        "type": "Point",
        "coordinates": [
          30.130402447106,
          49.791412837268
        ]
      }
    },
    {
      "type": "Feature",
      "properties": {
        "name": "вул. Павліченко, 37\nПГ №37 К-200 мм\n"
      },
      "geometry": {
        "type": "Point",
        "coordinates": [
          30.1320938605983,
          49.7927900840382
        ]
      }
    },
    {
      "type": "Feature",
      "properties": {
        "name": "вул. Павліченко, 45\nПГ №45 К-200 мм\n"
      },
      "geometry": {
        "type": "Point",
        "coordinates": [
          30.1301752248809,
          49.79063513804
        ]
      }
    },
    {
      "type": "Feature",
      "properties": {
        "name": "вул. Павліченко, 54\nПГ №54 К-200 мм\n"
      },
      "geometry": {
        "type": "Point",
        "coordinates": [
          30.1259766330817,
          49.7861808383982
        ]
      }
    },
    {
      "type": "Feature",
      "properties": {
        "name": "вул. Павліченко, 39\nПГ №39 К-300 мм\n"
      },
      "geometry": {
        "type": "Point",
        "coordinates": [
          30.1323594391683,
          49.7928997921767
        ]
      }
    },
    {
      "type": "Feature",
      "properties": {
        "name": "вул. Павліченко, 53\nПГ №53 К-150 мм\n"
      },
      "geometry": {
        "type": "Point",
        "coordinates": [
          30.1293453545119,
          49.7901847849975
        ]
      }
    },
    {
      "type": "Feature",
      "properties": {
        "name": "вул. Павліченко, 15\nПГ №1 К-150 мм (Об`єктовий\nФабрика ПТВ)\n"
      },
      "geometry": {
        "type": "Point",
        "coordinates": [
          30.1328508403665,
          49.7953826985398
        ]
      }
    },
    {
      "type": "Feature",
      "properties": {
        "name": "вул. Павліченко, 15\nПГ №2 К-150 мм (Об`єктовий\nФабрика ПТВ)\n"
      },
      "geometry": {
        "type": "Point",
        "coordinates": [
          30.1336015,
          49.7952234
        ]
      }
    },
    {
      "type": "Feature",
      "properties": {
        "name": "вул. Павліченко, 27\nПГ №1 К-150 мм (Об`єктовий\nЗавод МЕТІЗ)\n"
      },
      "geometry": {
        "type": "Point",
        "coordinates": [
          30.1316321268724,
          49.7914027619443
        ]
      }
    },
    {
      "type": "Feature",
      "properties": {
        "name": "вул. Павліченко, 17\nПГ №1 К-150 мм (Об`єктовий\nЗавод МЕТАЛІСТ)\n"
      },
      "geometry": {
        "type": "Point",
        "coordinates": [
          30.1325724538604,
          49.7946422240985
        ]
      }
    },
    {
      "type": "Feature",
      "properties": {
        "name": "вул. Павліченко, 22\nПГ №1 К-200 мм (Об`єктовий\nЗОШ №3)\n"
      },
      "geometry": {
        "type": "Point",
        "coordinates": [
          30.1276109145521,
          49.7895717321437
        ]
      }
    },
    {
      "type": "Feature",
      "properties": {
        "name": "вул. Павліченко, 49А\nПГ №1 К-150 мм (Об`єктовий\nАЗК №02023 «Глуско»)\n"
      },
      "geometry": {
        "type": "Point",
        "coordinates": [
          30.1298304788773,
          49.7901566078051
        ]
      }
    },
    {
      "type": "Feature",
      "properties": {
        "name": "вул. Михайла Сидорянського, 1\nПГ №1 К-500 мм\n"
      },
      "geometry": {
        "type": "Point",
        "coordinates": [
          30.0960332809097,
          49.7859949285656
        ]
      }
    },
    {
      "type": "Feature",
      "properties": {
        "name": "вул. Михайла Сидорянського, 24\nПГ №24 К-500 мм\n"
      },
      "geometry": {
        "type": "Point",
        "coordinates": [
          30.1148128115306,
          49.7789741876304
        ]
      }
    },
    {
      "type": "Feature",
      "properties": {
        "name": "вул. Михайла Сидорянського, 50\nПГ №50 К-500 мм\n"
      },
      "geometry": {
        "type": "Point",
        "coordinates": [
          30.1109422692014,
          49.7804328244421
        ]
      }
    },
    {
      "type": "Feature",
      "properties": {
        "name": "вул. Михайла Сидорянського, 64\nПГ №78 К-500 мм\n"
      },
      "geometry": {
        "type": "Point",
        "coordinates": [
          30.1093094680036,
          49.7810252538784
        ]
      }
    },
    {
      "type": "Feature",
      "properties": {
        "name": "вул. Михайла Сидорянського, 130\nПГ № 130 К-500 мм\n"
      },
      "geometry": {
        "type": "Point",
        "coordinates": [
          30.0996855316854,
          49.7842603863129
        ]
      }
    },
    {
      "type": "Feature",
      "properties": {
        "name": "вул. Михайла Сидорянського, 134\nПГ №134 К-500 мм\n"
      },
      "geometry": {
        "type": "Point",
        "coordinates": [
          30.0992936899619,
          49.7846002240939
        ]
      }
    },
    {
      "type": "Feature",
      "properties": {
        "name": "вул. Михайла Сидорянського, 168\nПГ №168 К-500 мм\n"
      },
      "geometry": {
        "type": "Point",
        "coordinates": [
          30.0954906980371,
          49.7871542165234
        ]
      }
    },
    {
      "type": "Feature",
      "properties": {
        "name": "вул. Михайла Сидорянського, 184\nПГ №184 К-500 мм\n"
      },
      "geometry": {
        "type": "Point",
        "coordinates": [
          30.0933532403662,
          49.7885106193423
        ]
      }
    },
    {
      "type": "Feature",
      "properties": {
        "name": "вул. Михайла Сидорянського, 206\nПГ №206 К-500 мм\n"
      },
      "geometry": {
        "type": "Point",
        "coordinates": [
          30.0886304103324,
          49.7905810032733
        ]
      }
    },
    {
      "type": "Feature",
      "properties": {
        "name": "вул. Михайла Сидорянського, 216\nПГ №216 К-500 мм\n"
      },
      "geometry": {
        "type": "Point",
        "coordinates": [
          30.0871922557077,
          49.7917213296756
        ]
      }
    },
    {
      "type": "Feature",
      "properties": {
        "name": "вул. Михайла Сидорянського, 246\nПГ №246 К-500 мм\n"
      },
      "geometry": {
        "type": "Point",
        "coordinates": [
          30.0855010845431,
          49.7926682268322
        ]
      }
    },
    {
      "type": "Feature",
      "properties": {
        "name": "вул. Михайла Сидорянського, 252\nПГ №252 К-500 мм\n"
      },
      "geometry": {
        "type": "Point",
        "coordinates": [
          30.0844259373169,
          49.7930656855239
        ]
      }
    },
    {
      "type": "Feature",
      "properties": {
        "name": "вул. Михайла Сидорянського, 256\nПГ №256 К-500 мм\n"
      },
      "geometry": {
        "type": "Point",
        "coordinates": [
          30.0838711777936,
          49.7932846003782
        ]
      }
    },
    {
      "type": "Feature",
      "properties": {
        "name": "вул. Михайла Сидорянського, 262\nПГ №262 К-500 мм\n"
      },
      "geometry": {
        "type": "Point",
        "coordinates": [
          30.080520308481,
          49.795045745761
        ]
      }
    },
    {
      "type": "Feature",
      "properties": {
        "name": "вул. Михайла Сидорянського, 274\nПГ №274 К-500 мм\n"
      },
      "geometry": {
        "type": "Point",
        "coordinates": [
          30.0785722538605,
          49.7958720940773
        ]
      }
    },
    {
      "type": "Feature",
      "properties": {
        "name": "вул. Михайла Сидорянського, 284\nПГ №284 К-500 мм\n"
      },
      "geometry": {
        "type": "Point",
        "coordinates": [
          30.0760027115312,
          49.7969478375836
        ]
      }
    },
    {
      "type": "Feature",
      "properties": {
        "name": "вул. Михайла Сидорянського, 296\nПГ №296 К-500 мм\n"
      },
      "geometry": {
        "type": "Point",
        "coordinates": [
          30.0740788508093,
          49.7976182940517
        ]
      }
    },
    {
      "type": "Feature",
      "properties": {
        "name": "вул. Михайла Сидорянського, 306\nПГ №306 К-500 мм\n"
      },
      "geometry": {
        "type": "Point",
        "coordinates": [
          30.0724676814968,
          49.7982880947224
        ]
      }
    },
    {
      "type": "Feature",
      "properties": {
        "name": "вул. Михайла Сидорянського, 3\nПГ №3 К-500 мм\n"
      },
      "geometry": {
        "type": "Point",
        "coordinates": [
          30.094725284543,
          49.7860766196051
        ]
      }
    },
    {
      "type": "Feature",
      "properties": {
        "name": "вул. Михайла Сидорянського, 3А\nПГ №1 К-150 мм (Об`єктовий\nНавчальний корпус №9)\n"
      },
      "geometry": {
        "type": "Point",
        "coordinates": [
          30.0984643692014,
          49.78288665401
        ]
      }
    },
    {
      "type": "Feature",
      "properties": {
        "name": "вул. Михайла Сидорянського, 3А ПГ №2 К-150 мм (Об`єктовий\nНавчальний корпус №9)"
      },
      "geometry": {
        "type": "Point",
        "coordinates": [
          30.0992847,
          49.7813543
        ]
      }
    },
    {
      "type": "Feature",
      "properties": {
        "name": "вул. Михайла Сидорянського, 3А\nПГ №3 К-150 мм (Об`єктовий\nНавчальний корпус №9)\n"
      },
      "geometry": {
        "type": "Point",
        "coordinates": [
          30.0984694,
          49.7814596
        ]
      }
    },
    {
      "type": "Feature",
      "properties": {
        "name": "вул. Михайла Сидорянського, 3А\nПГ №4 К-150 мм (Об`єктовий\nНавчальний корпус №9)\n"
      },
      "geometry": {
        "type": "Point",
        "coordinates": [
          30.0975145,
          49.7813903
        ]
      }
    },
    {
      "type": "Feature",
      "properties": {
        "name": "вул Михайла Сидорянського, 216А\nПГ №1 К-200 мм (Об`єктовий СТО «Автолюкс»)\n"
      },
      "geometry": {
        "type": "Point",
        "coordinates": [
          30.0879969172066,
          49.7917698050916
        ]
      }
    },
    {
      "type": "Feature",
      "properties": {
        "name": "вул. Дмитрівська, 13\nПГ №13 К-150 мм\n"
      },
      "geometry": {
        "type": "Point",
        "coordinates": [
          30.1280600962933,
          49.7986846177183
        ]
      }
    },
    {
      "type": "Feature",
      "properties": {
        "name": "вул. Дмитрівська, 40\nПГ №40 К-150 мм\n"
      },
      "geometry": {
        "type": "Point",
        "coordinates": [
          30.1288824577528,
          49.7990917137003
        ]
      }
    },
    {
      "type": "Feature",
      "properties": {
        "name": "вул. Петра Калнишевського, 8\nПГ №8 К-100 мм\n"
      },
      "geometry": {
        "type": "Point",
        "coordinates": [
          30.1306121115312,
          49.7985486793936
        ]
      }
    },
    {
      "type": "Feature",
      "properties": {
        "name": "пр-к Петра Калнишевського , 44\nПГ№44 К-100 мм\n"
      },
      "geometry": {
        "type": "Point",
        "coordinates": [
          30.1303492868564,
          49.7988654544599
        ]
      }
    },
    {
      "type": "Feature",
      "properties": {
        "name": "вул. Петера Новотні, 60а\nПГ №60А К-100 мм\n"
      },
      "geometry": {
        "type": "Point",
        "coordinates": [
          30.1580535672731,
          49.7773944062718
        ]
      }
    },
    {
      "type": "Feature",
      "properties": {
        "name": "вул. Петера Новотні , 60\nПГ №60 К-100 мм\n"
      },
      "geometry": {
        "type": "Point",
        "coordinates": [
          30.1570431422156,
          49.7775224222157
        ]
      }
    },
    {
      "type": "Feature",
      "properties": {
        "name": "вул. Петера Новотні 26\nПГ №26 К-100 мм\n"
      },
      "geometry": {
        "type": "Point",
        "coordinates": [
          30.1514226103316,
          49.7790895795336
        ]
      }
    },
    {
      "type": "Feature",
      "properties": {
        "name": "пр.2-ий Рокитнянський, 13\nПГ №13 К-150 мм\n"
      },
      "geometry": {
        "type": "Point",
        "coordinates": [
          30.1297879980369,
          49.7871685164824
        ]
      }
    },
    {
      "type": "Feature",
      "properties": {
        "name": "пр.2-ий Рокитнянський, 10\nПГ №1 К-100 мм (Об`єктовий\nОнкодиспансер)\n"
      },
      "geometry": {
        "type": "Point",
        "coordinates": [
          30.1308825,
          49.7869885
        ]
      }
    },
    {
      "type": "Feature",
      "properties": {
        "name": "пл. Соборна, 11\nПГ №11 К-150 мм\n"
      },
      "geometry": {
        "type": "Point",
        "coordinates": [
          30.1140038268724,
          49.7921253238441
        ]
      }
    },
    {
      "type": "Feature",
      "properties": {
        "name": "пл. Соборна, 8/1\nПГ №1 К-150 мм (Об`єктовий\nБЦНАУ)\n"
      },
      "geometry": {
        "type": "Point",
        "coordinates": [
          30.1120770371836,
          49.7914241985392
        ]
      }
    },
    {
      "type": "Feature",
      "properties": {
        "name": "пл. Соборна, 8/1\nПГ №2 К-150 мм (Об`єктовий\nБЦНАУ)\n"
      },
      "geometry": {
        "type": "Point",
        "coordinates": [
          30.1126281,
          49.7912224
        ]
      }
    },
    {
      "type": "Feature",
      "properties": {
        "name": "вул. Ставищанська, 11\nПГ №11 К-150 мм\n"
      },
      "geometry": {
        "type": "Point",
        "coordinates": [
          30.1097285481884,
          49.7869123759205
        ]
      }
    },
    {
      "type": "Feature",
      "properties": {
        "name": "вул. Ставищанська, 24\nПГ №24 К-200 мм\n"
      },
      "geometry": {
        "type": "Point",
        "coordinates": [
          30.1086011514508,
          49.7872606641708
        ]
      }
    },
    {
      "type": "Feature",
      "properties": {
        "name": "вул. Ставищанська, 43\nПГ №43 К-200 мм\n"
      },
      "geometry": {
        "type": "Point",
        "coordinates": [
          30.1071328643826,
          49.7868062982714
        ]
      }
    },
    {
      "type": "Feature",
      "properties": {
        "name": "вул. Ставищанська, 49\nПГ №49 К-200 мм\n"
      },
      "geometry": {
        "type": "Point",
        "coordinates": [
          30.1061779980368,
          49.7867370292578
        ]
      }
    },
    {
      "type": "Feature",
      "properties": {
        "name": "вул. Ставищанська, 69\nПГ №69 К-200 мм\n"
      },
      "geometry": {
        "type": "Point",
        "coordinates": [
          30.1045042997228,
          49.7858780852601
        ]
      }
    },
    {
      "type": "Feature",
      "properties": {
        "name": "вул. Ставищанська, 100\nПГ №100 К-200 мм\n"
      },
      "geometry": {
        "type": "Point",
        "coordinates": [
          30.1026289980369,
          49.7850165411247
        ]
      }
    },
    {
      "type": "Feature",
      "properties": {
        "name": "вул. Ставищанська, 126\nПГ №1 К-150 мм (Об`єктовий Зоотехнічний факультет)\n"
      },
      "geometry": {
        "type": "Point",
        "coordinates": [
          30.099325907057,
          49.7807409070738
        ]
      }
    },
    {
      "type": "Feature",
      "properties": {
        "name": "вул. Ставищанська, 126\nПГ №2 К-150 мм (Об`єктовий Зоотехнічний факультет)\n"
      },
      "geometry": {
        "type": "Point",
        "coordinates": [
          30.0988145,
          49.7805591
        ]
      }
    },
    {
      "type": "Feature",
      "properties": {
        "name": "вул. Ставищанська, 126\nПГ №3 К-150 мм (Об`єктовий Зоотехнічний факультет)"
      },
      "geometry": {
        "type": "Point",
        "coordinates": [
          30.0982352,
          49.7804968
        ]
      }
    },
    {
      "type": "Feature",
      "properties": {
        "name": "вул. Ставищанська, 126\nПГ №4 К-150 мм (Об`єктовий Зоотехнічний факультет)"
      },
      "geometry": {
        "type": "Point",
        "coordinates": [
          30.097924,
          49.7809956
        ]
      }
    },
    {
      "type": "Feature",
      "properties": {
        "name": "вул. Ставищанська, 126\nПГ №5 К-150 мм (Об`єктовий Зоотехнічний факультет)"
      },
      "geometry": {
        "type": "Point",
        "coordinates": [
          30.0972696,
          49.7807254
        ]
      }
    },
    {
      "type": "Feature",
      "properties": {
        "name": "пр-к Грузинський, 46\nПГ №46 К-200 мм\n"
      },
      "geometry": {
        "type": "Point",
        "coordinates": [
          30.1248533025844,
          49.7995366631448
        ]
      }
    },
    {
      "type": "Feature",
      "properties": {
        "name": "пр-к Таращанський, 121\nПГ №121 К-100 мм\n"
      },
      "geometry": {
        "type": "Point",
        "coordinates": [
          30.1151936702883,
          49.7843351406285
        ]
      }
    },
    {
      "type": "Feature",
      "properties": {
        "name": "пр-к Студенський, 6\nПГ№6 К-500 мм\n"
      },
      "geometry": {
        "type": "Point",
        "coordinates": [
          30.0899780268722,
          49.7850433682252
        ]
      }
    },
    {
      "type": "Feature",
      "properties": {
        "name": "вул. Тарщанська, 18\nПГ №18 К-200 мм\n"
      },
      "geometry": {
        "type": "Point",
        "coordinates": [
          30.1139244845428,
          49.7849853129865
        ]
      }
    },
    {
      "type": "Feature",
      "properties": {
        "name": "вул. Тарщанська, 57\nПГ №57 К-200 мм\n"
      },
      "geometry": {
        "type": "Point",
        "coordinates": [
          30.1137703980367,
          49.7817733937438
        ]
      }
    },
    {
      "type": "Feature",
      "properties": {
        "name": "вул. Тарщанська, 119\nПГ №119 К-200 мм\n"
      },
      "geometry": {
        "type": "Point",
        "coordinates": [
          30.1207317692013,
          49.7772409317436
        ]
      }
    },
    {
      "type": "Feature",
      "properties": {
        "name": "вул. Тарщанська, 123\nПГ №123 К-200 мм\n"
      },
      "geometry": {
        "type": "Point",
        "coordinates": [
          30.1212089692012,
          49.7767810461864
        ]
      }
    },
    {
      "type": "Feature",
      "properties": {
        "name": "вул. Тарщанська, 139\nПГ №139 К-200 мм\n"
      },
      "geometry": {
        "type": "Point",
        "coordinates": [
          30.1220995250245,
          49.775393164515
        ]
      }
    },
    {
      "type": "Feature",
      "properties": {
        "name": "вул. Таращанська, 155/1\nПГ №155/1 К-200 мм\n"
      },
      "geometry": {
        "type": "Point",
        "coordinates": [
          30.1235704945658,
          49.7734060455038
        ]
      }
    },
    {
      "type": "Feature",
      "properties": {
        "name": "вул. Таращанська, 155/2\nПГ №155/2 К-200 мм\n"
      },
      "geometry": {
        "type": "Point",
        "coordinates": [
          30.1232834476493,
          49.7738947678846
        ]
      }
    },
    {
      "type": "Feature",
      "properties": {
        "name": "вул. Таращанська, 161\nПГ №161 К-200 мм\n"
      },
      "geometry": {
        "type": "Point",
        "coordinates": [
          30.1274170104591,
          49.7714119865881
        ]
      }
    },
    {
      "type": "Feature",
      "properties": {
        "name": "49.771321916156936,  30.127363367353585"
      },
      "geometry": {
        "type": "Point",
        "coordinates": [
          30.1273633673536,
          49.7713219161569
        ]
      }
    },
    {
      "type": "Feature",
      "properties": {
        "name": "вул. Таращанська, 161А/1\nПГ №161А/1 К-200 мм\n"
      },
      "geometry": {
        "type": "Point",
        "coordinates": [
          30.1270247,
          49.7710369
        ]
      }
    },
    {
      "type": "Feature",
      "properties": {
        "name": "вул. Таращанська, 161А/2\nПГ №161А/2 К-200 мм\n"
      },
      "geometry": {
        "type": "Point",
        "coordinates": [
          30.1276258,
          49.7703127
        ]
      }
    },
    {
      "type": "Feature",
      "properties": {
        "name": "вул. Таращанська, 163\nПГ №163 К-200 мм\n"
      },
      "geometry": {
        "type": "Point",
        "coordinates": [
          30.1295695268717,
          49.7705543517141
        ]
      }
    },
    {
      "type": "Feature",
      "properties": {
        "name": "49.770424514227074,  30.12954264601297"
      },
      "geometry": {
        "type": "Point",
        "coordinates": [
          30.129542646013,
          49.7704245142271
        ]
      }
    },
    {
      "type": "Feature",
      "properties": {
        "name": "вул. Таращанська, 163А\nПГ №163А К-200 мм\n"
      },
      "geometry": {
        "type": "Point",
        "coordinates": [
          30.1302556,
          49.7708792
        ]
      }
    },
    {
      "type": "Feature",
      "properties": {
        "name": "вул. Таращанська, 191А\nПГ №191А К-200 мм\n"
      },
      "geometry": {
        "type": "Point",
        "coordinates": [
          30.1260413835491,
          49.7709107306084
        ]
      }
    },
    {
      "type": "Feature",
      "properties": {
        "name": "вул. Таращанська, 192\nПГ №192 К-200 мм\n"
      },
      "geometry": {
        "type": "Point",
        "coordinates": [
          30.1246922325519,
          49.7721309649624
        ]
      }
    },
    {
      "type": "Feature",
      "properties": {
        "name": "вул. Таращанська, 191\nПГ №191 К-200 мм\n"
      },
      "geometry": {
        "type": "Point",
        "coordinates": [
          30.125374982695,
          49.770073730927
        ]
      }
    },
    {
      "type": "Feature",
      "properties": {
        "name": "вул. Таращанська, 193\nПГ №193 К-200 мм\n"
      },
      "geometry": {
        "type": "Point",
        "coordinates": [
          30.1268189115302,
          49.7687378742371
        ]
      }
    },
    {
      "type": "Feature",
      "properties": {
        "name": "вул. Таращанська, 100\nПГ№100 К-200 мм\n"
      },
      "geometry": {
        "type": "Point",
        "coordinates": [
          30.1144793980367,
          49.780739129307
        ]
      }
    },
    {
      "type": "Feature",
      "properties": {
        "name": "вул. Таращанська, 201\nПГ№1 К-150 мм (Об`єктовий Комбікормовий завод)\n"
      },
      "geometry": {
        "type": "Point",
        "coordinates": [
          30.1256772,
          49.7703141
        ]
      }
    },
    {
      "type": "Feature",
      "properties": {
        "name": "вул. Таращанська\nПГ№1 К-200 мм (Об`єктовий Строй М-н «ЦАРРИНОК»)\n"
      },
      "geometry": {
        "type": "Point",
        "coordinates": [
          30.1192489120437,
          49.7775325210422
        ]
      }
    },
    {
      "type": "Feature",
      "properties": {
        "name": "вул. Таращанська, 167А\nПГ№1 К-100 мм (Об`єктовий БИНВК «Казка»)\n"
      },
      "geometry": {
        "type": "Point",
        "coordinates": [
          30.1305786,
          49.7705214
        ]
      }
    },
    {
      "type": "Feature",
      "properties": {
        "name": "вул. Таращанська, 167\nПГ№1 К-200 мм (Об`єктовий ЗОШ №22)\n"
      },
      "geometry": {
        "type": "Point",
        "coordinates": [
          30.1312658389922,
          49.7715094049613
        ]
      }
    },
    {
      "type": "Feature",
      "properties": {
        "name": "вул. Грушевського, 24\nПГ №24 К-200 мм\n"
      },
      "geometry": {
        "type": "Point",
        "coordinates": [
          30.1221392403937,
          49.7731482450621
        ]
      }
    },
    {
      "type": "Feature",
      "properties": {
        "name": "вул. Відродження, 38\nПГ №38 К-200 мм\n"
      },
      "geometry": {
        "type": "Point",
        "coordinates": [
          30.1228773748813,
          49.772296467619
        ]
      }
    },
    {
      "type": "Feature",
      "properties": {
        "name": "вул. Юр’ївська, 54\nПГ №54 К-200 мм\n"
      },
      "geometry": {
        "type": "Point",
        "coordinates": [
          30.1248593339178,
          49.7694024296033
        ]
      }
    },
    {
      "type": "Feature",
      "properties": {
        "name": "вул. Миколи Амосова, 2А\nПГ №2А К-200 мм\n"
      },
      "geometry": {
        "type": "Point",
        "coordinates": [
          30.1236172,
          49.7746433
        ]
      }
    },
    {
      "type": "Feature",
      "properties": {
        "name": "вул. Миколи Амосова , 2\nПГ №2 К-200 мм\n"
      },
      "geometry": {
        "type": "Point",
        "coordinates": [
          30.1246134980366,
          49.7749102801531
        ]
      }
    },
    {
      "type": "Feature",
      "properties": {
        "name": "вул. Миколи Амосова , 4\nПГ №4 К-200 мм\n"
      },
      "geometry": {
        "type": "Point",
        "coordinates": [
          30.1300103268718,
          49.7742112961019
        ]
      }
    },
    {
      "type": "Feature",
      "properties": {
        "name": "вул. Миколи Амосова , 6\nПГ №6 К-200 мм\n"
      },
      "geometry": {
        "type": "Point",
        "coordinates": [
          30.1259702,
          49.7756268
        ]
      }
    },
    {
      "type": "Feature",
      "properties": {
        "name": "вул. Миколи Амосова , 16\nПГ №16 К-200 мм\n"
      },
      "geometry": {
        "type": "Point",
        "coordinates": [
          30.1327195115305,
          49.7734721997734
        ]
      }
    },
    {
      "type": "Feature",
      "properties": {
        "name": "вул. Миколи Амосова , 18\nПГ №18 К-150 мм\n"
      },
      "geometry": {
        "type": "Point",
        "coordinates": [
          30.1319453980366,
          49.7726278027914
        ]
      }
    },
    {
      "type": "Feature",
      "properties": {
        "name": "вул. Миколи Амосова , 6\nПГ №1 К-150 мм (Об`єктовий\nЦентральна лікарня (ЦРЛ)\n"
      },
      "geometry": {
        "type": "Point",
        "coordinates": [
          30.1250814826952,
          49.7749115232516
        ]
      }
    },
    {
      "type": "Feature",
      "properties": {
        "name": "вул. Миколи Амосова , 6\nПГ №1 К-150 мм (Об`єктовий\nЦентральна лікарня (ЦРЛ)"
      },
      "geometry": {
        "type": "Point",
        "coordinates": [
          30.126481,
          49.774811
        ]
      }
    },
    {
      "type": "Feature",
      "properties": {
        "name": "вул. Томилівська, 41\nПГ №41 К-100 мм\n"
      },
      "geometry": {
        "type": "Point",
        "coordinates": [
          30.1581506115307,
          49.779462906333
        ]
      }
    },
    {
      "type": "Feature",
      "properties": {
        "name": "вул. Томилівська, 45\nПГ №45 К-100 мм\n"
      },
      "geometry": {
        "type": "Point",
        "coordinates": [
          30.1612746961893,
          49.7794536665122
        ]
      }
    },
    {
      "type": "Feature",
      "properties": {
        "name": "вул. Томилівська, 50\nПГ №50 К-100 мм\n"
      },
      "geometry": {
        "type": "Point",
        "coordinates": [
          30.1606402980367,
          49.7780686270059
        ]
      }
    },
    {
      "type": "Feature",
      "properties": {
        "name": "вул. Томилівська, 50/2\nПГ №50/2 К-100 мм\n"
      },
      "geometry": {
        "type": "Point",
        "coordinates": [
          30.1606991,
          49.7780419
        ]
      }
    },
    {
      "type": "Feature",
      "properties": {
        "name": "вул. І. Франко, 52\nПГ №52 К-150 мм\n"
      },
      "geometry": {
        "type": "Point",
        "coordinates": [
          30.1226157557077,
          49.7872326968691
        ]
      }
    },
    {
      "type": "Feature",
      "properties": {
        "name": "вул. Степана Бандери, 40\nПГ №40 К-200 мм\n"
      },
      "geometry": {
        "type": "Point",
        "coordinates": [
          30.1034544980369,
          49.7892320777466
        ]
      }
    },
    {
      "type": "Feature",
      "properties": {
        "name": "вул. Степана Бандери, 50\nПГ №50 К-200 мм\n"
      },
      "geometry": {
        "type": "Point",
        "coordinates": [
          30.101626911531,
          49.7897031092338
        ]
      }
    },
    {
      "type": "Feature",
      "properties": {
        "name": "вул. Степана Бандери, 60\nПГ №60 К-300 мм\n"
      },
      "geometry": {
        "type": "Point",
        "coordinates": [
          30.0999104557077,
          49.7905878122134
        ]
      }
    },
    {
      "type": "Feature",
      "properties": {
        "name": "вул. Степана Бандери, 64\nПГ №64 К-300 мм\n"
      },
      "geometry": {
        "type": "Point",
        "coordinates": [
          30.0993548692017,
          49.7907951642034
        ]
      }
    },
    {
      "type": "Feature",
      "properties": {
        "name": "пр. Івана Гонти, 9\nПГ №9 К-100 мм\n"
      },
      "geometry": {
        "type": "Point",
        "coordinates": [
          30.099989530921,
          49.7890537560364
        ]
      }
    },
    {
      "type": "Feature",
      "properties": {
        "name": "пр. Івана Гонти, 20\nПГ №20 К-100 мм\n"
      },
      "geometry": {
        "type": "Point",
        "coordinates": [
          30.097789011531,
          49.7880281872829
        ]
      }
    },
    {
      "type": "Feature",
      "properties": {
        "name": "вул. Івана Сірка, 17\nПГ №17 К-100 мм\n"
      },
      "geometry": {
        "type": "Point",
        "coordinates": [
          30.1006507980371,
          49.7915689613264
        ]
      }
    },
    {
      "type": "Feature",
      "properties": {
        "name": "вул. Шевченка, 7\nПГ №7 К-150 мм\n"
      },
      "geometry": {
        "type": "Point",
        "coordinates": [
          30.1176353115311,
          49.7947292237875
        ]
      }
    },
    {
      "type": "Feature",
      "properties": {
        "name": "вул. Шевченка, 33\nПГ №33 К-150 мм\n"
      },
      "geometry": {
        "type": "Point",
        "coordinates": [
          30.1206102692018,
          49.7929696561184
        ]
      }
    },
    {
      "type": "Feature",
      "properties": {
        "name": "вул. Шевченка, 55\nПГ №55 К-150 мм\n"
      },
      "geometry": {
        "type": "Point",
        "coordinates": [
          30.1239818268724,
          49.7904497015258
        ]
      }
    },
    {
      "type": "Feature",
      "properties": {
        "name": "вул. Шевченка, 82\nПГ №82 К-150 мм\n"
      },
      "geometry": {
        "type": "Point",
        "coordinates": [
          30.1255470980369,
          49.7887465853312
        ]
      }
    },
    {
      "type": "Feature",
      "properties": {
        "name": "вул. Шевченка, 87\nПГ №87 К-150 мм\n"
      },
      "geometry": {
        "type": "Point",
        "coordinates": [
          30.1286703692015,
          49.7870864779919
        ]
      }
    },
    {
      "type": "Feature",
      "properties": {
        "name": "вул. Шевченка, 95\nПГ №95 К-150 мм\n"
      },
      "geometry": {
        "type": "Point",
        "coordinates": [
          30.1325993980369,
          49.7854107757427
        ]
      }
    },
    {
      "type": "Feature",
      "properties": {
        "name": "вул. Шевченка, 97\nПГ №97 К-150 мм\n"
      },
      "geometry": {
        "type": "Point",
        "coordinates": [
          30.1328937250248,
          49.7860981735805
        ]
      }
    },
    {
      "type": "Feature",
      "properties": {
        "name": "вул. Шевченка, 103\nПГ №103 К-700 мм\n"
      },
      "geometry": {
        "type": "Point",
        "coordinates": [
          30.13124505386,
          49.7843679608281
        ]
      }
    },
    {
      "type": "Feature",
      "properties": {
        "name": "вул. Шевченка, 122\nПГ №122 К-150 мм\n"
      },
      "geometry": {
        "type": "Point",
        "coordinates": [
          30.1290237403661,
          49.7852264849068
        ]
      }
    },
    {
      "type": "Feature",
      "properties": {
        "name": "вул. Шевченка, 146\nПГ №146 К-150 мм\n"
      },
      "geometry": {
        "type": "Point",
        "coordinates": [
          30.1296027692015,
          49.7839158624442
        ]
      }
    },
    {
      "type": "Feature",
      "properties": {
        "name": "вул. Шевченка, 69\nПГ №1 К-150 мм (Об`єктовий\nДитяча лікарня)\n"
      },
      "geometry": {
        "type": "Point",
        "coordinates": [
          30.1259759,
          49.7893008
        ]
      }
    },
    {
      "type": "Feature",
      "properties": {
        "name": "вул. Шевченка, 69\nПГ №2 К-150 мм (Об`єктовий\nДитяча лікарня)"
      },
      "geometry": {
        "type": "Point",
        "coordinates": [
          30.1264654,
          49.7898084
        ]
      }
    },
    {
      "type": "Feature",
      "properties": {
        "name": "вул. Шевченка, 87\nПГ №1 К-150 мм (Об`єктовий\nТрикотажна фабрика)\n"
      },
      "geometry": {
        "type": "Point",
        "coordinates": [
          30.1291201,
          49.7873408
        ]
      }
    },
    {
      "type": "Feature",
      "properties": {
        "name": "вул. Шкільна, 13\nПГ №13 К-150 мм\n"
      },
      "geometry": {
        "type": "Point",
        "coordinates": [
          30.1157669,
          49.7856851
        ]
      }
    },
    {
      "type": "Feature",
      "properties": {
        "name": "вул. Ш. Алейхема, 16\nПГ №16 К-200 мм\n"
      },
      "geometry": {
        "type": "Point",
        "coordinates": [
          30.1192783557079,
          49.7945161245495
        ]
      }
    },
    {
      "type": "Feature",
      "properties": {
        "name": "вул. Ш. Алейхема, 32\nПГ №32 К-200 мм\n"
      },
      "geometry": {
        "type": "Point",
        "coordinates": [
          30.1203574403664,
          49.7938059307772
        ]
      }
    },
    {
      "type": "Feature",
      "properties": {
        "name": "вул. Ш. Алейхема, 42\nПГ №42 К-200 мм\n"
      },
      "geometry": {
        "type": "Point",
        "coordinates": [
          30.125080411531,
          49.7908576903142
        ]
      }
    },
    {
      "type": "Feature",
      "properties": {
        "name": "вул. Ш. Алейхема, 48/1\nПГ №48/1 К-200 мм\n"
      },
      "geometry": {
        "type": "Point",
        "coordinates": [
          30.1265433403663,
          49.7904572654596
        ]
      }
    },
    {
      "type": "Feature",
      "properties": {
        "name": "вул. Ш. Алейхема, 76\nПГ №76 К-200 мм\n"
      },
      "geometry": {
        "type": "Point",
        "coordinates": [
          30.1304132115309,
          49.7894440365143
        ]
      }
    },
    {
      "type": "Feature",
      "properties": {
        "name": "вул. Ш. Алейхема, 48/2\nПГ №48/2 К-200 мм\n"
      },
      "geometry": {
        "type": "Point",
        "coordinates": [
          30.125112598037,
          49.7908230587166
        ]
      }
    },
    {
      "type": "Feature",
      "properties": {
        "name": "вул. Ш. Алейхема, 82\nПГ №82 К-200 мм\n"
      },
      "geometry": {
        "type": "Point",
        "coordinates": [
          30.1316850268725,
          49.7888566447821
        ]
      }
    },
    {
      "type": "Feature",
      "properties": {
        "name": "вул. Ш. Алейхема, 76/1\nПГ№76/1 К-200 мм\n"
      },
      "geometry": {
        "type": "Point",
        "coordinates": [
          30.1309866,
          49.7892691
        ]
      }
    },
    {
      "type": "Feature",
      "properties": {
        "name": "вул. Ш. Алейхема, 69\nПГ №1 К-150 мм (Об`єктовий\nДитяча лікарня)\n"
      },
      "geometry": {
        "type": "Point",
        "coordinates": [
          30.1269351,
          49.7902718
        ]
      }
    },
    {
      "type": "Feature",
      "properties": {
        "name": "вул. Ш. Алейхема, 49\nПГ №1 К-150 мм\n"
      },
      "geometry": {
        "type": "Point",
        "coordinates": [
          30.1322241538602,
          49.7892154372009
        ]
      }
    },
    {
      "type": "Feature",
      "properties": {
        "name": "вул. Південна, 11\nПГ №11 К-100 мм\n"
      },
      "geometry": {
        "type": "Point",
        "coordinates": [
          30.0847602692018,
          49.7912092997879
        ]
      }
    },
    {
      "type": "Feature",
      "properties": {
        "name": "вул. Південна, 21\nПГ №21 К-100 мм\n"
      },
      "geometry": {
        "type": "Point",
        "coordinates": [
          30.0839240538603,
          49.7905327387902
        ]
      }
    },
    {
      "type": "Feature",
      "properties": {
        "name": "вул. Південна, 37\nПГ №37 К-100 мм\n"
      },
      "geometry": {
        "type": "Point",
        "coordinates": [
          30.0826586557076,
          49.7889963516547
        ]
      }
    },
    {
      "type": "Feature",
      "properties": {
        "name": "вул. Ярмакова, 1\nПГ №1 К-100 мм\n"
      },
      "geometry": {
        "type": "Point",
        "coordinates": [
          30.1214725115311,
          49.7939078562644
        ]
      }
    },
    {
      "type": "Feature",
      "properties": {
        "name": "вул. Ярмакова, 15\nПГ №15 К-100 мм\n"
      },
      "geometry": {
        "type": "Point",
        "coordinates": [
          30.1243350845432,
          49.7950493454204
        ]
      }
    },
    {
      "type": "Feature",
      "properties": {
        "name": "вул. Ярмакова, 21\nПГ №21 К-100 мм\n"
      },
      "geometry": {
        "type": "Point",
        "coordinates": [
          30.1254557557079,
          49.795753773992
        ]
      }
    },
    {
      "type": "Feature",
      "properties": {
        "name": "вул. Ярмакова, 37А\nПГ №37А К-100 мм\n"
      },
      "geometry": {
        "type": "Point",
        "coordinates": [
          30.1268383961898,
          49.7966429914313
        ]
      }
    },
    {
      "type": "Feature",
      "properties": {
        "name": "вул. Ярмакова, 37\nПГ №37 К-100 мм\n"
      },
      "geometry": {
        "type": "Point",
        "coordinates": [
          30.1269242268726,
          49.79662914045
        ]
      }
    },
    {
      "type": "Feature",
      "properties": {
        "name": "вул. Ярмакова\nПГ №1 К-150 мм (Об`єктовий\nЦентральний Ринок)\n"
      },
      "geometry": {
        "type": "Point",
        "coordinates": [
          30.1270822,
          49.7957545
        ]
      }
    },
    {
      "type": "Feature",
      "properties": {
        "name": "вул. Ярмакова\nПГ №2 К-150 мм (Об`єктовий\nЦентральний Ринок)"
      },
      "geometry": {
        "type": "Point",
        "coordinates": [
          30.1280887,
          49.7958435
        ]
      }
    },
    {
      "type": "Feature",
      "properties": {
        "name": "вул. Я. Мудрого, 2\nПГ №2 К-150 мм\n"
      },
      "geometry": {
        "type": "Point",
        "coordinates": [
          30.1133240692018,
          49.7933334067455
        ]
      }
    },
    {
      "type": "Feature",
      "properties": {
        "name": "вул. Я. Мудрого, 10\nПГ №10 К-150 мм\n"
      },
      "geometry": {
        "type": "Point",
        "coordinates": [
          30.1142687403664,
          49.7937832827279
        ]
      }
    },
    {
      "type": "Feature",
      "properties": {
        "name": "вул. Я. Мудрого, 18\nПГ №18 К-150 мм\n"
      },
      "geometry": {
        "type": "Point",
        "coordinates": [
          30.1170296538604,
          49.7954557982471
        ]
      }
    },
    {
      "type": "Feature",
      "properties": {
        "name": "вул. Я. Мудрого, 20\nПГ №20 К-150 мм\n"
      },
      "geometry": {
        "type": "Point",
        "coordinates": [
          30.1178863826958,
          49.7957136228655
        ]
      }
    },
    {
      "type": "Feature",
      "properties": {
        "name": "вул. Я. Мудрого, 22\nПГ №22 К-150 мм\n"
      },
      "geometry": {
        "type": "Point",
        "coordinates": [
          30.1180474673544,
          49.7962768461009
        ]
      }
    },
    {
      "type": "Feature",
      "properties": {
        "name": "вул. Я.Мудрого, 26\nПГ №26 К-150 мм\n"
      },
      "geometry": {
        "type": "Point",
        "coordinates": [
          30.1187524133786,
          49.7965764150953
        ]
      }
    },
    {
      "type": "Feature",
      "properties": {
        "name": "вул. Я. Мудрого, 42\nПГ №42 К-200 мм\n"
      },
      "geometry": {
        "type": "Point",
        "coordinates": [
          30.1220964980373,
          49.7989647834622
        ]
      }
    },
    {
      "type": "Feature",
      "properties": {
        "name": "вул. Я. Мудрого, 46\nПГ №46 К-200 мм\n"
      },
      "geometry": {
        "type": "Point",
        "coordinates": [
          30.1236315692019,
          49.7988946592817
        ]
      }
    },
    {
      "type": "Feature",
      "properties": {
        "name": "вул. Я. Мудрого, 64/2\nПГ №64/2 К-200 мм\n"
      },
      "geometry": {
        "type": "Point",
        "coordinates": [
          30.1232145,
          49.8016064
        ]
      }
    },
    {
      "type": "Feature",
      "properties": {
        "name": "вул. Я. Мудрого, 68\nПГ №68 К-200 мм\n"
      },
      "geometry": {
        "type": "Point",
        "coordinates": [
          30.1257034557081,
          49.8044437890536
        ]
      }
    },
    {
      "type": "Feature",
      "properties": {
        "name": "вул. Я. Мудрого, 36\nПГ №1 К-200 мм (Об`єктовий ТЦ «ГЕРМЕС»)\n"
      },
      "geometry": {
        "type": "Point",
        "coordinates": [
          30.1219293005971,
          49.7980049357618
        ]
      }
    },
    {
      "type": "Feature",
      "properties": {
        "name": "вул. Я. Мудрого, 36\nПГ №2 К-200 мм (Об`єктовий ТЦ «ГЕРМЕС»)"
      },
      "geometry": {
        "type": "Point",
        "coordinates": [
          30.1219246,
          49.7978871
        ]
      }
    },
    {
      "type": "Feature",
      "properties": {
        "name": "49.804464562171155,  30.125724913378818"
      },
      "geometry": {
        "type": "Point",
        "coordinates": [
          30.1257249133788,
          49.8044645621712
        ]
      }
    },
    {
      "type": "Feature",
      "properties": {
        "name": "вул. Я. Мудрого, 68\nПГ №1 К-200 мм (Об`єктовий ДНЗ№8 «Ясочка»)\n"
      },
      "geometry": {
        "type": "Point",
        "coordinates": [
          30.1242336,
          49.8005745
        ]
      }
    },
    {
      "type": "Feature",
      "properties": {
        "name": "вул. Таращанська, 197\nПГ №197 К-200 мм\n"
      },
      "geometry": {
        "type": "Point",
        "coordinates": [
          30.1260118403655,
          49.76546517854
        ]
      }
    },
    {
      "type": "Feature",
      "properties": {
        "name": "вул. Миколи Хрусталенка, 5в\nПГ№5в К-150 мм\n"
      },
      "geometry": {
        "type": "Point",
        "coordinates": [
          30.1296769268727,
          49.7963040971218
        ]
      }
    },
    {
      "type": "Feature",
      "properties": {
        "name": "вул. Уласа Самчука, 67\nПГ №67 К-100 мм\n"
      },
      "geometry": {
        "type": "Point",
        "coordinates": [
          30.0821186878472,
          49.7933675596307
        ]
      }
    },
    {
      "type": "Feature",
      "properties": {
        "name": "с. Глибічка Перед в`їздом в село\nВВ V=14 м3 (Об’єктове,\nГОСТ «Орбіта»)\n"
      },
      "geometry": {
        "type": "Point",
        "coordinates": [
          30.043589069812,
          49.7704615872335
        ]
      }
    },
    {
      "type": "Feature",
      "properties": {
        "name": "с. Глибічка Перед в`їздом в село\nВВ V=14 м3 (Об’єктове,\nГОСТ «НИВА»)"
      },
      "geometry": {
        "type": "Point",
        "coordinates": [
          30.0458763789176,
          49.7742567053681
        ]
      }
    },
    {
      "type": "Feature",
      "properties": {
        "name": "с. Городище На полі\nВВ V=25 м3 (Об’єктове,\n«АГРО-ТЕХ»)\n"
      },
      "geometry": {
        "type": "Point",
        "coordinates": [
          30.0101131133856,
          49.71602871442
        ]
      }
    },
    {
      "type": "Feature",
      "properties": {
        "name": "с. Пилипча вул. Соборна\nВВ V=50 м3 (Об’єктове,\nТОВ «Пилипчанка»)\n"
      },
      "geometry": {
        "type": "Point",
        "coordinates": [
          30.0320179946236,
          49.7354455518148
        ]
      }
    },
    {
      "type": "Feature",
      "properties": {
        "name": "с. Пилипча вул. Соборна\nВВ V=50 м3 (Сільська Рада)"
      },
      "geometry": {
        "type": "Point",
        "coordinates": [
          30.0308054,
          49.7356768
        ]
      }
    },
    {
      "type": "Feature",
      "properties": {
        "name": "с. Шкарівка вул. Ватутіна\nВВ V=25 м3 (Водоканал КХП «Світанок»)\n"
      },
      "geometry": {
        "type": "Point",
        "coordinates": [
          30.1696309718458,
          49.7338554439493
        ]
      }
    },
    {
      "type": "Feature",
      "properties": {
        "name": "с. Шкарівка вул. Ватутіна\nВВ V=25 м3 (Водоканал КХП «Світанок»)"
      },
      "geometry": {
        "type": "Point",
        "coordinates": [
          30.1638611349675,
          49.7304853575083
        ]
      }
    },
    {
      "type": "Feature",
      "properties": {
        "name": "с. Шкарівка вул. Гагаріна\nВВ V=25 м3 (Об’єктове,\nПилорама)\n"
      },
      "geometry": {
        "type": "Point",
        "coordinates": [
          30.1902139526483,
          49.7403269193863
        ]
      }
    },
    {
      "type": "Feature",
      "properties": {
        "name": "с. Шкарівка вул. Ватутіна, 3А\nПВ V=10 м3 (Об’єктове «Кафе Бочка»)\n"
      },
      "geometry": {
        "type": "Point",
        "coordinates": [
          30.136361495058,
          49.7541672719959
        ]
      }
    },
    {
      "type": "Feature",
      "properties": {
        "name": "с. Шкарівка вул. Ватутіна, 3А\nПВ V=10 м3 (Об’єктове «Кафе Бочка»)\n"
      },
      "geometry": {
        "type": "Point",
        "coordinates": [
          30.1323275,
          49.7528803
        ]
      }
    },
    {
      "type": "Feature",
      "properties": {
        "name": "с. Шкарівка вул. Ватутіна, 1А/1\nПГ№1А/1 К-100 (КХП «Світанок»)\n"
      },
      "geometry": {
        "type": "Point",
        "coordinates": [
          30.1488254774217,
          49.7494268648305
        ]
      }
    },
    {
      "type": "Feature",
      "properties": {
        "name": "с. Шкарівка вул. Ватутіна, 1А/1\nПГ№1А/1 К-100 (КХП «Світанок»)"
      },
      "geometry": {
        "type": "Point",
        "coordinates": [
          30.1446405886176,
          49.7471762363369
        ]
      }
    },
    {
      "type": "Feature",
      "properties": {
        "name": "с. Бикова Гребля ПОСП «Одісей»\nВВ V=25 м3 (Об’єктове,\nПОС «Одісей +»)"
      },
      "geometry": {
        "type": "Point",
        "coordinates": [
          30.1557561409598,
          49.6630012263495
        ]
      }
    },
    {
      "type": "Feature",
      "properties": {
        "name": "с. Бикова Гребля ПОСП «Одісей»\nВВ V=25 м3\n"
      },
      "geometry": {
        "type": "Point",
        "coordinates": [
          30.1557561409598,
          49.6630012263495
        ]
      }
    },
    {
      "type": "Feature",
      "properties": {
        "name": "с. Бикова Гребля ПОСП «Одісей»\nВВ V=25 м3"
      },
      "geometry": {
        "type": "Point",
        "coordinates": [
          30.154604,
          49.6633404
        ]
      }
    },
    {
      "type": "Feature",
      "properties": {
        "name": "с. Бикова Гребля неподалік від ЗОШ ВВ V=25 м3 (Сільська Рада)\n"
      },
      "geometry": {
        "type": "Point",
        "coordinates": [
          30.1553469320358,
          49.6715723337374
        ]
      }
    },
    {
      "type": "Feature",
      "properties": {
        "name": "с. Бикова Гребля в районі ферми\nВВ V=25 м3 (Об’єктове,\nФГ «Курінного»)\n"
      },
      "geometry": {
        "type": "Point",
        "coordinates": [
          30.1435636669345,
          49.6674655214271
        ]
      }
    },
    {
      "type": "Feature",
      "properties": {
        "name": "с. Мала Вільшанка вул. Садова\nВВ V=25 м3 (Об’єктове,\nВідділок «Гагаріна»)\n"
      },
      "geometry": {
        "type": "Point",
        "coordinates": [
          30.0888601581741,
          49.6891330281072
        ]
      }
    },
    {
      "type": "Feature",
      "properties": {
        "name": "с. Мала Вільшанка Селекційна Станція вул. Миру, 1\nВВ V=25 м3 (Об’єктове,\nВідділок «селекційна»)\n"
      },
      "geometry": {
        "type": "Point",
        "coordinates": [
          30.0983287379517,
          49.7253809598961
        ]
      }
    },
    {
      "type": "Feature",
      "properties": {
        "name": "с. Мала Вільшанка Селекційна Станція вул. Миру, 1\nПГ№1 К-100  (Об’єктове,\nВідділок «селекційна»)"
      },
      "geometry": {
        "type": "Point",
        "coordinates": [
          30.0995116667417,
          49.726432045946
        ]
      }
    },
    {
      "type": "Feature",
      "properties": {
        "name": "49.72643204594604, 30.099511666741673"
      },
      "geometry": {
        "type": "Point",
        "coordinates": [
          30.0995116667417,
          49.726432045946
        ]
      }
    },
    {
      "type": "Feature",
      "properties": {
        "name": "с. Мала Вільшанка Селекційна Станція вул. Центральна, 1 ПГ№1\nК-100 (Селекційна станція.\nДЗО ”Ясочка”)\n"
      },
      "geometry": {
        "type": "Point",
        "coordinates": [
          30.094257,
          49.7260389
        ]
      }
    },
    {
      "type": "Feature",
      "properties": {
        "name": "с. Озерна вул. Б. Хмельницького\nВВ V=25 м3 (Об’єктове,\nПП «Агро стар 51»)\n"
      },
      "geometry": {
        "type": "Point",
        "coordinates": [
          30.1207440938735,
          49.6171164700625
        ]
      }
    },
    {
      "type": "Feature",
      "properties": {
        "name": "с. Озерна вул. Б. Хмельницького\nВВ V=10 м3 (Об’єктове,\nДПДГ «Озерна» відділок №1)\n"
      },
      "geometry": {
        "type": "Point",
        "coordinates": [
          30.1282444331172,
          49.6037472478041
        ]
      }
    },
    {
      "type": "Feature",
      "properties": {
        "name": "с. Озерна вул. Б. Хмельницького\nВВ V=60 м3 (Об’єктове,\nДПДГ «Озерна» відділок №1)"
      },
      "geometry": {
        "type": "Point",
        "coordinates": [
          30.1282444331172,
          49.6037472478041
        ]
      }
    },
    {
      "type": "Feature",
      "properties": {
        "name": "с. Озерна вул. Б. Хмельницького\nВВ V=60 м3 (Об’єктове,\nДПДГ «Озерна» відділок №1)\n"
      },
      "geometry": {
        "type": "Point",
        "coordinates": [
          30.1283875,
          49.6032235
        ]
      }
    },
    {
      "type": "Feature",
      "properties": {
        "name": "с. Озерна вул. Свободи\nВВ V=50 м3 (Сільська рада)\n"
      },
      "geometry": {
        "type": "Point",
        "coordinates": [
          30.1368795753494,
          49.6444315006916
        ]
      }
    },
    {
      "type": "Feature",
      "properties": {
        "name": "с. Озерна вул. Б. Хмельницького\nВВ V=25 м3 (Об’єктове,\nПП «Агро стар 51»)\n"
      },
      "geometry": {
        "type": "Point",
        "coordinates": [
          30.1207440938735,
          49.6171164700625
        ]
      }
    },
    {
      "type": "Feature",
      "properties": {
        "name": "с. Озерна Вул. Паркова, 1\nВВ V=25 м3 (Об’єктове,\nБудинок для пристарілих)\n"
      },
      "geometry": {
        "type": "Point",
        "coordinates": [
          30.1212363,
          49.6197727
        ]
      }
    },
    {
      "type": "Feature",
      "properties": {
        "name": "с. Озерна вул. Б. Хмельницького\nВВ V=10 м3 (Об’єктове,\nДПДГ «Озерна» відділок №1)"
      },
      "geometry": {
        "type": "Point",
        "coordinates": [
          30.1282444331172,
          49.6037472478042
        ]
      }
    },
    {
      "type": "Feature",
      "properties": {
        "name": "с. Озерна Територія цукрового заводу ПВ V=140 м3\n"
      },
      "geometry": {
        "type": "Point",
        "coordinates": [
          30.1260192,
          49.6001409
        ]
      }
    },
    {
      "type": "Feature",
      "properties": {
        "name": "49.644431500691596, 30.136879575349354"
      },
      "geometry": {
        "type": "Point",
        "coordinates": [
          30.1368795753494,
          49.6444315006916
        ]
      }
    },
    {
      "type": "Feature",
      "properties": {
        "name": "с. Озерна Вул. Шкільна\n(на виїзді із села Озерна, поворот на Гостру Могилу) ВВ V=60 м3\n"
      },
      "geometry": {
        "type": "Point",
        "coordinates": [
          30.1354341,
          49.5579902
        ]
      }
    },
    {
      "type": "Feature",
      "properties": {
        "name": "с. Сорокотяги Територія Ферми\nВВ V=50 м3\n"
      },
      "geometry": {
        "type": "Point",
        "coordinates": [
          30.0303286538162,
          49.6687201829773
        ]
      }
    },
    {
      "type": "Feature",
      "properties": {
        "name": "с. Сорокотяги Біля ЗОШ\nВВ V=50 м3\n"
      },
      "geometry": {
        "type": "Point",
        "coordinates": [
          30.0276806,
          49.6753154
        ]
      }
    },
    {
      "type": "Feature",
      "properties": {
        "name": "с. Фастівка вул. Центральна\nВВ V=15 м3 (Об’єктове,\nТОВ «Фастівка»)\n"
      },
      "geometry": {
        "type": "Point",
        "coordinates": [
          30.028642852427,
          49.6355336195652
        ]
      }
    },
    {
      "type": "Feature",
      "properties": {
        "name": "с. Фастівка Центральна, 7\nПозаду ЗОШ ВВ V=25 м3 (Сільська рада)\n"
      },
      "geometry": {
        "type": "Point",
        "coordinates": [
          30.0031346256516,
          49.6345211476908
        ]
      }
    },
    {
      "type": "Feature",
      "properties": {
        "name": "с. Фастівка вул. Центральна\nВВ V=25 м3 (Об’єктове,\nТОВ «Фастівка»)\n"
      },
      "geometry": {
        "type": "Point",
        "coordinates": [
          30.0308869,
          49.6346963
        ]
      }
    },
    {
      "type": "Feature",
      "properties": {
        "name": "с. Фастівка Центральна, 7\nТериторія школи ПВ V=50 м3 (Територія школи)\n"
      },
      "geometry": {
        "type": "Point",
        "coordinates": [
          30.0015757,
          49.6341126
        ]
      }
    },
    {
      "type": "Feature",
      "properties": {
        "name": "с. Фесюрі територія фруктового саду ВВ V=50 м3\n"
      },
      "geometry": {
        "type": "Point",
        "coordinates": [
          29.9650536567105,
          49.6706412630589
        ]
      }
    },
    {
      "type": "Feature",
      "properties": {
        "name": "с. Черкас а/ш Київ-Одеса, 97 км\nВВ V=25 м3 (Об’єктове,\nБілоцерків ДЕУ ДРП-2)\n"
      },
      "geometry": {
        "type": "Point",
        "coordinates": [
          30.1919067378229,
          49.6952639021786
        ]
      }
    },
    {
      "type": "Feature",
      "properties": {
        "name": "хутір Черкас ВВ V=25 м3 (Об’єктове,\nКП Білоцерків Хлібпродукт)\n"
      },
      "geometry": {
        "type": "Point",
        "coordinates": [
          30.2097117767947,
          49.6918227143726
        ]
      }
    },
    {
      "type": "Feature",
      "properties": {
        "name": "с. Черкас вул. Набережна\nВВ V=25 м3 (Сільська рада)"
      },
      "geometry": {
        "type": "Point",
        "coordinates": [
          30.1681966419286,
          49.6817904518935
        ]
      }
    },
    {
      "type": "Feature",
      "properties": {
        "name": "с. Черкас полігон збору сировини ВВ V=25 м3 (Об’єктове,\nВАТ «Росава»)\n"
      },
      "geometry": {
        "type": "Point",
        "coordinates": [
          30.1648307757829,
          49.6794665459787
        ]
      }
    },
    {
      "type": "Feature",
      "properties": {
        "name": "с. Мала Сквира вул. Новоселівська\nВВ V=50 м3 (Об’єктове,\nМежиріччя-Агро)\n"
      },
      "geometry": {
        "type": "Point",
        "coordinates": [
          29.9532063,
          49.6757817
        ]
      }
    },
    {
      "type": "Feature",
      "properties": {
        "name": "с. Мала Сквира вул. Новоселівська\nВВ V=25 м3 (Об’єктове,\nПАТ «Білоцинк»)\n"
      },
      "geometry": {
        "type": "Point",
        "coordinates": [
          29.9498554612394,
          49.6696841981847
        ]
      }
    },
    {
      "type": "Feature",
      "properties": {
        "name": "с. Яблунівка вул. Надрічна\nФерма, №1 ВВ V=25 м3 (Об’єктове,\nМежиріччя-Агро)\n"
      },
      "geometry": {
        "type": "Point",
        "coordinates": [
          29.972861841019,
          49.6901735642919
        ]
      }
    },
    {
      "type": "Feature",
      "properties": {
        "name": "с. Яблунівка вул. Центральна\nФерма, №2 ВВ V=25 м3 (Об’єктове,\nМежиріччя-Агро)\n"
      },
      "geometry": {
        "type": "Point",
        "coordinates": [
          29.9591874716719,
          49.694914385964
        ]
      }
    },
    {
      "type": "Feature",
      "properties": {
        "name": "с. Яблунівка вул. Центральна\nв парковій зоні за приміщенням лабораторії/ за сільською радою.\nВВ V=25 м3 (Сільська Рада)\n"
      },
      "geometry": {
        "type": "Point",
        "coordinates": [
          29.9571418237474,
          49.6897484011424
        ]
      }
    },
    {
      "type": "Feature",
      "properties": {
        "name": "с. Яблунівка вул. Центральна\nПоблизу ферми ВВ V=25 м3 (Сільська Рада)\n"
      },
      "geometry": {
        "type": "Point",
        "coordinates": [
          29.9603246431778,
          49.6867509850946
        ]
      }
    },
    {
      "type": "Feature",
      "properties": {
        "name": "вул. Княгині Ольги 11, ПГ-11 "
      },
      "geometry": {
        "type": "Point",
        "coordinates": [
          30.1453721,
          49.7879964
        ]
      }
    },
    {
      "type": "Feature",
      "properties": {
        "name": "вул.Зенітного полку,24 ПГ-24 К-200"
      },
      "geometry": {
        "type": "Point",
        "coordinates": [
          30.1483685,
          49.7937032
        ]
      }
    },
    {
      "type": "Feature",
      "properties": {
        "name": "вул.Зенітного полку,28,ПГ-28 К300"
      },
      "geometry": {
        "type": "Point",
        "coordinates": [
          30.1504175,
          49.7942652
        ]
      }
    },
    {
      "type": "Feature",
      "properties": {
        "name": "вул. Зенітного полку,30 ПГ-300 К-200"
      },
      "geometry": {
        "type": "Point",
        "coordinates": [
          30.147654,
          49.789266
        ]
      }
    },
    {
      "type": "Feature",
      "properties": {
        "name": "вул. Зенітного полку,46 ПГ-46 К-200"
      },
      "geometry": {
        "type": "Point",
        "coordinates": [
          30.146552,
          49.79124
        ]
      }
    },
    {
      "type": "Feature",
      "properties": {
        "name": "вул. Зенітного полку,139 ПГ-139 а К-200"
      },
      "geometry": {
        "type": "Point",
        "coordinates": [
          30.146826,
          49.791611
        ]
      }
    },
    {
      "type": "Feature",
      "properties": {
        "name": "вул. Зенітного полку,139 ПГ-139 б К-200"
      },
      "geometry": {
        "type": "Point",
        "coordinates": [
          30.147998,
          49.791563
        ]
      }
    },
    {
      "type": "Feature",
      "properties": {
        "name": "вул. Зенітного полку,95 ПГ-95 К-200"
      },
      "geometry": {
        "type": "Point",
        "coordinates": [
          30.144167,
          49.796417
        ]
      }
    },
    {
      "type": "Feature",
      "properties": {
        "name": "вул. Зенітного полку,99 ПГ-99 К-200"
      },
      "geometry": {
        "type": "Point",
        "coordinates": [
          30.145233,
          49.789932
        ]
      }
    },
    {
      "type": "Feature",
      "properties": {
        "name": "вул. Зенітного полку,115 ПГ-115 К-200 "
      },
      "geometry": {
        "type": "Point",
        "coordinates": [
          30.145218,
          49.793108
        ]
      }
    },
    {
      "type": "Feature",
      "properties": {
        "name": "вул. Зенітного полку,121 ПГ-121 К-200"
      },
      "geometry": {
        "type": "Point",
        "coordinates": [
          30.147935,
          49.792635
        ]
      }
    },
    {
      "type": "Feature",
      "properties": {
        "name": "вул. Зенітного полку,121 ПГ-121а К-200"
      },
      "geometry": {
        "type": "Point",
        "coordinates": [
          30.146141,
          49.793199
        ]
      }
    },
    {
      "type": "Feature",
      "properties": {
        "name": "вул. Зенітного полку,127 ПГ-127 К-200"
      },
      "geometry": {
        "type": "Point",
        "coordinates": [
          30.146487,
          49.793935
        ]
      }
    },
    {
      "type": "Feature",
      "properties": {
        "name": "вул. Зенітного полку, 137 ПГ-137 К-200"
      },
      "geometry": {
        "type": "Point",
        "coordinates": [
          30.142875,
          49.788205
        ]
      }
    },
    {
      "type": "Feature",
      "properties": {
        "name": "вул. Зенітного полку,137 ПГ-137 а К-200"
      },
      "geometry": {
        "type": "Point",
        "coordinates": [
          30.142587,
          49.787685
        ]
      }
    },
    {
      "type": "Feature",
      "properties": {
        "name": "вул. Зенітного полку,137 ПГ-137 б К-200"
      },
      "geometry": {
        "type": "Point",
        "coordinates": [
          30.14324,
          49.7879
        ]
      }
    },
    {
      "type": "Feature",
      "properties": {
        "name": "вул. Зенітного полку,139 ПГ-139 К-200"
      },
      "geometry": {
        "type": "Point",
        "coordinates": [
          30.145774,
          49.792969
        ]
      }
    },
    {
      "type": "Feature",
      "properties": {
        "name": "вул. Зенітного полку,18 ПГ-18 К-200"
      },
      "geometry": {
        "type": "Point",
        "coordinates": [
          30.149168,
          49.790949
        ]
      }
    },
    {
      "type": "Feature",
      "properties": {
        "name": "вул.Ротецька,7 ПГ-7 К-200"
      },
      "geometry": {
        "type": "Point",
        "coordinates": [
          30.138254,
          49.792565
        ]
      }
    },
    {
      "type": "Feature",
      "properties": {
        "name": "вул.Ротецька,26 ПГ-26 К-150"
      },
      "geometry": {
        "type": "Point",
        "coordinates": [
          30.136918,
          49.793375
        ]
      }
    },
    {
      "type": "Feature",
      "properties": {
        "name": "вул. Ротецька ,31 ПГ-31 Т-150"
      },
      "geometry": {
        "type": "Point",
        "coordinates": [
          30.139719,
          49.791778
        ]
      }
    },
    {
      "type": "Feature",
      "properties": {
        "name": "переулок Льодовий ,22 ПГ-22 Т-150"
      },
      "geometry": {
        "type": "Point",
        "coordinates": [
          30.13577,
          49.79473
        ]
      }
    },
    {
      "type": "Feature",
      "properties": {
        "name": "вул. Рибна ,4 ПГ-4 К-300"
      },
      "geometry": {
        "type": "Point",
        "coordinates": [
          30.143977,
          49.797152
        ]
      }
    },
    {
      "type": "Feature",
      "properties": {
        "name": "вул. Рибна ,8 ПГ-8 К-300 "
      },
      "geometry": {
        "type": "Point",
        "coordinates": [
          30.1463,
          49.797116
        ]
      }
    },
    {
      "type": "Feature",
      "properties": {
        "name": "вул. Рибна ,10 ПГ-10 К-150 "
      },
      "geometry": {
        "type": "Point",
        "coordinates": [
          30.14939,
          49.797426
        ]
      }
    },
    {
      "type": "Feature",
      "properties": {
        "name": "Хутір Одноріг на території підсобного хазяйства\nВВ№2\nВВ\nV=25 м3\nОб’єктове,\nТОВ «Білоцерків хлібопродукт»\n\n"
      },
      "geometry": {
        "type": "Point",
        "coordinates": [
          30.228615,
          49.682986
        ]
      }
    },
    {
      "type": "Feature",
      "properties": {
        "name": "с. Поправка,вул. Шевченка б\\н\nВВ\nV=25 м3\n\n\nМаловільшанська ОТГ\n\n"
      },
      "geometry": {
        "type": "Point",
        "coordinates": [
          30.249003,
          49.676178
        ]
      }
    },
    {
      "type": "Feature",
      "properties": {
        "name": "с. Коженики вул. Новоселівська,48\n\nВВ\nV=25 м3\n\n\nОб’єктове,\nСВК «Колосок»\n\n"
      },
      "geometry": {
        "type": "Point",
        "coordinates": [
          30.233171,
          49.721991
        ]
      }
    },
    {
      "type": "Feature",
      "properties": {
        "name": "с. Коженики вул. Новоселівська,48\n\nВВ\nV=25 м3\n\nОб’єктове,\nСВК «Колосок»\n\n"
      },
      "geometry": {
        "type": "Point",
        "coordinates": [
          30.237144,
          49.721943
        ]
      }
    },
    {
      "type": "Feature",
      "properties": {
        "name": "с. Коженики вул. Новоселівська б\\н\n\nВВ\nV=25 м3\n\n\nОб’єктове,\nВ часному володінні\n\n"
      },
      "geometry": {
        "type": "Point",
        "coordinates": [
          30.227206,
          49.724397
        ]
      }
    },
    {
      "type": "Feature",
      "properties": {
        "name": "м.Біла Церква вул. Рибна,10\n\nПГ-1\nК-150мм\n\nОб’єктове,\nТОВ «ОКО Драйв»\n\n"
      },
      "geometry": {
        "type": "Point",
        "coordinates": [
          30.148893,
          49.797153
        ]
      }
    },
    {
      "type": "Feature",
      "properties": {
        "name": "м.Біла Церква вул. п-кт Незалежност,74а\n\nПГ-1\nК-150мм\n\nОб’єктове,\nТОВ «ОКО Драйв»\n\n"
      },
      "geometry": {
        "type": "Point",
        "coordinates": [
          30.1701446,
          49.7843946
        ]
      }
    },
    {
      "type": "Feature",
      "properties": {
        "name": "м.Біла Церква вул.п-кт Незалежності,87а\nПГ\nТ-150мм\nОб’єктове,\nПРАТ «Техмашремонт»\n"
      },
      "geometry": {
        "type": "Point",
        "coordinates": [
          30.18666,
          49.792353
        ]
      }
    },
    {
      "type": "Feature",
      "properties": {
        "name": "с.Томилівка вул.Узинська,10.\nПГ\nК-150мм\nОб’єктове,ПС33кВ “Білоцерківська”\n"
      },
      "geometry": {
        "type": "Point",
        "coordinates": [
          30.2145585178941,
          49.796369
        ]
      }
    },
    {
      "type": "Feature",
      "properties": {
        "name": "с.Томилівка вул.Узинська,10.\nПГ\nК-150мм\nОб’єктове,ПС33кВ “Білоцерківська”"
      },
      "geometry": {
        "type": "Point",
        "coordinates": [
          30.2145847,
          49.7957654
        ]
      }
    },
    {
      "type": "Feature",
      "properties": {
        "name": "с.Томилівка вул.Узинська,10.\nПГ\nК-150мм\nОб’єктове,ПС33кВ “Білоцерківська”"
      },
      "geometry": {
        "type": "Point",
        "coordinates": [
          30.2146061,
          49.7951455
        ]
      }
    },
    {
      "type": "Feature",
      "properties": {
        "name": "с.Томилівка вул.Узинська,10.\nПГ\nК-150мм\nОб’єктове,ПС33кВ “Білоцерківська”"
      },
      "geometry": {
        "type": "Point",
        "coordinates": [
          30.2151855,
          49.7961359
        ]
      }
    },
    {
      "type": "Feature",
      "properties": {
        "name": "с.Томилівка вул.Узинська,10.\nПГ\nК-150мм\nОб’єктове,ПС33кВ “Білоцерківська”"
      },
      "geometry": {
        "type": "Point",
        "coordinates": [
          30.2151265,
          49.7951802
        ]
      }
    },
    {
      "type": "Feature",
      "properties": {
        "name": "с.Томилівка вул.Узинська,10.\nПВ100м.куб.\nОб’єктове,ПС33кВ “Білоцерківська”\n"
      },
      "geometry": {
        "type": "Point",
        "coordinates": [
          30.2154783,
          49.796514
        ]
      }
    },
    {
      "type": "Feature",
      "properties": {
        "name": "с.Томилівка вул.Узинська,10.\nПВ150м.куб.\nОб’єктове,ПС33кВ “Білоцерківська”\n"
      },
      "geometry": {
        "type": "Point",
        "coordinates": [
          30.2152367,
          49.7965429
        ]
      }
    },
    {
      "type": "Feature",
      "properties": {
        "name": "м.Біла Церква вул.п-кт Незалежності,85\nПГ\nК-200мм\nОб’єктове,ТОВ «Інтер Гума 2010»\n"
      },
      "geometry": {
        "type": "Point",
        "coordinates": [
          30.1872401,
          49.785667
        ]
      }
    },
    {
      "type": "Feature",
      "properties": {
        "name": "м.Біла Церква вул.п-кт Незалежності,85\nПГ\nК-200мм\nОб’єктове,ТОВ «Інтер Гума 2010»"
      },
      "geometry": {
        "type": "Point",
        "coordinates": [
          30.1859204,
          49.7857086
        ]
      }
    },
    {
      "type": "Feature",
      "properties": {
        "name": "м.Біла Церква вул.п-кт Незалежності,85\nПГ\nК-200мм\nОб’єктове,ТОВ «Інтер Гума 2010»"
      },
      "geometry": {
        "type": "Point",
        "coordinates": [
          30.1841931,
          49.7857502
        ]
      }
    },
    {
      "type": "Feature",
      "properties": {
        "name": "м.Біла Церква вул.п-кт Незалежності,85\nПГ\nК-200мм\nОб’єктове,ТОВ «Інтер Гума 2010»"
      },
      "geometry": {
        "type": "Point",
        "coordinates": [
          30.1826267,
          49.785771
        ]
      }
    },
    {
      "type": "Feature",
      "properties": {
        "name": "м.Біла Церква вул.п-кт Незалежності,85\nПГ\nК-200мм\nОб’єктове,ТОВ «Інтер Гума 2010»"
      },
      "geometry": {
        "type": "Point",
        "coordinates": [
          30.1805667,
          49.7859303
        ]
      }
    },
    {
      "type": "Feature",
      "properties": {
        "name": "м.Біла Церква вул.п-кт Незалежності,85\nПГ\nК-200мм\nОб’єктове,ТОВ «Інтер Гума 2010»"
      },
      "geometry": {
        "type": "Point",
        "coordinates": [
          30.1805453,
          49.7869832
        ]
      }
    },
    {
      "type": "Feature",
      "properties": {
        "name": "м.Біла Церква вул.п-кт Незалежності,85\nПГ\nК-200мм\nОб’єктове,ТОВ «Інтер Гума 2010»"
      },
      "geometry": {
        "type": "Point",
        "coordinates": [
          30.1806526,
          49.7878282
        ]
      }
    },
    {
      "type": "Feature",
      "properties": {
        "name": "м.Біла Церква вул.п-кт Незалежності,85\nПГ\nК-200мм\nОб’єктове,ТОВ «Інтер Гума 2010»"
      },
      "geometry": {
        "type": "Point",
        "coordinates": [
          30.1816503,
          49.7884862
        ]
      }
    },
    {
      "type": "Feature",
      "properties": {
        "name": "м.Біла Церква вул.п-кт Незалежності,85\nПГ\nК-200мм\nОб’єктове,ТОВ «Інтер Гума 2010»"
      },
      "geometry": {
        "type": "Point",
        "coordinates": [
          30.182573,
          49.7884654
        ]
      }
    },
    {
      "type": "Feature",
      "properties": {
        "name": "м.Біла Церква вул.п-кт Незалежності,85\nПГ\nК-200мм\nОб’єктове,ТОВ «Інтер Гума 2010»"
      },
      "geometry": {
        "type": "Point",
        "coordinates": [
          30.1841716,
          49.7883962
        ]
      }
    },
    {
      "type": "Feature",
      "properties": {
        "name": "м.Біла Церква вул.п-кт Незалежності,85\nПГ\nК-200мм\nОб’єктове,ТОВ «Інтер Гума 2010»"
      },
      "geometry": {
        "type": "Point",
        "coordinates": [
          30.1858239,
          49.7883823
        ]
      }
    },
    {
      "type": "Feature",
      "properties": {
        "name": "м.Біла Церква вул.п-кт Незалежності,85\nПГ\nК-200мм\nОб’єктове,ТОВ «Інтер Гума 2010»"
      },
      "geometry": {
        "type": "Point",
        "coordinates": [
          30.1878731,
          49.7883684
        ]
      }
    },
    {
      "type": "Feature",
      "properties": {
        "name": "м.Біла Церква вул.п-кт Незалежності,85\nПГ\nК-200мм\nОб’єктове,ТОВ «Інтер Гума 2010»"
      },
      "geometry": {
        "type": "Point",
        "coordinates": [
          30.1877872,
          49.7873848
        ]
      }
    },
    {
      "type": "Feature",
      "properties": {
        "name": "м.Біла Церква вул.п-кт Незалежності,85\nПГ\nК-200мм\nОб’єктове,ТОВ «Інтер Гума 2010»"
      },
      "geometry": {
        "type": "Point",
        "coordinates": [
          30.1876585,
          49.7866714
        ]
      }
    },
    {
      "type": "Feature",
      "properties": {
        "name": "с. Вільшанська Новоселиця, вул. Центральна, 10"
      },
      "geometry": {
        "type": "Point",
        "coordinates": [
          30.322005,
          49.988184
        ]
      }
    },
    {
      "type": "Feature",
      "properties": {
        "name": "вул. Білоцерківська, 1"
      },
      "geometry": {
        "type": "Point",
        "coordinates": [
          30.201993,
          49.947378
        ]
      }
    },
    {
      "type": "Feature",
      "properties": {
        "name": "вул. Білоцерківська, 1"
      },
      "geometry": {
        "type": "Point",
        "coordinates": [
          30.201467,
          49.946695
        ]
      }
    },
    {
      "type": "Feature",
      "properties": {
        "name": "вул. Білоцерківська, 1"
      },
      "geometry": {
        "type": "Point",
        "coordinates": [
          30.20158,
          49.94713
        ]
      }
    },
    {
      "type": "Feature",
      "properties": {
        "name": "вул. Білоцеркіська, 1"
      },
      "geometry": {
        "type": "Point",
        "coordinates": [
          30.203001,
          49.947406
        ]
      }
    },
    {
      "type": "Feature",
      "properties": {
        "name": "вул. Білоцерківська, 1\n"
      },
      "geometry": {
        "type": "Point",
        "coordinates": [
          30.201306,
          49.948469
        ]
      }
    },
    {
      "type": "Feature",
      "properties": {
        "name": "вул. Білоцерківська, 1\n"
      },
      "geometry": {
        "type": "Point",
        "coordinates": [
          30.202325,
          49.950354
        ]
      }
    },
    {
      "type": "Feature",
      "properties": {
        "name": "вул. Білоцерківська, 1\n"
      },
      "geometry": {
        "type": "Point",
        "coordinates": [
          30.204675,
          49.946701
        ]
      }
    },
    {
      "type": "Feature",
      "properties": {
        "name": "вул. Білоцерківська, 5\n"
      },
      "geometry": {
        "type": "Point",
        "coordinates": [
          30.198779,
          49.946163
        ]
      }
    },
    {
      "type": "Feature",
      "properties": {
        "name": "вул. Білоцерківська, 13а\n"
      },
      "geometry": {
        "type": "Point",
        "coordinates": [
          30.197382,
          49.943175
        ]
      }
    },
    {
      "type": "Feature",
      "properties": {
        "name": "вул. Білоцерківська, 15а\n"
      },
      "geometry": {
        "type": "Point",
        "coordinates": [
          30.19747,
          49.942949
        ]
      }
    },
    {
      "type": "Feature",
      "properties": {
        "name": "вул. Білоцерківська, 15а\n"
      },
      "geometry": {
        "type": "Point",
        "coordinates": [
          30.197546,
          49.943113
        ]
      }
    },
    {
      "type": "Feature",
      "properties": {
        "name": "вул. Зоряна, 1а\n"
      },
      "geometry": {
        "type": "Point",
        "coordinates": [
          30.16946,
          49.939352
        ]
      }
    },
    {
      "type": "Feature",
      "properties": {
        "name": "вул. Індустріальна, 3\n"
      },
      "geometry": {
        "type": "Point",
        "coordinates": [
          30.177973,
          49.944428
        ]
      }
    },
    {
      "type": "Feature",
      "properties": {
        "name": "вул. Індустріальна, 3\n"
      },
      "geometry": {
        "type": "Point",
        "coordinates": [
          30.177166,
          49.942545
        ]
      }
    },
    {
      "type": "Feature",
      "properties": {
        "name": "вул. Індустріальна, 3"
      },
      "geometry": {
        "type": "Point",
        "coordinates": [
          30.176066,
          49.942158
        ]
      }
    },
    {
      "type": "Feature",
      "properties": {
        "name": "вул. Індустріальна, 7\n"
      },
      "geometry": {
        "type": "Point",
        "coordinates": [
          30.173076,
          49.942202
        ]
      }
    },
    {
      "type": "Feature",
      "properties": {
        "name": "вул. Індустріальна, 8\n"
      },
      "geometry": {
        "type": "Point",
        "coordinates": [
          30.172809,
          49.943972
        ]
      }
    },
    {
      "type": "Feature",
      "properties": {
        "name": "вул. Київська, 155\n"
      },
      "geometry": {
        "type": "Point",
        "coordinates": [
          30.181002,
          49.944781
        ]
      }
    },
    {
      "type": "Feature",
      "properties": {
        "name": "вул. Київська, 155\n"
      },
      "geometry": {
        "type": "Point",
        "coordinates": [
          30.180911,
          49.94469
        ]
      }
    },
    {
      "type": "Feature",
      "properties": {
        "name": "вул. Київська, 186\n"
      },
      "geometry": {
        "type": "Point",
        "coordinates": [
          30.1766,
          49.946623
        ]
      }
    },
    {
      "type": "Feature",
      "properties": {
        "name": "вул. Київська, 200\n"
      },
      "geometry": {
        "type": "Point",
        "coordinates": [
          30.181769,
          49.945003
        ]
      }
    },
    {
      "type": "Feature",
      "properties": {
        "name": "вул. Київська, 200\n"
      },
      "geometry": {
        "type": "Point",
        "coordinates": [
          30.181753,
          49.945033
        ]
      }
    },
    {
      "type": "Feature",
      "properties": {
        "name": "вул. Лугова (Черніші)\n"
      },
      "geometry": {
        "type": "Point",
        "coordinates": [
          30.127112,
          49.944973
        ]
      }
    },
    {
      "type": "Feature",
      "properties": {
        "name": "вул. Південна, 7\n"
      },
      "geometry": {
        "type": "Point",
        "coordinates": [
          30.201639,
          49.944994
        ]
      }
    },
    {
      "type": "Feature",
      "properties": {
        "name": "вул. Святопокровська, 3"
      },
      "geometry": {
        "type": "Point",
        "coordinates": [
          30.176319,
          49.95298
        ]
      }
    },
    {
      "type": "Feature",
      "properties": {
        "name": "вул. Святопокровська, 94"
      },
      "geometry": {
        "type": "Point",
        "coordinates": [
          30.15776,
          49.953369
        ]
      }
    },
    {
      "type": "Feature",
      "properties": {
        "name": "вул. Франка, 3"
      },
      "geometry": {
        "type": "Point",
        "coordinates": [
          30.177367,
          49.948767
        ]
      }
    },
    {
      "type": "Feature",
      "properties": {
        "name": "просп. Науки, 23а"
      },
      "geometry": {
        "type": "Point",
        "coordinates": [
          30.189158,
          49.951629
        ]
      }
    },
    {
      "type": "Feature",
      "properties": {
        "name": "просп. Науки, 48"
      },
      "geometry": {
        "type": "Point",
        "coordinates": [
          30.185127,
          49.950854
        ]
      }
    },
    {
      "type": "Feature",
      "properties": {
        "name": "просп. Науки, 54\n"
      },
      "geometry": {
        "type": "Point",
        "coordinates": [
          30.184979,
          49.950455
        ]
      }
    },
    {
      "type": "Feature",
      "properties": {
        "name": "а/ш Київ – Одеса, 69 км + 300 м"
      },
      "geometry": {
        "type": "Point",
        "coordinates": [
          30.189145,
          49.924882
        ]
      }
    },
    {
      "type": "Feature",
      "properties": {
        "name": "с-ще Дослідницьке, вул. вул. Вчених, 5"
      },
      "geometry": {
        "type": "Point",
        "coordinates": [
          30.149293,
          49.92617
        ]
      }
    },
    {
      "type": "Feature",
      "properties": {
        "name": "с-ще Дослідницьке, вул. Вчених, 9 "
      },
      "geometry": {
        "type": "Point",
        "coordinates": [
          30.147013,
          49.926716
        ]
      }
    },
    {
      "type": "Feature",
      "properties": {
        "name": "с-ще Дослідницьке, вул. Паркова, 2"
      },
      "geometry": {
        "type": "Point",
        "coordinates": [
          30.14899,
          49.922147
        ]
      }
    },
    {
      "type": "Feature",
      "properties": {
        "name": "с-ще Дослідницьке, вул. Інженерна, 1"
      },
      "geometry": {
        "type": "Point",
        "coordinates": [
          30.150744,
          49.92164
        ]
      }
    },
    {
      "type": "Feature",
      "properties": {
        "name": "с-ще Дослідницьке, вул. Інженерна, 6"
      },
      "geometry": {
        "type": "Point",
        "coordinates": [
          30.148572,
          49.924154
        ]
      }
    },
    {
      "type": "Feature",
      "properties": {
        "name": "с-ще Дослідницьке, вул. Молодіжна, 3 "
      },
      "geometry": {
        "type": "Point",
        "coordinates": [
          30.146804,
          49.922128
        ]
      }
    },
    {
      "type": "Feature",
      "properties": {
        "name": "с-ще Дослідницьке, вул. Ювілейна, 5"
      },
      "geometry": {
        "type": "Point",
        "coordinates": [
          30.146341,
          49.923334
        ]
      }
    },
    {
      "type": "Feature",
      "properties": {
        "name": "с-ще Дослідницьке, вул. Ювілейна, 5"
      },
      "geometry": {
        "type": "Point",
        "coordinates": [
          30.14632,
          49.923748
        ]
      }
    },
    {
      "type": "Feature",
      "properties": {
        "name": "с. Ксаверівка, а/ш Київ – Одеса,\n60 км"
      },
      "geometry": {
        "type": "Point",
        "coordinates": [
          30.19702,
          50.003895
        ]
      }
    },
    {
      "type": "Feature",
      "properties": {
        "name": "с. Ксаверівка, а/ш Київ – Одеса,\n60 км"
      },
      "geometry": {
        "type": "Point",
        "coordinates": [
          30.197278,
          50.004336
        ]
      }
    },
    {
      "type": "Feature",
      "properties": {
        "name": "с. Ксаверівка, а/ш Київ – Одеса,\n60 км"
      },
      "geometry": {
        "type": "Point",
        "coordinates": [
          30.197675,
          50.005184
        ]
      }
    },
    {
      "type": "Feature",
      "properties": {
        "name": "с. Ксаверівка, а/ш Київ – Одеса,\n60 км"
      },
      "geometry": {
        "type": "Point",
        "coordinates": [
          30.198029,
          50.005729
        ]
      }
    },
    {
      "type": "Feature",
      "properties": {
        "name": "с. Ксаверівка, а/ш Київ – Одеса,\n60 км"
      },
      "geometry": {
        "type": "Point",
        "coordinates": [
          30.198237,
          50.004474
        ]
      }
    },
    {
      "type": "Feature",
      "properties": {
        "name": "с. Ксаверівка Друга, вул. Садова"
      },
      "geometry": {
        "type": "Point",
        "coordinates": [
          30.166835,
          50.025688
        ]
      }
    },
    {
      "type": "Feature",
      "properties": {
        "name": "с. Лосятин, вул. Урожайна, 1"
      },
      "geometry": {
        "type": "Point",
        "coordinates": [
          30.240308,
          49.904002
        ]
      }
    },
    {
      "type": "Feature",
      "properties": {
        "name": "с. Лосятин, вул. Молодіжна (СТЕПОВЕ)"
      },
      "geometry": {
        "type": "Point",
        "coordinates": [
          30.327827,
          49.925934
        ]
      }
    },
    {
      "type": "Feature",
      "properties": {
        "name": "с. Саливонки, вул. Незалежності, 2"
      },
      "geometry": {
        "type": "Point",
        "coordinates": [
          30.210949,
          49.939608
        ]
      }
    },
    {
      "type": "Feature",
      "properties": {
        "name": "с. Саливонки, вул. Незалежності, 2"
      },
      "geometry": {
        "type": "Point",
        "coordinates": [
          30.211496,
          49.939411
        ]
      }
    },
    {
      "type": "Feature",
      "properties": {
        "name": "с. Саливонки, вул. Незалежності, 10"
      },
      "geometry": {
        "type": "Point",
        "coordinates": [
          30.215648,
          49.943374
        ]
      }
    },
    {
      "type": "Feature",
      "properties": {
        "name": "с. Соколівка а/ш Київ – Одеса, 69 км + 800 м"
      },
      "geometry": {
        "type": "Point",
        "coordinates": [
          30.2056399,
          49.9711802
        ]
      }
    },
    {
      "type": "Feature",
      "properties": {
        "name": "с. Соколівка, вул. Молодіжна"
      },
      "geometry": {
        "type": "Point",
        "coordinates": [
          30.2862866,
          50.0086586
        ]
      }
    },
    {
      "type": "Feature",
      "properties": {
        "name": "с. Ковалівка, вул. Фастівська, 23"
      },
      "geometry": {
        "type": "Point",
        "coordinates": [
          30.0095,
          49.984521
        ]
      }
    },
    {
      "type": "Feature",
      "properties": {
        "name": "с. Мар’янівка, вул. Шкільна, 1"
      },
      "geometry": {
        "type": "Point",
        "coordinates": [
          30.174009,
          50.062735
        ]
      }
    },
    {
      "type": "Feature",
      "properties": {
        "name": "с. Пологи, вул. Київська, 108, а"
      },
      "geometry": {
        "type": "Point",
        "coordinates": [
          30.123678,
          49.908629
        ]
      }
    },
    {
      "type": "Feature",
      "properties": {
        "name": "с. Пшеничне, вул. Сонячна"
      },
      "geometry": {
        "type": "Point",
        "coordinates": [
          30.203383,
          50.095051
        ]
      }
    },
    {
      "type": "Feature",
      "properties": {
        "name": "с. Устимівка, вул. Залізнична, 1"
      },
      "geometry": {
        "type": "Point",
        "coordinates": [
          30.043864,
          49.949039
        ]
      }
    },
    {
      "type": "Feature",
      "properties": {
        "name": "с. Устимівка, вул. Залізнична, 1а"
      },
      "geometry": {
        "type": "Point",
        "coordinates": [
          30.04611,
          49.944149
        ]
      }
    },
    {
      "type": "Feature",
      "properties": {
        "name": "с. Устимівка, вул. Залізнична, 1а"
      },
      "geometry": {
        "type": "Point",
        "coordinates": [
          30.048635,
          49.943337
        ]
      }
    },
    {
      "type": "Feature",
      "properties": {
        "name": "с. Устимівка, вул. Тромси"
      },
      "geometry": {
        "type": "Point",
        "coordinates": [
          30.042826,
          49.957176
        ]
      }
    },
    {
      "type": "Feature",
      "properties": {
        "name": "с. Устимівка, вул. Тромси, 30"
      },
      "geometry": {
        "type": "Point",
        "coordinates": [
          30.011261,
          49.961781
        ]
      }
    },
    {
      "type": "Feature",
      "properties": {
        "name": "с. Ромашки вул. Покровська"
      },
      "geometry": {
        "type": "Point",
        "coordinates": [
          30.591972,
          49.73396
        ]
      }
    },
    {
      "type": "Feature",
      "properties": {
        "name": "с. Савинці вул. Жовтнева"
      },
      "geometry": {
        "type": "Point",
        "coordinates": [
          30.509611,
          49.772524
        ]
      }
    },
    {
      "type": "Feature",
      "properties": {
        "name": "с. Шарки вул. Перемоги"
      },
      "geometry": {
        "type": "Point",
        "coordinates": [
          30.634738,
          49.710272
        ]
      }
    },
    {
      "type": "Feature",
      "properties": {
        "name": "Тетіївська МТГ, вул. Януша Острозького, 8"
      },
      "geometry": {
        "type": "Point",
        "coordinates": [
          29.6779237653779,
          49.3724670759332
        ]
      }
    },
    {
      "type": "Feature",
      "properties": {
        "name": "Тетіївська МТГ, вул. Академіка Байраківського, 49"
      },
      "geometry": {
        "type": "Point",
        "coordinates": [
          29.6674141513687,
          49.3656437373668
        ]
      }
    },
    {
      "type": "Feature",
      "properties": {
        "name": "Тетіївська МТГ, вул. А. Байраківського, 49"
      },
      "geometry": {
        "type": "Point",
        "coordinates": [
          29.667356315398,
          49.3654652195596
        ]
      }
    },
    {
      "type": "Feature",
      "properties": {
        "name": "Тетіївська МТГ, вул. А. Байраківського, 85А"
      },
      "geometry": {
        "type": "Point",
        "coordinates": [
          29.6573949934716,
          49.3598292770347
        ]
      }
    },
    {
      "type": "Feature",
      "properties": {
        "name": "Тетіївська МТГ, вул. А. Байраківського, 101"
      },
      "geometry": {
        "type": "Point",
        "coordinates": [
          29.6609219976065,
          49.3582497263356
        ]
      }
    },
    {
      "type": "Feature",
      "properties": {
        "name": "Тетіївська МТГ, вул. Володимирська, 1"
      },
      "geometry": {
        "type": "Point",
        "coordinates": [
          29.7021288445841,
          49.3666581845607
        ]
      }
    },
    {
      "type": "Feature",
      "properties": {
        "name": "Тетіївська МТГ, вул. Володимирська, 2"
      },
      "geometry": {
        "type": "Point",
        "coordinates": [
          29.701121136603,
          49.3650595392972
        ]
      }
    },
    {
      "type": "Feature",
      "properties": {
        "name": "Тетіївська МТГ, вул. Володимирська, 67Е"
      },
      "geometry": {
        "type": "Point",
        "coordinates": [
          29.717803317077,
          49.3618891896471
        ]
      }
    },
    {
      "type": "Feature",
      "properties": {
        "name": "Тетіївська МТГ, вул. Дібрівська, 4"
      },
      "geometry": {
        "type": "Point",
        "coordinates": [
          29.7422280767684,
          49.3447104609968
        ]
      }
    },
    {
      "type": "Feature",
      "properties": {
        "name": "Тетіївська МТГ, вул. Дібрівська, 12"
      },
      "geometry": {
        "type": "Point",
        "coordinates": [
          29.7435628983959,
          49.3441189246361
        ]
      }
    },
    {
      "type": "Feature",
      "properties": {
        "name": "Тетіївська МТГ, вул. Дібрівська, 22"
      },
      "geometry": {
        "type": "Point",
        "coordinates": [
          29.7481540962422,
          49.3415391417388
        ]
      }
    },
    {
      "type": "Feature",
      "properties": {
        "name": "Тетіївська МТГ, вул. Дібрівська, 34"
      },
      "geometry": {
        "type": "Point",
        "coordinates": [
          29.7497039794146,
          49.3407161258013
        ]
      }
    },
    {
      "type": "Feature",
      "properties": {
        "name": "Тетіївська МТГ, вул. Добровольського, 1"
      },
      "geometry": {
        "type": "Point",
        "coordinates": [
          29.6654054303414,
          49.3821157051288
        ]
      }
    },
    {
      "type": "Feature",
      "properties": {
        "name": "Тетіївська МТГ, вул. Добровольського, 1"
      },
      "geometry": {
        "type": "Point",
        "coordinates": [
          29.6652438170984,
          49.3820897733858
        ]
      }
    },
    {
      "type": "Feature",
      "properties": {
        "name": "Тетіївська МТГ, вул. Злагоди, 18А"
      },
      "geometry": {
        "type": "Point",
        "coordinates": [
          29.6800388911361,
          49.3617561699641
        ]
      }
    },
    {
      "type": "Feature",
      "properties": {
        "name": "Тетіївська МТГ, пров. Зоряний"
      },
      "geometry": {
        "type": "Point",
        "coordinates": [
          29.7370347210234,
          49.350588829211
        ]
      }
    },
    {
      "type": "Feature",
      "properties": {
        "name": "Тетіївська МТГ, пров. Зоряний, 55"
      },
      "geometry": {
        "type": "Point",
        "coordinates": [
          29.7442840743993,
          49.3475335756299
        ]
      }
    },
    {
      "type": "Feature",
      "properties": {
        "name": "Тетіївська МТГ, вул. Київська, 9"
      },
      "geometry": {
        "type": "Point",
        "coordinates": [
          29.7015459653206,
          49.3681964605033
        ]
      }
    },
    {
      "type": "Feature",
      "properties": {
        "name": "Тетіївська МТГ, вул. Київська, 9"
      },
      "geometry": {
        "type": "Point",
        "coordinates": [
          29.7020559817659,
          49.3683720222533
        ]
      }
    },
    {
      "type": "Feature",
      "properties": {
        "name": "Тетіївська МТГ, вул. Київська, 9"
      },
      "geometry": {
        "type": "Point",
        "coordinates": [
          29.7024555797531,
          49.3687619876131
        ]
      }
    },
    {
      "type": "Feature",
      "properties": {
        "name": "Тетіївська МТГ, вул. Київська, 9"
      },
      "geometry": {
        "type": "Point",
        "coordinates": [
          29.703151016379,
          49.3689179481279
        ]
      }
    },
    {
      "type": "Feature",
      "properties": {
        "name": "Тетіївська МТГ, вул. Київська, 27"
      },
      "geometry": {
        "type": "Point",
        "coordinates": [
          29.7126042541868,
          49.3631043232598
        ]
      }
    },
    {
      "type": "Feature",
      "properties": {
        "name": "Тетіївська МТГ, вул. Київська, 27"
      },
      "geometry": {
        "type": "Point",
        "coordinates": [
          29.7127700428598,
          49.3629214964035
        ]
      }
    },
    {
      "type": "Feature",
      "properties": {
        "name": "Тетіївська МТГ, вул. Коцюбинського"
      },
      "geometry": {
        "type": "Point",
        "coordinates": [
          29.6877770134455,
          49.3679350756959
        ]
      }
    },
    {
      "type": "Feature",
      "properties": {
        "name": "Тетіївська МТГ, вул. Коцюбинського, 7"
      },
      "geometry": {
        "type": "Point",
        "coordinates": [
          29.6902084848866,
          49.3670730368158
        ]
      }
    },
    {
      "type": "Feature",
      "properties": {
        "name": "Тетіївська МТГ, вул. Коцюбинського, 7"
      },
      "geometry": {
        "type": "Point",
        "coordinates": [
          29.6905890093072,
          49.3673770849277
        ]
      }
    },
    {
      "type": "Feature",
      "properties": {
        "name": "Тетіївська МТГ, вул. Крючкова"
      },
      "geometry": {
        "type": "Point",
        "coordinates": [
          29.6782907400918,
          49.369413233724
        ]
      }
    },
    {
      "type": "Feature",
      "properties": {
        "name": "Тетіївська МТГ, вул. Одеська, 33"
      },
      "geometry": {
        "type": "Point",
        "coordinates": [
          29.7472585823161,
          49.3398008931241
        ]
      }
    },
    {
      "type": "Feature",
      "properties": {
        "name": "Тетіївська МТГ, вул. Плоханівська, 76"
      },
      "geometry": {
        "type": "Point",
        "coordinates": [
          29.6468131456234,
          49.3703165957024
        ]
      }
    },
    {
      "type": "Feature",
      "properties": {
        "name": "Тетіївська МТГ, вул. Плоханівська, 76"
      },
      "geometry": {
        "type": "Point",
        "coordinates": [
          29.6480628668913,
          49.3698396383644
        ]
      }
    },
    {
      "type": "Feature",
      "properties": {
        "name": "Тетіївська МТГ, вул. Поліська, 1"
      },
      "geometry": {
        "type": "Point",
        "coordinates": [
          29.7408346192101,
          49.3446619793382
        ]
      }
    },
    {
      "type": "Feature",
      "properties": {
        "name": "Тетіївська МТГ, вул. Поліська, 14"
      },
      "geometry": {
        "type": "Point",
        "coordinates": [
          29.7449794868478,
          49.3421207756439
        ]
      }
    },
    {
      "type": "Feature",
      "properties": {
        "name": "Тетіївська МТГ, вул. Поліська, 36"
      },
      "geometry": {
        "type": "Point",
        "coordinates": [
          29.7486696750992,
          49.3401400349949
        ]
      }
    },
    {
      "type": "Feature",
      "properties": {
        "name": "ПГ -7"
      },
      "geometry": {
        "type": "Point",
        "coordinates": [
          29.6631375,
          49.7340041
        ]
      }
    },
    {
      "type": "Feature",
      "properties": {
        "name": "Тетіївська МТГ, вул. Робітнича, 48"
      },
      "geometry": {
        "type": "Point",
        "coordinates": [
          29.6541539446506,
          49.3677970174025
        ]
      }
    },
    {
      "type": "Feature",
      "properties": {
        "name": "Тетіївська МТГ, вул. Соборна, 2"
      },
      "geometry": {
        "type": "Point",
        "coordinates": [
          29.6761037545153,
          49.3725848436883
        ]
      }
    },
    {
      "type": "Feature",
      "properties": {
        "name": "Тетіївська МТГ, вул. Соборна, 2"
      },
      "geometry": {
        "type": "Point",
        "coordinates": [
          29.676190619029,
          49.3720296692135
        ]
      }
    },
    {
      "type": "Feature",
      "properties": {
        "name": "Тетіївська МТГ, вул. Соборна, 19"
      },
      "geometry": {
        "type": "Point",
        "coordinates": [
          29.6826565214127,
          49.3700333040331
        ]
      }
    },
    {
      "type": "Feature",
      "properties": {
        "name": "Тетіївська МТГ, вул. Соборна, 22"
      },
      "geometry": {
        "type": "Point",
        "coordinates": [
          29.6776940931599,
          49.3723284353329
        ]
      }
    },
    {
      "type": "Feature",
      "properties": {
        "name": "Тетіївська МТГ, вул. Соборна, 29"
      },
      "geometry": {
        "type": "Point",
        "coordinates": [
          29.6847629221783,
          49.3692642468303
        ]
      }
    },
    {
      "type": "Feature",
      "properties": {
        "name": "Тетіївська МТГ, вул. Соборна, 32"
      },
      "geometry": {
        "type": "Point",
        "coordinates": [
          29.6781997945436,
          49.3702455540387
        ]
      }
    },
    {
      "type": "Feature",
      "properties": {
        "name": "Тетіївська МТГ, вул. Соборна, 31"
      },
      "geometry": {
        "type": "Point",
        "coordinates": [
          29.6865041237149,
          49.3695522551417
        ]
      }
    },
    {
      "type": "Feature",
      "properties": {
        "name": "Тетіївська МТГ, вул. Соборна, 38"
      },
      "geometry": {
        "type": "Point",
        "coordinates": [
          29.679660549935,
          49.3693011731872
        ]
      }
    },
    {
      "type": "Feature",
      "properties": {
        "name": "Тетіївська МТГ, вул. Соборна, 48"
      },
      "geometry": {
        "type": "Point",
        "coordinates": [
          29.6814525688715,
          49.3700498439043
        ]
      }
    },
    {
      "type": "Feature",
      "properties": {
        "name": "Тетіївська МТГ, вул. Соборна, 60"
      },
      "geometry": {
        "type": "Point",
        "coordinates": [
          29.6853523679646,
          49.3688313286918
        ]
      }
    },
    {
      "type": "Feature",
      "properties": {
        "name": "Тетіївська МТГ, вул. Цвіткова, 20А"
      },
      "geometry": {
        "type": "Point",
        "coordinates": [
          29.6840701907458,
          49.3672879455588
        ]
      }
    },
    {
      "type": "Feature",
      "properties": {
        "name": "Тетіївська МТГ, вул. Цвіткова, 28"
      },
      "geometry": {
        "type": "Point",
        "coordinates": [
          29.6857430534376,
          49.3634152043653
        ]
      }
    },
    {
      "type": "Feature",
      "properties": {
        "name": "Тетіївська МТГ, вул. Цвіткова, 28А"
      },
      "geometry": {
        "type": "Point",
        "coordinates": [
          29.6856276701758,
          49.362401436369
        ]
      }
    },
    {
      "type": "Feature",
      "properties": {
        "name": "Тетіївська МТГ, вул. Цвіткова, 36"
      },
      "geometry": {
        "type": "Point",
        "coordinates": [
          29.6843773559736,
          49.3641016264618
        ]
      }
    },
    {
      "type": "Feature",
      "properties": {
        "name": "Тетіївська МТГ, вул. Цвіткова, 45"
      },
      "geometry": {
        "type": "Point",
        "coordinates": [
          29.6852161798749,
          49.3643553189136
        ]
      }
    },
    {
      "type": "Feature",
      "properties": {
        "name": "Тетіївська МТГ, вул. Цвіткова, 47"
      },
      "geometry": {
        "type": "Point",
        "coordinates": [
          29.6855074135596,
          49.3638348122506
        ]
      }
    },
    {
      "type": "Feature",
      "properties": {
        "name": "Тетіївська МТГ, вул. Цвіткова, 47"
      },
      "geometry": {
        "type": "Point",
        "coordinates": [
          29.6860223201817,
          49.3638572227012
        ]
      }
    },
    {
      "type": "Feature",
      "properties": {
        "name": "Тетіївська МТГ, вул. Цвіткова, 87"
      },
      "geometry": {
        "type": "Point",
        "coordinates": [
          29.692015106235,
          49.3584279382572
        ]
      }
    },
    {
      "type": "Feature",
      "properties": {
        "name": "Тетіївська МТГ, вул. Цвіткова, 87"
      },
      "geometry": {
        "type": "Point",
        "coordinates": [
          29.6932063733841,
          49.3588327913517
        ]
      }
    },
    {
      "type": "Feature",
      "properties": {
        "name": "Тетіївська МТГ, вул. Центральна, 47"
      },
      "geometry": {
        "type": "Point",
        "coordinates": [
          29.6691624168398,
          49.3755422750695
        ]
      }
    },
    {
      "type": "Feature",
      "properties": {
        "name": "Тетіївська МТГ, вул. Центральна, 107"
      },
      "geometry": {
        "type": "Point",
        "coordinates": [
          29.6620246065551,
          49.3839515275076
        ]
      }
    },
    {
      "type": "Feature",
      "properties": {
        "name": "Тетіївська МТГ, вул. Шевченка, 34"
      },
      "geometry": {
        "type": "Point",
        "coordinates": [
          29.6807939154367,
          49.3616178676029
        ]
      }
    },
    {
      "type": "Feature",
      "properties": {
        "name": "Тетіївська МТГ, вул. Шевченка, 34"
      },
      "geometry": {
        "type": "Point",
        "coordinates": [
          29.6811237804607,
          49.3616350194624
        ]
      }
    },
    {
      "type": "Feature",
      "properties": {
        "name": "Тетіївська МТГ, с. Високе, вул. Прорізна"
      },
      "geometry": {
        "type": "Point",
        "coordinates": [
          29.8229692887722,
          49.2517560962768
        ]
      }
    },
    {
      "type": "Feature",
      "properties": {
        "name": "Тетіївська МТГ, с. Високе, вул. Бевзюка"
      },
      "geometry": {
        "type": "Point",
        "coordinates": [
          29.813668985168,
          49.2497387776115
        ]
      }
    },
    {
      "type": "Feature",
      "properties": {
        "name": "Тетіївська МТГ, с. Високе, вул. Бевзюка"
      },
      "geometry": {
        "type": "Point",
        "coordinates": [
          29.8170102552832,
          49.2474498687259
        ]
      }
    },
    {
      "type": "Feature",
      "properties": {
        "name": "Тетіївська МТГ, с. Галайки, вул. Центральна"
      },
      "geometry": {
        "type": "Point",
        "coordinates": [
          29.8757844760541,
          49.3876755807476
        ]
      }
    },
    {
      "type": "Feature",
      "properties": {
        "name": "Тетіївська МТГ, с. Голодьки, вул. Лісова"
      },
      "geometry": {
        "type": "Point",
        "coordinates": [
          29.6447419976025,
          49.2721209795444
        ]
      }
    },
    {
      "type": "Feature",
      "properties": {
        "name": "Тетіївська МТГ, с. Денихівка, вул. Кагатна, 3"
      },
      "geometry": {
        "type": "Point",
        "coordinates": [
          29.8006196355742,
          49.3115991682825
        ]
      }
    },
    {
      "type": "Feature",
      "properties": {
        "name": "Тетіївська МТГ, с. Денихівка, вул. Кагатна, 3"
      },
      "geometry": {
        "type": "Point",
        "coordinates": [
          29.8005865406113,
          49.3113728113137
        ]
      }
    },
    {
      "type": "Feature",
      "properties": {
        "name": "Тетіївська МТГ, с. Денихівка, вул. Кагатна, 3"
      },
      "geometry": {
        "type": "Point",
        "coordinates": [
          29.8005010814033,
          49.3108059783456
        ]
      }
    },
    {
      "type": "Feature",
      "properties": {
        "name": "Тетіївська МТГ, с. Денихівка, вул. Кагатна, 3"
      },
      "geometry": {
        "type": "Point",
        "coordinates": [
          29.8004903517043,
          49.3105979326414
        ]
      }
    },
    {
      "type": "Feature",
      "properties": {
        "name": "Тетіївська МТГ, с. Денихівка, вул. Кагатна, 3"
      },
      "geometry": {
        "type": "Point",
        "coordinates": [
          29.8004382113489,
          49.3101182522554
        ]
      }
    },
    {
      "type": "Feature",
      "properties": {
        "name": "Тетіївська МТГ, с. Денихівка, вул. Кагатна, 3"
      },
      "geometry": {
        "type": "Point",
        "coordinates": [
          29.8003199331689,
          49.3093513404297
        ]
      }
    },
    {
      "type": "Feature",
      "properties": {
        "name": "Тетіївська МТГ, с. Денихівка, вул. Кагатна, 3"
      },
      "geometry": {
        "type": "Point",
        "coordinates": [
          29.8011129876298,
          49.3110464779535
        ]
      }
    },
    {
      "type": "Feature",
      "properties": {
        "name": "Тетіївська МТГ, с. Денихівка, вул. Кагатна, 3"
      },
      "geometry": {
        "type": "Point",
        "coordinates": [
          29.8012317536354,
          49.3117866709653
        ]
      }
    },
    {
      "type": "Feature",
      "properties": {
        "name": "Тетіївська МТГ, с. Денихівка, вул. Кагатна, 3"
      },
      "geometry": {
        "type": "Point",
        "coordinates": [
          29.8006172687687,
          49.308724225598
        ]
      }
    },
    {
      "type": "Feature",
      "properties": {
        "name": "Тетіївська МТГ, с. Денихівка, вул. Кагатна, 3"
      },
      "geometry": {
        "type": "Point",
        "coordinates": [
          29.8007433821205,
          49.3092524683186
        ]
      }
    },
    {
      "type": "Feature",
      "properties": {
        "name": "Тетіївська МТГ, с. Денихівка, вул. Колгоспна"
      },
      "geometry": {
        "type": "Point",
        "coordinates": [
          29.8133560683235,
          49.2939827146819
        ]
      }
    },
    {
      "type": "Feature",
      "properties": {
        "name": "Тетіївська МТГ, с. Дзвеняче, вул. Степова"
      },
      "geometry": {
        "type": "Point",
        "coordinates": [
          29.571274510749,
          49.3777455268624
        ]
      }
    },
    {
      "type": "Feature",
      "properties": {
        "name": "Тетіївська МТГ, с. Дородка, вул. Миру"
      },
      "geometry": {
        "type": "Point",
        "coordinates": [
          29.7376618360789,
          49.2909905412545
        ]
      }
    },
    {
      "type": "Feature",
      "properties": {
        "name": "Тетіївська МТГ, с. Кашперівка, вул. Київська, 97"
      },
      "geometry": {
        "type": "Point",
        "coordinates": [
          29.6936664461942,
          49.4506781085493
        ]
      }
    },
    {
      "type": "Feature",
      "properties": {
        "name": "Тетіївська МТГ, с. Кашперівка, вул. Київська, 97"
      },
      "geometry": {
        "type": "Point",
        "coordinates": [
          29.6926861537641,
          49.4507980797577
        ]
      }
    },
    {
      "type": "Feature",
      "properties": {
        "name": "Тетіївська МТГ, с. Кашперівка, вул. Київська, 97"
      },
      "geometry": {
        "type": "Point",
        "coordinates": [
          29.6933558948221,
          49.4515300161484
        ]
      }
    },
    {
      "type": "Feature",
      "properties": {
        "name": "Тетіївська МТГ, с. Кашперівка, вул. Київська, 97"
      },
      "geometry": {
        "type": "Point",
        "coordinates": [
          29.6919321704546,
          49.4514364442992
        ]
      }
    },
    {
      "type": "Feature",
      "properties": {
        "name": "Тетіївська МТГ, с. Кашперівка, вул. Київська, 97"
      },
      "geometry": {
        "type": "Point",
        "coordinates": [
          29.6945274378562,
          49.4525100797696
        ]
      }
    },
    {
      "type": "Feature",
      "properties": {
        "name": "Тетіївська МТГ, с. Кашперівка, вул. Київська, 9"
      },
      "geometry": {
        "type": "Point",
        "coordinates": [
          29.6835294211035,
          49.4337550781171
        ]
      }
    },
    {
      "type": "Feature",
      "properties": {
        "name": "Тетіївська МТГ, с. Клюки, вул. Миру, 2А"
      },
      "geometry": {
        "type": "Point",
        "coordinates": [
          29.7937247656652,
          49.2104530625253
        ]
      }
    },
    {
      "type": "Feature",
      "properties": {
        "name": "Тетіївська МТГ, с. Кошів, вул. Шкільна"
      },
      "geometry": {
        "type": "Point",
        "coordinates": [
          29.5881486808526,
          49.4902127501527
        ]
      }
    },
    {
      "type": "Feature",
      "properties": {
        "name": "Тетіївська МТГ, с. Михайлівка, вул. Центральна"
      },
      "geometry": {
        "type": "Point",
        "coordinates": [
          29.5498071212074,
          49.3699878821579
        ]
      }
    },
    {
      "type": "Feature",
      "properties": {
        "name": "Тетіївська МТГ, с. Михайлівка, вул. Центральна"
      },
      "geometry": {
        "type": "Point",
        "coordinates": [
          29.5450078120512,
          49.3671399943745
        ]
      }
    },
    {
      "type": "Feature",
      "properties": {
        "name": "Тетіївська МТГ, с. Ненадиха, вул. Садова, 1"
      },
      "geometry": {
        "type": "Point",
        "coordinates": [
          29.8557884466825,
          49.3344272085029
        ]
      }
    },
    {
      "type": "Feature",
      "properties": {
        "name": "Тетіївська МТГ, с. Ненадиха, вул. Садова, 10"
      },
      "geometry": {
        "type": "Point",
        "coordinates": [
          29.8527540311566,
          49.3348473716995
        ]
      }
    },
    {
      "type": "Feature",
      "properties": {
        "name": "Тетіївська МТГ, с. Ненадиха, вул. Садова, 26"
      },
      "geometry": {
        "type": "Point",
        "coordinates": [
          29.8497214697594,
          49.3352550794304
        ]
      }
    },
    {
      "type": "Feature",
      "properties": {
        "name": "Тетіївська МТГ, с. Ненадиха, вул. Б. Дністровська, 5"
      },
      "geometry": {
        "type": "Point",
        "coordinates": [
          29.8533639976055,
          49.335895727127
        ]
      }
    },
    {
      "type": "Feature",
      "properties": {
        "name": "Тетіївська МТГ, с. Ненадиха, вул. Б. Дністровська, 27"
      },
      "geometry": {
        "type": "Point",
        "coordinates": [
          29.8499103366249,
          49.3363487967334
        ]
      }
    },
    {
      "type": "Feature",
      "properties": {
        "name": "Тетіївська МТГ, с. Одайпіль, вул. Гагаріна"
      },
      "geometry": {
        "type": "Point",
        "coordinates": [
          29.9715175463007,
          49.3413957682319
        ]
      }
    },
    {
      "type": "Feature",
      "properties": {
        "name": "Тетіївська МТГ, с. П'ятигори, вул. Киїівська"
      },
      "geometry": {
        "type": "Point",
        "coordinates": [
          29.9421924375776,
          49.348148243516
        ]
      }
    },
    {
      "type": "Feature",
      "properties": {
        "name": "Тетіївська МТГ, с. П’ятигори, вул. Паркова"
      },
      "geometry": {
        "type": "Point",
        "coordinates": [
          29.9269709976054,
          49.3345849879918
        ]
      }
    },
    {
      "type": "Feature",
      "properties": {
        "name": "Тетіївська МТГ, с. П’ятигори, вул. Гагаріна"
      },
      "geometry": {
        "type": "Point",
        "coordinates": [
          29.9302375054887,
          49.3444621324638
        ]
      }
    },
    {
      "type": "Feature",
      "properties": {
        "name": "Тетіївська МТГ, П'ятигірський виселок"
      },
      "geometry": {
        "type": "Point",
        "coordinates": [
          29.8751188535107,
          49.3490387266618
        ]
      }
    },
    {
      "type": "Feature",
      "properties": {
        "name": "Тетіївська МТГ, с. Росішки, вул. Гагаріна"
      },
      "geometry": {
        "type": "Point",
        "coordinates": [
          29.6861539826178,
          49.3002404285405
        ]
      }
    },
    {
      "type": "Feature",
      "properties": {
        "name": "Тетіївська МТГ, с. Скибенці, вул. Шевченка, 6"
      },
      "geometry": {
        "type": "Point",
        "coordinates": [
          29.732517842456,
          49.4388877808418
        ]
      }
    },
    {
      "type": "Feature",
      "properties": {
        "name": "Тетіївська МТГ, с. Скибенці, вул. Шевченка, 6"
      },
      "geometry": {
        "type": "Point",
        "coordinates": [
          29.7324962501705,
          49.4388251917487
        ]
      }
    },
    {
      "type": "Feature",
      "properties": {
        "name": "Тетіївська МТГ, с. Степове, вул. Молодіжна, 6А"
      },
      "geometry": {
        "type": "Point",
        "coordinates": [
          29.8494592660179,
          49.2901514758744
        ]
      }
    },
    {
      "type": "Feature",
      "properties": {
        "name": "Тетіївська МТГ, с. Черепин, вул. Тетіївська, 1"
      },
      "geometry": {
        "type": "Point",
        "coordinates": [
          29.8044426343106,
          49.3974049430087
        ]
      }
    },
    {
      "type": "Feature",
      "properties": {
        "name": "Тетіївська МТГ, с. Черепин, вул. Центральна, 11"
      },
      "geometry": {
        "type": "Point",
        "coordinates": [
          29.8038233886921,
          49.4010410576839
        ]
      }
    },
    {
      "type": "Feature",
      "properties": {
        "name": "с-ще Володарка, вул. Армійська, 12 житл. будинок 2-поверхов.\n(ПГ № 2)\n"
      },
      "geometry": {
        "type": "Point",
        "coordinates": [
          29.92617,
          49.5248
        ]
      }
    },
    {
      "type": "Feature",
      "properties": {
        "name": "с-ще Володарка, вул. Будівельна, 1 (ПГ № 3)\n"
      },
      "geometry": {
        "type": "Point",
        "coordinates": [
          29.9034588,
          49.5180669
        ]
      }
    },
    {
      "type": "Feature",
      "properties": {
        "name": "с-ще Володарка, \nвул. Будівельна, 17\n(ПГ № 4)\n"
      },
      "geometry": {
        "type": "Point",
        "coordinates": [
          29.9050628,
          49.5204713
        ]
      }
    },
    {
      "type": "Feature",
      "properties": {
        "name": "с-ще Володарка, вул. Будівельна, 31 (ПГ № 5)\n"
      },
      "geometry": {
        "type": "Point",
        "coordinates": [
          29.9057534,
          49.5217237
        ]
      }
    },
    {
      "type": "Feature",
      "properties": {
        "name": "с-ще Володарка, вул. Загороднього, 7 навпроти агроліцею (ПГ № 8)"
      },
      "geometry": {
        "type": "Point",
        "coordinates": [
          29.91235,
          49.53497
        ]
      }
    },
    {
      "type": "Feature",
      "properties": {
        "name": "с-ще Володарка, вул. Загороднього, 1 Дорожнє управління (ПГ № 9)"
      },
      "geometry": {
        "type": "Point",
        "coordinates": [
          29.91039,
          49.53265
        ]
      }
    },
    {
      "type": "Feature",
      "properties": {
        "name": "с-ще Володарка, вул. Калинова, 28 (ПГ № 11)\n"
      },
      "geometry": {
        "type": "Point",
        "coordinates": [
          29.9157165,
          49.5264667
        ]
      }
    },
    {
      "type": "Feature",
      "properties": {
        "name": "с-ще Володарка, вул. Калинова, 50 (ПГ № 12)"
      },
      "geometry": {
        "type": "Point",
        "coordinates": [
          29.9119892,
          49.5274007
        ]
      }
    },
    {
      "type": "Feature",
      "properties": {
        "name": "с-ще Володарка, вул. Кооперативна, 110 (ПГ № 13)"
      },
      "geometry": {
        "type": "Point",
        "coordinates": [
          29.912385,
          49.52924
        ]
      }
    },
    {
      "type": "Feature",
      "properties": {
        "name": "с-ще Володарка, вул. Кооперативна, 12 м-н “Оптовичок”\n(ПГ № 14)\n"
      },
      "geometry": {
        "type": "Point",
        "coordinates": [
          29.92623,
          49.52374
        ]
      }
    },
    {
      "type": "Feature",
      "properties": {
        "name": "с-ще Володарка, вул. Кооперативна, 120\n(ПГ № 15)\n"
      },
      "geometry": {
        "type": "Point",
        "coordinates": [
          29.91105,
          49.53008
        ]
      }
    },
    {
      "type": "Feature",
      "properties": {
        "name": "с-ще Володарка, вул. Кооперативна, 13 Укртелеком\n(ПГ № 17)\n"
      },
      "geometry": {
        "type": "Point",
        "coordinates": [
          29.92496,
          49.52388
        ]
      }
    },
    {
      "type": "Feature",
      "properties": {
        "name": "с-ще Володарка, вул. Кооперативна, 12 ЕКО-МАГ\n(ПГ № 19)\n"
      },
      "geometry": {
        "type": "Point",
        "coordinates": [
          29.92496,
          49.52431
        ]
      }
    },
    {
      "type": "Feature",
      "properties": {
        "name": "с-ще Володарка, вул. Кооперативна, 17 Дитячий садок\n(ПГ № 20)\n"
      },
      "geometry": {
        "type": "Point",
        "coordinates": [
          29.92081,
          49.5246
        ]
      }
    },
    {
      "type": "Feature",
      "properties": {
        "name": "с-ще Володарка, вул. Кооперативна, 2 Аптека № 35 «Бажаємо здоров’я»\n(ПГ № 21)\n"
      },
      "geometry": {
        "type": "Point",
        "coordinates": [
          29.92751,
          49.52312
        ]
      }
    },
    {
      "type": "Feature",
      "properties": {
        "name": "с-ще Володарка, вул. Кооперативна, 20 Будинок культури\n(ПГ № 22)\n"
      },
      "geometry": {
        "type": "Point",
        "coordinates": [
          29.92443,
          49.52471
        ]
      }
    },
    {
      "type": "Feature",
      "properties": {
        "name": "с-ще Володарка, вул. Кооперативна, 20 Будинок культури (ПГ № 23)\n"
      },
      "geometry": {
        "type": "Point",
        "coordinates": [
          29.92331,
          49.52495
        ]
      }
    },
    {
      "type": "Feature",
      "properties": {
        "name": "с-ще Володарка, вул. Кооперативна, 25 Школа № 2\n(ПГ № 24)\n"
      },
      "geometry": {
        "type": "Point",
        "coordinates": [
          29.92197,
          49.52417
        ]
      }
    },
    {
      "type": "Feature",
      "properties": {
        "name": "с-ще Володарка, вул. Кооперативна, 28 (ПГ № 25)\n"
      },
      "geometry": {
        "type": "Point",
        "coordinates": [
          29.921891,
          49.525414
        ]
      }
    },
    {
      "type": "Feature",
      "properties": {
        "name": "с-ще Володарка, вул. Кооперативна, 44\n(ПГ № 26)\n"
      },
      "geometry": {
        "type": "Point",
        "coordinates": [
          29.92018,
          49.52617
        ]
      }
    },
    {
      "type": "Feature",
      "properties": {
        "name": "с-ще Володарка, вул. Кооперативна, 64 (ПГ № 27)\n"
      },
      "geometry": {
        "type": "Point",
        "coordinates": [
          29.918172,
          49.526808
        ]
      }
    },
    {
      "type": "Feature",
      "properties": {
        "name": "с-ще Володарка, вул. Кооперативна, 80\n(ПГ № 28)\n"
      },
      "geometry": {
        "type": "Point",
        "coordinates": [
          29.91562,
          49.52719
        ]
      }
    },
    {
      "type": "Feature",
      "properties": {
        "name": "с-ще Володарка, вул. Кооперативна, 94\n(ПГ № 29)\n"
      },
      "geometry": {
        "type": "Point",
        "coordinates": [
          29.91419,
          49.52858
        ]
      }
    },
    {
      "type": "Feature",
      "properties": {
        "name": "с-ще Володарка, вул. Коцюбинського, 13 «Магазин Єва» (ПГ № 30)\n"
      },
      "geometry": {
        "type": "Point",
        "coordinates": [
          29.92906,
          49.52366
        ]
      }
    },
    {
      "type": "Feature",
      "properties": {
        "name": "с-ще Володарка, вул. Коцюбинського, 25 ЦРЛ (адмін. корпус) (ПГ № 34)\n"
      },
      "geometry": {
        "type": "Point",
        "coordinates": [
          29.92849,
          49.52565
        ]
      }
    },
    {
      "type": "Feature",
      "properties": {
        "name": "с-ще Володарка, вул. Коцюбинського, 25 (на зупинці біля магазину Апельсин) (ПГ № 31)"
      },
      "geometry": {
        "type": "Point",
        "coordinates": [
          29.93033,
          49.5248
        ]
      }
    },
    {
      "type": "Feature",
      "properties": {
        "name": "с-ще Володарка, вул. Коцюбинського, 25 ЦРЛ (екстрена допомога) (ПГ № 33)\n"
      },
      "geometry": {
        "type": "Point",
        "coordinates": [
          29.92691,
          49.52608
        ]
      }
    },
    {
      "type": "Feature",
      "properties": {
        "name": "с-ще Володарка, вул. Коцюбинського, 27 м-н “Гастроном” (ПГ № 36)\n"
      },
      "geometry": {
        "type": "Point",
        "coordinates": [
          29.93132,
          49.52583
        ]
      }
    },
    {
      "type": "Feature",
      "properties": {
        "name": "с-ще Володарка, вул. Коцюбинського, 42 центр творчості дітей та юнатства «Стадіон» (ПГ № 37)\n"
      },
      "geometry": {
        "type": "Point",
        "coordinates": [
          29.93293,
          49.52384
        ]
      }
    },
    {
      "type": "Feature",
      "properties": {
        "name": "с-ще Володарка, вул. Коцюбинського, 42 центр творчості дітей та юнатства «Соняшник» (ПГ № 38)\n"
      },
      "geometry": {
        "type": "Point",
        "coordinates": [
          29.93216,
          49.52428
        ]
      }
    },
    {
      "type": "Feature",
      "properties": {
        "name": "с-ще Володарка, вул.Коцюбинського, 58 житл.будинок 5 пов\n(ПГ № 39)\n"
      },
      "geometry": {
        "type": "Point",
        "coordinates": [
          29.93194,
          49.52543
        ]
      }
    },
    {
      "type": "Feature",
      "properties": {
        "name": "с-ще Володарка, вул. Коцюбинського, 22 житл.будинок 5 пов. (ПГ № 40)\n"
      },
      "geometry": {
        "type": "Point",
        "coordinates": [
          29.92952,
          49.52363
        ]
      }
    },
    {
      "type": "Feature",
      "properties": {
        "name": "с-ще Володарка, вул. Миру, 103\n(ПГ № 41)\n"
      },
      "geometry": {
        "type": "Point",
        "coordinates": [
          29.91783,
          49.51851
        ]
      }
    },
    {
      "type": "Feature",
      "properties": {
        "name": "с-ще Володарка, вул. Миру, 133 біля ТЦК та СП (ПГ № 42)\n"
      },
      "geometry": {
        "type": "Point",
        "coordinates": [
          29.91417,
          49.51793
        ]
      }
    },
    {
      "type": "Feature",
      "properties": {
        "name": "с-ще Володарка, вул. Миру, 142 м-н “Орхідея” (ПГ № 46)\n"
      },
      "geometry": {
        "type": "Point",
        "coordinates": [
          29.90826,
          49.51682
        ]
      }
    },
    {
      "type": "Feature",
      "properties": {
        "name": "с-ще Володарка, вул. Миру, 111\n(ПГ № 43)\n"
      },
      "geometry": {
        "type": "Point",
        "coordinates": [
          29.91686,
          49.51813
        ]
      }
    },
    {
      "type": "Feature",
      "properties": {
        "name": "с-ще Володарка, вул. Миру, 145\n(ПГ № 48)\n"
      },
      "geometry": {
        "type": "Point",
        "coordinates": [
          29.91273,
          49.51753
        ]
      }
    },
    {
      "type": "Feature",
      "properties": {
        "name": "с-ще Володарка, вул. Миру, 157\n(ПГ № 49)\n"
      },
      "geometry": {
        "type": "Point",
        "coordinates": [
          29.91085,
          49.51718
        ]
      }
    },
    {
      "type": "Feature",
      "properties": {
        "name": "с-ще Володарка, вул. Миру, 163\n(ПГ № 50)\n"
      },
      "geometry": {
        "type": "Point",
        "coordinates": [
          29.90909,
          49.51685
        ]
      }
    },
    {
      "type": "Feature",
      "properties": {
        "name": "с-ще Володарка, вул. Миру, 17 (ПГ № 51)\n"
      },
      "geometry": {
        "type": "Point",
        "coordinates": [
          29.93158,
          49.52178
        ]
      }
    },
    {
      "type": "Feature",
      "properties": {
        "name": "с-ще Володарка, вул. Миру, 177\n(ПГ № 52)\n"
      },
      "geometry": {
        "type": "Point",
        "coordinates": [
          29.90716,
          49.51637
        ]
      }
    },
    {
      "type": "Feature",
      "properties": {
        "name": "с-ще Володарка, вул. Миру, 187\n(ПГ № 54)\n"
      },
      "geometry": {
        "type": "Point",
        "coordinates": [
          29.90532,
          49.51597
        ]
      }
    },
    {
      "type": "Feature",
      "properties": {
        "name": "с-ще Володарка, вул. Миру, 190\n(ПГ № 55)\n"
      },
      "geometry": {
        "type": "Point",
        "coordinates": [
          29.89518,
          49.51244
        ]
      }
    },
    {
      "type": "Feature",
      "properties": {
        "name": "с-ще Володарка, вул. Миру, 25 Поліція (ПГ № 56)\n"
      },
      "geometry": {
        "type": "Point",
        "coordinates": [
          29.93046,
          49.52151
        ]
      }
    },
    {
      "type": "Feature",
      "properties": {
        "name": "с-ще Володарка, вул. Миру, 33\n(ПГ № 57)\n"
      },
      "geometry": {
        "type": "Point",
        "coordinates": [
          29.92849,
          49.52102
        ]
      }
    },
    {
      "type": "Feature",
      "properties": {
        "name": "с-ще Володарка, вул. Миру, 39 жит-ий бу-ок 2 поверховий\n(ПГ № 58)\n"
      },
      "geometry": {
        "type": "Point",
        "coordinates": [
          29.92714,
          49.52027
        ]
      }
    },
    {
      "type": "Feature",
      "properties": {
        "name": "с-ще Володарка, вул. Миру, 45\n(ПГ № 59)\n"
      },
      "geometry": {
        "type": "Point",
        "coordinates": [
          29.92554,
          49.52034
        ]
      }
    },
    {
      "type": "Feature",
      "properties": {
        "name": "с-ще Володарка, вул. Миру, 57\n(ПГ № 61)\n"
      },
      "geometry": {
        "type": "Point",
        "coordinates": [
          29.92317,
          49.51982
        ]
      }
    },
    {
      "type": "Feature",
      "properties": {
        "name": "с-ще Володарка, вул. Миру, 73\n(ПГ № 62)\n"
      },
      "geometry": {
        "type": "Point",
        "coordinates": [
          29.92131,
          49.51937
        ]
      }
    },
    {
      "type": "Feature",
      "properties": {
        "name": "с-ще Володарка,\nвул. Миру, 91\n(ПГ № 63)\n"
      },
      "geometry": {
        "type": "Point",
        "coordinates": [
          29.91946,
          49.51888
        ]
      }
    },
    {
      "type": "Feature",
      "properties": {
        "name": "с-ще Володарка,\nвул. Шкільна, 82, (ПГ № 64)\n"
      },
      "geometry": {
        "type": "Point",
        "coordinates": [
          29.9168568,
          49.5221477
        ]
      }
    },
    {
      "type": "Feature",
      "properties": {
        "name": "с-ще Володарка, вул. Шевченка, 17 «ГРП» (ПГ № 66)\n"
      },
      "geometry": {
        "type": "Point",
        "coordinates": [
          29.9129485,
          49.5204002
        ]
      }
    },
    {
      "type": "Feature",
      "properties": {
        "name": "с-ще Володарка, вул. Шевченка, 24 (ПГ № 67)\n"
      },
      "geometry": {
        "type": "Point",
        "coordinates": [
          29.9123101,
          49.5214501
        ]
      }
    },
    {
      "type": "Feature",
      "properties": {
        "name": "с-ще Володарка, вул. Шевченка, 55а (ПГ № 69)\n"
      },
      "geometry": {
        "type": "Point",
        "coordinates": [
          29.9103779,
          49.5244819
        ]
      }
    },
    {
      "type": "Feature",
      "properties": {
        "name": "с-ще Володарка, вул. Шевченка, 7\n(ПГ № 70)\n"
      },
      "geometry": {
        "type": "Point",
        "coordinates": [
          29.9136187,
          49.5190921
        ]
      }
    },
    {
      "type": "Feature",
      "properties": {
        "name": "с-ще Володарка, вул. Шевченка, 77 Гуртожиток (ПГ № 71)\n"
      },
      "geometry": {
        "type": "Point",
        "coordinates": [
          29.9102264,
          49.5258619
        ]
      }
    },
    {
      "type": "Feature",
      "properties": {
        "name": "с-ще Володарка, вул. Шевченка, 85 (ПГ № 72)\n"
      },
      "geometry": {
        "type": "Point",
        "coordinates": [
          29.9101083,
          49.5271156
        ]
      }
    },
    {
      "type": "Feature",
      "properties": {
        "name": "с-ще Володарка, пров. Перемоги, 4 Хлібзавод (ПГ № 73)\n"
      },
      "geometry": {
        "type": "Point",
        "coordinates": [
          29.92575,
          49.52119
        ]
      }
    },
    {
      "type": "Feature",
      "properties": {
        "name": "с-ще Володарка, пл. Миру, 3, універмаг (ПГ № 75)\n"
      },
      "geometry": {
        "type": "Point",
        "coordinates": [
          29.92732,
          49.52251
        ]
      }
    },
    {
      "type": "Feature",
      "properties": {
        "name": "с-ще Володарка, пл. Миру, 4 “Володарська селищна рада”\n(ПГ № 76)\n"
      },
      "geometry": {
        "type": "Point",
        "coordinates": [
          29.92852,
          49.52263
        ]
      }
    },
    {
      "type": "Feature",
      "properties": {
        "name": "с-ще Володарка, вул. Квітнева, 119 (ПГ № 77)\n"
      },
      "geometry": {
        "type": "Point",
        "coordinates": [
          29.89688,
          49.51307
        ]
      }
    },
    {
      "type": "Feature",
      "properties": {
        "name": "с-ще Володарка, вул. Миру, 178\n(ПГ № 78)\n"
      },
      "geometry": {
        "type": "Point",
        "coordinates": [
          29.89858,
          49.51366
        ]
      }
    },
    {
      "type": "Feature",
      "properties": {
        "name": "с-ще Володарка, вул. Поліська, 103 (ПГ № 79)\n"
      },
      "geometry": {
        "type": "Point",
        "coordinates": [
          29.89257,
          49.51291
        ]
      }
    },
    {
      "type": "Feature",
      "properties": {
        "name": "с-ще Володарка, пров. Квітневий, 8/91 (ПГ № 80)\n"
      },
      "geometry": {
        "type": "Point",
        "coordinates": [
          29.89162,
          49.51411
        ]
      }
    },
    {
      "type": "Feature",
      "properties": {
        "name": "с-ще Володарка, Перетин пров. Квітневий та вул. Підгірна, 4/67\n(ПГ № 81)\n"
      },
      "geometry": {
        "type": "Point",
        "coordinates": [
          29.89334,
          49.51472
        ]
      }
    },
    {
      "type": "Feature",
      "properties": {
        "name": "с-ще Володарка, вул. Квітнева, 84\n(ПГ № 82)\n"
      },
      "geometry": {
        "type": "Point",
        "coordinates": [
          29.89601,
          49.51408
        ]
      }
    },
    {
      "type": "Feature",
      "properties": {
        "name": "с-ще Володарка, Перетин вул. Квітнева та пров. Квітневий\n(ПГ № 83)\n"
      },
      "geometry": {
        "type": "Point",
        "coordinates": [
          29.89502,
          49.5153
        ]
      }
    },
    {
      "type": "Feature",
      "properties": {
        "name": "с-ще Володарка, вул. Польова, 134 (ПГ № 84)\n"
      },
      "geometry": {
        "type": "Point",
        "coordinates": [
          29.89745,
          49.51688
        ]
      }
    },
    {
      "type": "Feature",
      "properties": {
        "name": "с-ще Володарка, вул. Підгірна, 90\n(ПГ № 86)\n"
      },
      "geometry": {
        "type": "Point",
        "coordinates": [
          29.89433,
          49.51346
        ]
      }
    },
    {
      "type": "Feature",
      "properties": {
        "name": "с-ще Володарка, вул. Польова, 120 (ПГ № 85)\n"
      },
      "geometry": {
        "type": "Point",
        "coordinates": [
          29.89819,
          49.51788
        ]
      }
    },
    {
      "type": "Feature",
      "properties": {
        "name": "с-ще Володарка, вул. Польова, 100 (ПГ № 87)\n"
      },
      "geometry": {
        "type": "Point",
        "coordinates": [
          29.8998,
          49.51997
        ]
      }
    },
    {
      "type": "Feature",
      "properties": {
        "name": "с-ще Володарка, вул. Квітнева, 93\n(ПГ № 88)\n"
      },
      "geometry": {
        "type": "Point",
        "coordinates": [
          29.89541,
          49.5171
        ]
      }
    },
    {
      "type": "Feature",
      "properties": {
        "name": "с-ще Володарка, вул. Квітнева, 81\n(ПГ № 89)\n"
      },
      "geometry": {
        "type": "Point",
        "coordinates": [
          29.89615,
          49.51812
        ]
      }
    },
    {
      "type": "Feature",
      "properties": {
        "name": "с-ще Володарка, вул. Квітнева, 70\n(ПГ № 90)\n"
      },
      "geometry": {
        "type": "Point",
        "coordinates": [
          29.89728,
          49.51957
        ]
      }
    },
    {
      "type": "Feature",
      "properties": {
        "name": "с-ще Володарка, вул. Квітнева, 59\n(ПГ № 91)\n"
      },
      "geometry": {
        "type": "Point",
        "coordinates": [
          29.89804,
          49.52049
        ]
      }
    },
    {
      "type": "Feature",
      "properties": {
        "name": "с-ще Володарка, вул. Квітнева, 6\n(ПГ № 92)\n"
      },
      "geometry": {
        "type": "Point",
        "coordinates": [
          29.89894,
          49.52172
        ]
      }
    },
    {
      "type": "Feature",
      "properties": {
        "name": "с-ще Володарка, пров. Вишневий, 3 (ПГ № 93)\n"
      },
      "geometry": {
        "type": "Point",
        "coordinates": [
          29.90048,
          49.52179
        ]
      }
    },
    {
      "type": "Feature",
      "properties": {
        "name": "с-ще Володарка, вул. Польова, 111 (ПГ № 94)\n"
      },
      "geometry": {
        "type": "Point",
        "coordinates": [
          29.89783,
          49.51493
        ]
      }
    },
    {
      "type": "Feature",
      "properties": {
        "name": "с-ще Володарка, вул. Кооперативна, 25 \nШкола №2 (ПВ № 8)\n"
      },
      "geometry": {
        "type": "Point",
        "coordinates": [
          29.92173,
          49.52401
        ]
      }
    },
    {
      "type": "Feature",
      "properties": {
        "name": "с-ще Володарка, вул. Коцюбинського, 44 Школа №1\n(ПВ № 7)\n"
      },
      "geometry": {
        "type": "Point",
        "coordinates": [
          29.9338989,
          49.5254961
        ]
      }
    },
    {
      "type": "Feature",
      "properties": {
        "name": "с-ще Володарка, вул. Коцюбинського, 25 Поліклініка\n(ПВ № 13)\n"
      },
      "geometry": {
        "type": "Point",
        "coordinates": [
          29.92951,
          49.52527
        ]
      }
    },
    {
      "type": "Feature",
      "properties": {
        "name": "с-ще Володарка, вул. Загороднього, 7 ДПТНЗ «ВПАЛ» адмін. корпус (ПГ № 179)\n"
      },
      "geometry": {
        "type": "Point",
        "coordinates": [
          29.91391,
          49.53503
        ]
      }
    },
    {
      "type": "Feature",
      "properties": {
        "name": "с-ще Володарка, вул. Загороднього, 7 ДПТНЗ «ВПАЛ» (гуртожиток) (ПГ № 180)\n"
      },
      "geometry": {
        "type": "Point",
        "coordinates": [
          29.91402,
          49.53693
        ]
      }
    },
    {
      "type": "Feature",
      "properties": {
        "name": "с-ще Володарка, вул. Загороднього, 7 ДПТЗ «ВПАЛ»\n(ПВ № 1)\n"
      },
      "geometry": {
        "type": "Point",
        "coordinates": [
          29.91406,
          49.53503
        ]
      }
    },
    {
      "type": "Feature",
      "properties": {
        "name": "с-ще Володарка, вул. Кооперативна, 135 ПОП «Світанок» (ВВ № 32)\n"
      },
      "geometry": {
        "type": "Point",
        "coordinates": [
          29.90973,
          49.53703
        ]
      }
    },
    {
      "type": "Feature",
      "properties": {
        "name": "с-ще Володарка, вул. Миру, 221 ТОВ «Володарка-Комбікорм»\n(ПВ № 2)\n"
      },
      "geometry": {
        "type": "Point",
        "coordinates": [
          29.88545,
          49.50605
        ]
      }
    },
    {
      "type": "Feature",
      "properties": {
        "name": "с-ще Володарка, вул. Миру, 221 ТОВ «Володарка-Комбікорм»\n(ПГ № 181)\n"
      },
      "geometry": {
        "type": "Point",
        "coordinates": [
          29.88424,
          49.50506
        ]
      }
    },
    {
      "type": "Feature",
      "properties": {
        "name": "с-ще Володарка, вул. Миру, 221 ТОВ «Володарка-Комбікорм»\n(ПГ № 182)\n"
      },
      "geometry": {
        "type": "Point",
        "coordinates": [
          29.88444,
          49.50422
        ]
      }
    },
    {
      "type": "Feature",
      "properties": {
        "name": "с-ще Володарка, вул. Миру, 221 ТОВ «Володарка-Комбікорм»\n(ПГ № 183)\n"
      },
      "geometry": {
        "type": "Point",
        "coordinates": [
          29.88542,
          49.50603
        ]
      }
    },
    {
      "type": "Feature",
      "properties": {
        "name": "с-ще Володарка, вул. Миру, 221 ТОВ «Володарка-Комбікорм»\n(ПГ № 184)\n"
      },
      "geometry": {
        "type": "Point",
        "coordinates": [
          29.88501,
          49.50431
        ]
      }
    },
    {
      "type": "Feature",
      "properties": {
        "name": "с-ще Володарка, вул. Миру, 221 ТОВ «Володарка-Комбікорм»\n(ПГ № 185)\n"
      },
      "geometry": {
        "type": "Point",
        "coordinates": [
          29.88451,
          49.50627
        ]
      }
    },
    {
      "type": "Feature",
      "properties": {
        "name": "с-ще Володарка, вул. Зарічна, 102 В, КЗ КОР « Київський обласний ліцей» (ПГ № 177)\n"
      },
      "geometry": {
        "type": "Point",
        "coordinates": [
          29.94959,
          49.52168
        ]
      }
    },
    {
      "type": "Feature",
      "properties": {
        "name": "с-ще Володарка, вул. Зарічна, 102 В, КЗ КОР « Київський обласний ліцей» (ПГ № 178)\n"
      },
      "geometry": {
        "type": "Point",
        "coordinates": [
          29.94865,
          49.52085
        ]
      }
    },
    {
      "type": "Feature",
      "properties": {
        "name": "с. Завадівка, вул. Шкільна, 51\n(ПГ № 100)\n"
      },
      "geometry": {
        "type": "Point",
        "coordinates": [
          29.857102,
          49.50638
        ]
      }
    },
    {
      "type": "Feature",
      "properties": {
        "name": "с-ще Володарка, вул. Зарічна, 102 В, КЗ КОР « Київський обласний ліцей» (ВВ № 40)\n"
      },
      "geometry": {
        "type": "Point",
        "coordinates": [
          29.9498714,
          49.5218441
        ]
      }
    },
    {
      "type": "Feature",
      "properties": {
        "name": "с-ще Володарка, вул. Зарічна, 102 В, КЗ КОР « Київський обласний ліцей» (ПВ № 4)\n"
      },
      "geometry": {
        "type": "Point",
        "coordinates": [
          29.94964,
          49.5216
        ]
      }
    },
    {
      "type": "Feature",
      "properties": {
        "name": "с-ще Володарка, вул. Зарічна, 102 В, КЗ КОР « Київський обласний ліцей» (ПВ № 4)\n"
      },
      "geometry": {
        "type": "Point",
        "coordinates": [
          29.94879,
          49.52067
        ]
      }
    },
    {
      "type": "Feature",
      "properties": {
        "name": "с-ще Володарка, вул. Зарічна, 80 , ТОВ «ФК ЛТД» (ПГ № 188)\n"
      },
      "geometry": {
        "type": "Point",
        "coordinates": [
          29.94541,
          49.53181
        ]
      }
    },
    {
      "type": "Feature",
      "properties": {
        "name": "с. Завадівка, вул. Шкільна, 7\n(ПГ № 95)\n"
      },
      "geometry": {
        "type": "Point",
        "coordinates": [
          29.85699,
          49.50535
        ]
      }
    },
    {
      "type": "Feature",
      "properties": {
        "name": "с. Завадівка, вул. Шкільна, 9\n(ПГ № 96)\n"
      },
      "geometry": {
        "type": "Point",
        "coordinates": [
          29.85723,
          49.50644
        ]
      }
    },
    {
      "type": "Feature",
      "properties": {
        "name": "с. Завадівка, вул. Шкільна, 13\n(ПГ № 97)\n"
      },
      "geometry": {
        "type": "Point",
        "coordinates": [
          29.85769,
          49.50729
        ]
      }
    },
    {
      "type": "Feature",
      "properties": {
        "name": "с. Завадівка, вул. Шкільна, 33\n(ПГ № 98)\n"
      },
      "geometry": {
        "type": "Point",
        "coordinates": [
          29.856516,
          49.5107514
        ]
      }
    },
    {
      "type": "Feature",
      "properties": {
        "name": "с. Завадівка, вул. Шкільна, 46\n(ПГ № 99)\n"
      },
      "geometry": {
        "type": "Point",
        "coordinates": [
          29.8538378,
          49.5152878
        ]
      }
    },
    {
      "type": "Feature",
      "properties": {
        "name": "с. Завадівка, вул. Шкільна, 54\n(ПГ № 101)\n"
      },
      "geometry": {
        "type": "Point",
        "coordinates": [
          29.853,
          49.51821
        ]
      }
    },
    {
      "type": "Feature",
      "properties": {
        "name": "с. Завадівка, вул. Шкільна, 59\n(ПГ № 102)\n"
      },
      "geometry": {
        "type": "Point",
        "coordinates": [
          29.8531,
          49.51969
        ]
      }
    },
    {
      "type": "Feature",
      "properties": {
        "name": "с. Завадівка, вул. Шкільна, 61\n(ПГ № 103)\n"
      },
      "geometry": {
        "type": "Point",
        "coordinates": [
          29.85316,
          49.52078
        ]
      }
    },
    {
      "type": "Feature",
      "properties": {
        "name": "с. Завадівка, вул. Шкільна, 69\n(ПГ № 104)\n"
      },
      "geometry": {
        "type": "Point",
        "coordinates": [
          29.85436,
          49.52243
        ]
      }
    },
    {
      "type": "Feature",
      "properties": {
        "name": "с. Завадівка, вул. Тараса Ковальського, 18\n(ПГ № 156)\n"
      },
      "geometry": {
        "type": "Point",
        "coordinates": [
          29.859078,
          49.5116091
        ]
      }
    },
    {
      "type": "Feature",
      "properties": {
        "name": "с. Завадівка, вул. Тараса Ковальського, 27\n(ПГ № 105)\n"
      },
      "geometry": {
        "type": "Point",
        "coordinates": [
          29.85891,
          49.5123
        ]
      }
    },
    {
      "type": "Feature",
      "properties": {
        "name": "с. Завадівка, вул. Тараса Ковальського, 37\n(ПГ № 106)\n"
      },
      "geometry": {
        "type": "Point",
        "coordinates": [
          29.85811,
          49.51353
        ]
      }
    },
    {
      "type": "Feature",
      "properties": {
        "name": "с. Завадівка, вул. Тараса Ковальського, 45\n(ПГ № 107)\n"
      },
      "geometry": {
        "type": "Point",
        "coordinates": [
          29.85697,
          49.51427
        ]
      }
    },
    {
      "type": "Feature",
      "properties": {
        "name": "с. Завадівка, вул. Тараса Ковальського, 50\n(ПГ № 108)\n"
      },
      "geometry": {
        "type": "Point",
        "coordinates": [
          29.85699,
          49.51548
        ]
      }
    },
    {
      "type": "Feature",
      "properties": {
        "name": "с. Завадівка, вул. Тараса Ковальського, 54 (ПГ № 109)\n"
      },
      "geometry": {
        "type": "Point",
        "coordinates": [
          29.85683,
          49.51554
        ]
      }
    },
    {
      "type": "Feature",
      "properties": {
        "name": "с. Завадівка, вул. Тараса Ковальського, 59 (ПГ № 110)\n"
      },
      "geometry": {
        "type": "Point",
        "coordinates": [
          29.85622,
          49.51812
        ]
      }
    },
    {
      "type": "Feature",
      "properties": {
        "name": "с. Завадівка, вул. Тараса Ковальського, 64 (ПГ № 111)\n"
      },
      "geometry": {
        "type": "Point",
        "coordinates": [
          29.85575,
          49.51927
        ]
      }
    },
    {
      "type": "Feature",
      "properties": {
        "name": "с. Завадівка, вул. Тараса Ковальського, 80 (ПГ № 112)\n"
      },
      "geometry": {
        "type": "Point",
        "coordinates": [
          29.85431,
          49.52238
        ]
      }
    },
    {
      "type": "Feature",
      "properties": {
        "name": "с. Завадівка, вул. Квітнева, 51\n(ПГ № 113)\n"
      },
      "geometry": {
        "type": "Point",
        "coordinates": [
          29.85372,
          49.5066
        ]
      }
    },
    {
      "type": "Feature",
      "properties": {
        "name": "с. Завадівка, вул. Квітнева, 54\n(ПГ № 114)\n"
      },
      "geometry": {
        "type": "Point",
        "coordinates": [
          29.85408,
          49.50778
        ]
      }
    },
    {
      "type": "Feature",
      "properties": {
        "name": "с. Завадівка, вул. Квітнева, 56\n(ПГ № 115)\n"
      },
      "geometry": {
        "type": "Point",
        "coordinates": [
          29.85403,
          49.50863
        ]
      }
    },
    {
      "type": "Feature",
      "properties": {
        "name": "с. Завадівка, вул. Гагаріна, 32\n(ПГ № 129)\n"
      },
      "geometry": {
        "type": "Point",
        "coordinates": [
          29.86867,
          49.50387
        ]
      }
    },
    {
      "type": "Feature",
      "properties": {
        "name": "с. Завадівка, вул. Гагаріна, 42\n(ПГ № 130)\n"
      },
      "geometry": {
        "type": "Point",
        "coordinates": [
          29.86699,
          49.50472
        ]
      }
    },
    {
      "type": "Feature",
      "properties": {
        "name": "с. Завадівка, вул. Шкільна, 35, Школа (ВВ № 46)\n"
      },
      "geometry": {
        "type": "Point",
        "coordinates": [
          29.85437,
          49.51151
        ]
      }
    },
    {
      "type": "Feature",
      "properties": {
        "name": "с. Завадівка, вул. Квітнева, 45, ПСП «ДІАР» (ВВ № 35)\n"
      },
      "geometry": {
        "type": "Point",
        "coordinates": [
          29.85183,
          49.50285
        ]
      }
    },
    {
      "type": "Feature",
      "properties": {
        "name": "с. Матвіїха, вул. Першотравнева, 10 (ПГ № 157)\n"
      },
      "geometry": {
        "type": "Point",
        "coordinates": [
          29.9894712,
          49.4756724
        ]
      }
    },
    {
      "type": "Feature",
      "properties": {
        "name": "с. Матвіїха, вул. Першотравнева, 17 (ПГ № 158)\n"
      },
      "geometry": {
        "type": "Point",
        "coordinates": [
          29.9909505,
          49.4746064
        ]
      }
    },
    {
      "type": "Feature",
      "properties": {
        "name": "с. Матвіїха, вул. Першотравнева, 21 (ПГ № 159)\n"
      },
      "geometry": {
        "type": "Point",
        "coordinates": [
          29.9921665,
          49.4737202
        ]
      }
    },
    {
      "type": "Feature",
      "properties": {
        "name": "с. Матвіїха, вул. Молодіжна, 48\n(ПГ № 160)\n"
      },
      "geometry": {
        "type": "Point",
        "coordinates": [
          29.9909877,
          49.4730385
        ]
      }
    },
    {
      "type": "Feature",
      "properties": {
        "name": "с. Матвіїха, вул. Лісова, 64\n(ПГ № 162)\n"
      },
      "geometry": {
        "type": "Point",
        "coordinates": [
          29.9868131,
          49.4744282
        ]
      }
    },
    {
      "type": "Feature",
      "properties": {
        "name": "с. Матвіїха, вул. Молодіжна, 43\n(ПГ № 161)\n"
      },
      "geometry": {
        "type": "Point",
        "coordinates": [
          29.989603,
          49.4740289
        ]
      }
    },
    {
      "type": "Feature",
      "properties": {
        "name": "с. Матвіїха, вул. Лісова, 73\n(ПГ № 163)\n"
      },
      "geometry": {
        "type": "Point",
        "coordinates": [
          29.9894082,
          49.4725975
        ]
      }
    },
    {
      "type": "Feature",
      "properties": {
        "name": "с. Матвіїха, вул. Лісова\n(ВВ № 36)\n"
      },
      "geometry": {
        "type": "Point",
        "coordinates": [
          29.985531,
          49.4734069
        ]
      }
    },
    {
      "type": "Feature",
      "properties": {
        "name": "с. Матвіїха, вул. Лісова (ВВ № 37)\n"
      },
      "geometry": {
        "type": "Point",
        "coordinates": [
          29.9856658,
          49.4732988
        ]
      }
    },
    {
      "type": "Feature",
      "properties": {
        "name": "с. Лихачиха, вул. Центральна\n(ВВ № 38)\n"
      },
      "geometry": {
        "type": "Point",
        "coordinates": [
          29.9866877,
          49.4818357
        ]
      }
    },
    {
      "type": "Feature",
      "properties": {
        "name": "с. Матвіїха, вул. Кооперативна, 32\n(ВВ № 33)\n"
      },
      "geometry": {
        "type": "Point",
        "coordinates": [
          29.9830845,
          49.4804074
        ]
      }
    },
    {
      "type": "Feature",
      "properties": {
        "name": "с. Руде Село, вул. Паркова (сільська рада) (ПГ № 168)\n"
      },
      "geometry": {
        "type": "Point",
        "coordinates": [
          29.713236,
          49.5000096
        ]
      }
    },
    {
      "type": "Feature",
      "properties": {
        "name": "с. Руде Село, вул Паркова (будинок пристарілих) (ПГ № 169)\n"
      },
      "geometry": {
        "type": "Point",
        "coordinates": [
          29.7158688,
          49.4994054
        ]
      }
    },
    {
      "type": "Feature",
      "properties": {
        "name": "с. Руде Село, вул Миру, 6\n(ПГ № 170)\n"
      },
      "geometry": {
        "type": "Point",
        "coordinates": [
          29.7252984,
          49.4990535
        ]
      }
    },
    {
      "type": "Feature",
      "properties": {
        "name": "с. Руде Село, вул Будівельників, 62 (ПГ № 171)\n"
      },
      "geometry": {
        "type": "Point",
        "coordinates": [
          29.7266047,
          49.4939263
        ]
      }
    },
    {
      "type": "Feature",
      "properties": {
        "name": "с. Руде Село, вул. Будівельників, 34 (ПГ № 172)\n"
      },
      "geometry": {
        "type": "Point",
        "coordinates": [
          29.723784,
          49.4955563
        ]
      }
    },
    {
      "type": "Feature",
      "properties": {
        "name": "с. Руде Село, вул. Будівельників, 16 (ПГ № 173)\n"
      },
      "geometry": {
        "type": "Point",
        "coordinates": [
          29.7219842,
          49.4967274
        ]
      }
    },
    {
      "type": "Feature",
      "properties": {
        "name": "с. Руде Село, вул. Вілінського, 3 Школа (ПГ № 174)\n"
      },
      "geometry": {
        "type": "Point",
        "coordinates": [
          29.699732,
          49.4985982
        ]
      }
    },
    {
      "type": "Feature",
      "properties": {
        "name": "с. Руде Село, вул. Вілінського, 3 Школа (ПГ № 175)\n"
      },
      "geometry": {
        "type": "Point",
        "coordinates": [
          29.6991211,
          49.498702
        ]
      }
    },
    {
      "type": "Feature",
      "properties": {
        "name": "с. Руде Село,перехрестя вулиць Грицюка, Андрієвського (ПГ № 176)\n"
      },
      "geometry": {
        "type": "Point",
        "coordinates": [
          29.7190123,
          49.4987894
        ]
      }
    },
    {
      "type": "Feature",
      "properties": {
        "name": "с. Руде Село, вул. Паркова (ВВ № 22)\n"
      },
      "geometry": {
        "type": "Point",
        "coordinates": [
          29.7162376,
          49.5000743
        ]
      }
    },
    {
      "type": "Feature",
      "properties": {
        "name": "с. Руде Село, вул. Хмельницька\n(ВВ № 23)\n"
      },
      "geometry": {
        "type": "Point",
        "coordinates": [
          29.7274241,
          49.4994894
        ]
      }
    },
    {
      "type": "Feature",
      "properties": {
        "name": "с. Руде Село, Школа, вул. Вілінського, 3 (ВВ № 24)\n"
      },
      "geometry": {
        "type": "Point",
        "coordinates": [
          29.698413,
          49.4987473
        ]
      }
    },
    {
      "type": "Feature",
      "properties": {
        "name": "с. Логвин, вул Армійська, 1б Школа (ПВ № 6)\n"
      },
      "geometry": {
        "type": "Point",
        "coordinates": [
          29.93435,
          49.55163
        ]
      }
    },
    {
      "type": "Feature",
      "properties": {
        "name": "с. Логвин, вул. Шевченка, 50/5 ПП «Аграрне» (ВВ № 3)\n"
      },
      "geometry": {
        "type": "Point",
        "coordinates": [
          29.93732,
          49.56006
        ]
      }
    },
    {
      "type": "Feature",
      "properties": {
        "name": "с. Пархомівка, вул Свято-Покровська, 97, будинок культури\n(ВВ № 39)\n"
      },
      "geometry": {
        "type": "Point",
        "coordinates": [
          30.0446947,
          49.5553963
        ]
      }
    },
    {
      "type": "Feature",
      "properties": {
        "name": "с. Пархомівка, вул. Свято-Покровська, 105 А, ТОВ «ФК ЛТД»\n(ВВ № 8)\n"
      },
      "geometry": {
        "type": "Point",
        "coordinates": [
          30.04983,
          49.55826
        ]
      }
    },
    {
      "type": "Feature",
      "properties": {
        "name": "с. Пархомівка, вул Шевченка, ФГ «Гайок» (ВВ № 43)\n"
      },
      "geometry": {
        "type": "Point",
        "coordinates": [
          30.05252,
          49.54603
        ]
      }
    },
    {
      "type": "Feature",
      "properties": {
        "name": "с. Лобачів, вул. Шевченка\n(ВВ № 27)\n"
      },
      "geometry": {
        "type": "Point",
        "coordinates": [
          29.88751,
          49.42375
        ]
      }
    },
    {
      "type": "Feature",
      "properties": {
        "name": "с. Тарган, вул. Зарічна (ВВ № 28)\n"
      },
      "geometry": {
        "type": "Point",
        "coordinates": [
          29.99048,
          49.54472
        ]
      }
    },
    {
      "type": "Feature",
      "properties": {
        "name": "с. Тарган, ТОВ «ФК ЛТД» (ВВ № 7)\n"
      },
      "geometry": {
        "type": "Point",
        "coordinates": [
          29.99066,
          49.55084
        ]
      }
    },
    {
      "type": "Feature",
      "properties": {
        "name": "с. Капустинці, вул Шевченка\n(ВВ № 17)\n"
      },
      "geometry": {
        "type": "Point",
        "coordinates": [
          29.59212,
          49.53005
        ]
      }
    },
    {
      "type": "Feature",
      "properties": {
        "name": "с. Капустинці, вул Польова, ЕНАФ «Мрія» (ВВ № 18)\n"
      },
      "geometry": {
        "type": "Point",
        "coordinates": [
          29.5997859,
          49.5321011
        ]
      }
    },
    {
      "type": "Feature",
      "properties": {
        "name": "с. Косівка, вул Перемоги, 54а Школа (ПВ № 10)\n"
      },
      "geometry": {
        "type": "Point",
        "coordinates": [
          29.75302,
          49.4684
        ]
      }
    },
    {
      "type": "Feature",
      "properties": {
        "name": "с. Косівка, вул Перемоги, 54а Школа (ПВ № 11)\n"
      },
      "geometry": {
        "type": "Point",
        "coordinates": [
          29.75227,
          49.46836
        ]
      }
    },
    {
      "type": "Feature",
      "properties": {
        "name": "с. Косівка, вул. Перемоги, 54а\n(ВВ № 20)\n"
      },
      "geometry": {
        "type": "Point",
        "coordinates": [
          29.75301,
          49.46902
        ]
      }
    },
    {
      "type": "Feature",
      "properties": {
        "name": "с. Косівка, вул Корінчука, 37, ТОВ «Ропа Агросервіс» (ВВ № 6)\n"
      },
      "geometry": {
        "type": "Point",
        "coordinates": [
          29.74946,
          49.47119
        ]
      }
    },
    {
      "type": "Feature",
      "properties": {
        "name": "с. Городище Косівське, ТОВ «СГТ Нова» (ВВ № 45)\n"
      },
      "geometry": {
        "type": "Point",
        "coordinates": [
          29.79549,
          49.47466
        ]
      }
    },
    {
      "type": "Feature",
      "properties": {
        "name": "с. Біліївка, вул. Коцюбинського\n(ВВ № 31)\n"
      },
      "geometry": {
        "type": "Point",
        "coordinates": [
          29.7934,
          49.59636
        ]
      }
    },
    {
      "type": "Feature",
      "properties": {
        "name": "с. Гайворон, вул Шкільна, ПП АФ «Розволожжя» (ВВ № 44)\n"
      },
      "geometry": {
        "type": "Point",
        "coordinates": [
          29.84236,
          49.5675
        ]
      }
    },
    {
      "type": "Feature",
      "properties": {
        "name": "с. Рубченки, вул Шевченка\n(ВВ № 19)\n"
      },
      "geometry": {
        "type": "Point",
        "coordinates": [
          29.714065,
          49.5615121
        ]
      }
    },
    {
      "type": "Feature",
      "properties": {
        "name": "с. Рубченки, ПП «Аграрне»\n(ВВ № 1)\n"
      },
      "geometry": {
        "type": "Point",
        "coordinates": [
          29.5267996,
          49.5767404
        ]
      }
    },
    {
      "type": "Feature",
      "properties": {
        "name": "с. Рубченки, ПП «Аграрне»\n(ВВ № 2)\n"
      },
      "geometry": {
        "type": "Point",
        "coordinates": [
          29.7022276,
          49.5598403
        ]
      }
    },
    {
      "type": "Feature",
      "properties": {
        "name": "с. Рогізна, вул. Садова\n(ВВ № 25)\n"
      },
      "geometry": {
        "type": "Point",
        "coordinates": [
          29.79711,
          49.55589
        ]
      }
    },
    {
      "type": "Feature",
      "properties": {
        "name": "с. Рогізна, вул Армійська, ТОВ «Зеніт» (ВВ № 12)\n"
      },
      "geometry": {
        "type": "Point",
        "coordinates": [
          29.78208,
          49.54763
        ]
      }
    },
    {
      "type": "Feature",
      "properties": {
        "name": "с. Березна, вул Миру, 7, ПОП «Вперед» (ВВ № 41)\n"
      },
      "geometry": {
        "type": "Point",
        "coordinates": [
          29.91025,
          49.58595
        ]
      }
    },
    {
      "type": "Feature",
      "properties": {
        "name": "с. Березна, вул Миру, 7, ПОП «Вперед» (ВВ № 42)\n"
      },
      "geometry": {
        "type": "Point",
        "coordinates": [
          29.89933,
          49.59178
        ]
      }
    },
    {
      "type": "Feature",
      "properties": {
        "name": "с. Городище- Пустоварівське, вул Радгоспна, ПАТ «Городище-Пустоварівський бурякорадгосп»\n(ВВ № 13)\n"
      },
      "geometry": {
        "type": "Point",
        "coordinates": [
          29.9307,
          49.64537
        ]
      }
    },
    {
      "type": "Feature",
      "properties": {
        "name": "с. Городище- Пустоварівське, вул Радгоспна, ПАТ «Городище-Пустоварівський бурякорадгосп»\n(ВВ № 14)\n"
      },
      "geometry": {
        "type": "Point",
        "coordinates": [
          29.93697,
          49.64397
        ]
      }
    },
    {
      "type": "Feature",
      "properties": {
        "name": "с. Городище- Пустоварівське, вул. Гагаріна, 121, школа (ПВ № 9)\n"
      },
      "geometry": {
        "type": "Point",
        "coordinates": [
          29.93765,
          49.63992
        ]
      }
    },
    {
      "type": "Feature",
      "properties": {
        "name": "с. Городище- Пустоварівське, вул Центральна, 57, АТ «Городище-Пустоварівський цукровий завод»\n(ПВ № 12)\n"
      },
      "geometry": {
        "type": "Point",
        "coordinates": [
          29.94373,
          49.63798
        ]
      }
    },
    {
      "type": "Feature",
      "properties": {
        "name": "с. Городище- Пустоварівське, вул Центральна, 57, АТ «Городище-Пустоварівський цукровий завод»\n(ПГ № 186)\n"
      },
      "geometry": {
        "type": "Point",
        "coordinates": [
          29.94385,
          49.63853
        ]
      }
    },
    {
      "type": "Feature",
      "properties": {
        "name": "с. Городище- Пустоварівське, вул Центральна, 57, АТ «Городище-Пустоварівський цукровий завод»\n(ПГ № 187)\n"
      },
      "geometry": {
        "type": "Point",
        "coordinates": [
          29.94478,
          49.63846
        ]
      }
    },
    {
      "type": "Feature",
      "properties": {
        "name": "с. Ожегівка, ФГ «Відродження»\n(ВВ № 34)\n"
      },
      "geometry": {
        "type": "Point",
        "coordinates": [
          30.04042,
          49.52474
        ]
      }
    },
    {
      "type": "Feature",
      "properties": {
        "name": "с. Мармуліївка, вул. Центральна, ПП «Горизонт» (ВВ № 15)\n"
      },
      "geometry": {
        "type": "Point",
        "coordinates": [
          29.61588,
          49.50145
        ]
      }
    },
    {
      "type": "Feature",
      "properties": {
        "name": "с. Мармуліївка, вул Центральна, ПП «Горизонт» (ВВ № 16)\n"
      },
      "geometry": {
        "type": "Point",
        "coordinates": [
          29.6158835,
          49.50144
        ]
      }
    },
    {
      "type": "Feature",
      "properties": {
        "name": "с. Тадіївка, ПОСП «Аграрник»\n(ВВ № 4)\n"
      },
      "geometry": {
        "type": "Point",
        "coordinates": [
          30.08741,
          49.58558
        ]
      }
    },
    {
      "type": "Feature",
      "properties": {
        "name": "с. Завадівка, вул. Шкільна\n(ВВ № 21)\n"
      },
      "geometry": {
        "type": "Point",
        "coordinates": [
          29.85326,
          49.51527
        ]
      }
    },
    {
      "type": "Feature",
      "properties": {
        "name": "с-ще Володарка, вул. Калинова, 12 (ПГ № 10)\n"
      },
      "geometry": {
        "type": "Point",
        "coordinates": [
          29.9178589,
          49.5254009
        ]
      }
    },
    {
      "type": "Feature",
      "properties": {
        "name": "с. Бакумівка вул. Степова"
      },
      "geometry": {
        "type": "Point",
        "coordinates": [
          30.598457,
          49.703936
        ]
      }
    },
    {
      "type": "Feature",
      "properties": {
        "name": "с. Бушеве вул. Центральна, 46 "
      },
      "geometry": {
        "type": "Point",
        "coordinates": [
          30.606017,
          49.6338236
        ]
      }
    },
    {
      "type": "Feature",
      "properties": {
        "name": "с. Житні гори вул. Поповича"
      },
      "geometry": {
        "type": "Point",
        "coordinates": [
          30.460323,
          49.726691
        ]
      }
    },
    {
      "type": "Feature",
      "properties": {
        "name": "с. Житні гори вул. Центральна"
      },
      "geometry": {
        "type": "Point",
        "coordinates": [
          30.459172,
          49.744197
        ]
      }
    },
    {
      "type": "Feature",
      "properties": {
        "name": "с. Запруддя вул. Шевченка, 8\n"
      },
      "geometry": {
        "type": "Point",
        "coordinates": [
          30.633533,
          49.802513
        ]
      }
    },
    {
      "type": "Feature",
      "properties": {
        "name": "с. Калинівка вул. Молодіжна"
      },
      "geometry": {
        "type": "Point",
        "coordinates": [
          30.657065,
          49.726921
        ]
      }
    },
    {
      "type": "Feature",
      "properties": {
        "name": "с. Луб’янка вул. Садова"
      },
      "geometry": {
        "type": "Point",
        "coordinates": [
          30.723532,
          49.696719
        ]
      }
    },
    {
      "type": "Feature",
      "properties": {
        "name": "с. Маківка вул. Білоцерківська, 1"
      },
      "geometry": {
        "type": "Point",
        "coordinates": [
          30.590341,
          49.805424
        ]
      }
    },
    {
      "type": "Feature",
      "properties": {
        "name": "с. Насташка вул. Петровського, 45А"
      },
      "geometry": {
        "type": "Point",
        "coordinates": [
          30.290831,
          49.633292
        ]
      }
    },
    {
      "type": "Feature",
      "properties": {
        "name": "с. Насташка вул. Петровського, 45А"
      },
      "geometry": {
        "type": "Point",
        "coordinates": [
          30.292591,
          49.632178
        ]
      }
    },
    {
      "type": "Feature",
      "properties": {
        "name": "с. Насташка вул. Петровського, 45А"
      },
      "geometry": {
        "type": "Point",
        "coordinates": [
          30.292711,
          49.633183
        ]
      }
    },
    {
      "type": "Feature",
      "properties": {
        "name": "с. Насташка вул. Петровського, 45А"
      },
      "geometry": {
        "type": "Point",
        "coordinates": [
          30.290059,
          49.632215
        ]
      }
    },
    {
      "type": "Feature",
      "properties": {
        "name": "с. Насташка вул. Петровського, 45А"
      },
      "geometry": {
        "type": "Point",
        "coordinates": [
          30.290219,
          49.63406
        ]
      }
    },
    {
      "type": "Feature",
      "properties": {
        "name": "с. Ольшаницявул. Михайла Грушевського, 34"
      },
      "geometry": {
        "type": "Point",
        "coordinates": [
          30.642542,
          49.663063
        ]
      }
    },
    {
      "type": "Feature",
      "properties": {
        "name": "с. Ольшаницявул. Михайла Грушевського, 34"
      },
      "geometry": {
        "type": "Point",
        "coordinates": [
          30.642715,
          49.663314
        ]
      }
    },
    {
      "type": "Feature",
      "properties": {
        "name": "с. Ольшаниця вул. Центральна, 174"
      },
      "geometry": {
        "type": "Point",
        "coordinates": [
          30.646644,
          49.6562182
        ]
      }
    },
    {
      "type": "Feature",
      "properties": {
        "name": "с. Ольшаниця вул. Лісова, 4А"
      },
      "geometry": {
        "type": "Point",
        "coordinates": [
          30.647682,
          49.651751
        ]
      }
    },
    {
      "type": "Feature",
      "properties": {
        "name": "с. Ольшаниця вул. Лісова, 4А"
      },
      "geometry": {
        "type": "Point",
        "coordinates": [
          30.649435,
          49.649784
        ]
      }
    },
    {
      "type": "Feature",
      "properties": {
        "name": "с. Ольшаниця вул. Привокзальна, 3"
      },
      "geometry": {
        "type": "Point",
        "coordinates": [
          30.651027,
          49.658882
        ]
      }
    },
    {
      "type": "Feature",
      "properties": {
        "name": "с. Ольшаниця вул. Привокзальна, 3"
      },
      "geometry": {
        "type": "Point",
        "coordinates": [
          30.651217,
          49.658873
        ]
      }
    },
    {
      "type": "Feature",
      "properties": {
        "name": "с. Ольшаниця вул. Привокзальна, 3"
      },
      "geometry": {
        "type": "Point",
        "coordinates": [
          30.651915,
          49.658885
        ]
      }
    },
    {
      "type": "Feature",
      "properties": {
        "name": "с. Ольшаниця вул. Лісова"
      },
      "geometry": {
        "type": "Point",
        "coordinates": [
          30.656881,
          49.648962
        ]
      }
    },
    {
      "type": "Feature",
      "properties": {
        "name": "с. Острів вул. Ярослава Мудрого"
      },
      "geometry": {
        "type": "Point",
        "coordinates": [
          30.3811921,
          49.678154
        ]
      }
    },
    {
      "type": "Feature",
      "properties": {
        "name": "с. Острів вул. Вербова"
      },
      "geometry": {
        "type": "Point",
        "coordinates": [
          30.388267,
          49.670413
        ]
      }
    },
    {
      "type": "Feature",
      "properties": {
        "name": "с. Ромашки вул. Покровська"
      },
      "geometry": {
        "type": "Point",
        "coordinates": [
          30.591972,
          49.73396
        ]
      }
    },
    {
      "type": "Feature",
      "properties": {
        "name": "с. Савенці вул. Жовтнева"
      },
      "geometry": {
        "type": "Point",
        "coordinates": [
          30.509611,
          49.772524
        ]
      }
    },
    {
      "type": "Feature",
      "properties": {
        "name": "с. Шарки вул. Перемоги"
      },
      "geometry": {
        "type": "Point",
        "coordinates": [
          30.634738,
          49.710272
        ]
      }
    },
    {
      "type": "Feature",
      "properties": {
        "name": "с. Синява вул. Шевченка"
      },
      "geometry": {
        "type": "Point",
        "coordinates": [
          30.490613,
          49.652775
        ]
      }
    },
    {
      "type": "Feature",
      "properties": {
        "name": "с. Синява вул. Шевченка"
      },
      "geometry": {
        "type": "Point",
        "coordinates": [
          30.49058,
          49.654276
        ]
      }
    },
    {
      "type": "Feature",
      "properties": {
        "name": "с. Синява вул. Шевченка, 1"
      },
      "geometry": {
        "type": "Point",
        "coordinates": [
          30.486035,
          49.659232
        ]
      }
    },
    {
      "type": "Feature",
      "properties": {
        "name": "с. Синява вул. Шевченка, 1"
      },
      "geometry": {
        "type": "Point",
        "coordinates": [
          30.486031,
          49.659289
        ]
      }
    },
    {
      "type": "Feature",
      "properties": {
        "name": "с. Синява вул. Шевченка, 1"
      },
      "geometry": {
        "type": "Point",
        "coordinates": [
          30.486062,
          49.659375
        ]
      }
    },
    {
      "type": "Feature",
      "properties": {
        "name": "с. Синява вул. Шевченка, 1"
      },
      "geometry": {
        "type": "Point",
        "coordinates": [
          30.486038,
          49.659289
        ]
      }
    },
    {
      "type": "Feature",
      "properties": {
        "name": "с. Телешівка пр. Молодіжний, 26"
      },
      "geometry": {
        "type": "Point",
        "coordinates": [
          30.626033,
          49.758994
        ]
      }
    },
    {
      "type": "Feature",
      "properties": {
        "name": "с. Телешівка вул. Молодіжна"
      },
      "geometry": {
        "type": "Point",
        "coordinates": [
          30.628646,
          49.751741
        ]
      }
    },
    {
      "type": "Feature",
      "properties": {
        "name": "с. Телешівка вул. Малинова"
      },
      "geometry": {
        "type": "Point",
        "coordinates": [
          30.648213,
          49.764557
        ]
      }
    },
    {
      "type": "Feature",
      "properties": {
        "name": "смт Рокитне вул. Незалежності, 2"
      },
      "geometry": {
        "type": "Point",
        "coordinates": [
          30.475032,
          49.685323
        ]
      }
    },
    {
      "type": "Feature",
      "properties": {
        "name": "смт Рокитне вул. Незалежності, 32\n"
      },
      "geometry": {
        "type": "Point",
        "coordinates": [
          30.480891,
          49.685844
        ]
      }
    },
    {
      "type": "Feature",
      "properties": {
        "name": "смт Рокитне вул. Незалежності, 35\n"
      },
      "geometry": {
        "type": "Point",
        "coordinates": [
          30.484556,
          49.685859
        ]
      }
    },
    {
      "type": "Feature",
      "properties": {
        "name": "смт Рокитне вул. Незалежності, 62\n"
      },
      "geometry": {
        "type": "Point",
        "coordinates": [
          30.485691,
          49.685616
        ]
      }
    },
    {
      "type": "Feature",
      "properties": {
        "name": "смт Рокитне вул. Незалежності, 127\n"
      },
      "geometry": {
        "type": "Point",
        "coordinates": [
          30.499524,
          49.684373
        ]
      }
    },
    {
      "type": "Feature",
      "properties": {
        "name": "смт Рокитне вул. Садова, 7\n"
      },
      "geometry": {
        "type": "Point",
        "coordinates": [
          30.47865,
          49.684535
        ]
      }
    },
    {
      "type": "Feature",
      "properties": {
        "name": "смт Рокитне вул. Шкільна, 23\n"
      },
      "geometry": {
        "type": "Point",
        "coordinates": [
          30.481837,
          49.689633
        ]
      }
    },
    {
      "type": "Feature",
      "properties": {
        "name": "смт Рокитне вул. Смоляна, 12\n"
      },
      "geometry": {
        "type": "Point",
        "coordinates": [
          30.475767,
          49.68699
        ]
      }
    },
    {
      "type": "Feature",
      "properties": {
        "name": "смт Рокитне вул. Смоляна, 21\n"
      },
      "geometry": {
        "type": "Point",
        "coordinates": [
          30.476423,
          49.686292
        ]
      }
    },
    {
      "type": "Feature",
      "properties": {
        "name": "смт Рокитне вул. Ентузіастів, 8\n"
      },
      "geometry": {
        "type": "Point",
        "coordinates": [
          30.500842,
          49.687535
        ]
      }
    },
    {
      "type": "Feature",
      "properties": {
        "name": "смт Рокитне вул. Освіти, 1Б\n"
      },
      "geometry": {
        "type": "Point",
        "coordinates": [
          30.498039,
          49.687317
        ]
      }
    },
    {
      "type": "Feature",
      "properties": {
        "name": "смт Рокитне вул. Заводська, 3\n"
      },
      "geometry": {
        "type": "Point",
        "coordinates": [
          30.471972,
          49.686199
        ]
      }
    },
    {
      "type": "Feature",
      "properties": {
        "name": "смт Рокитне вул. Вокзальна, 36\n"
      },
      "geometry": {
        "type": "Point",
        "coordinates": [
          30.4761,
          49.688863
        ]
      }
    },
    {
      "type": "Feature",
      "properties": {
        "name": "смт Рокитне вул. Вокзальна, 44\n"
      },
      "geometry": {
        "type": "Point",
        "coordinates": [
          30.478072,
          49.689665
        ]
      }
    },
    {
      "type": "Feature",
      "properties": {
        "name": "смт Рокитне вул. Вокзальна, 84\n"
      },
      "geometry": {
        "type": "Point",
        "coordinates": [
          30.482268,
          49.692044
        ]
      }
    },
    {
      "type": "Feature",
      "properties": {
        "name": "смт Рокитне вул. Вокзальна, 114\n"
      },
      "geometry": {
        "type": "Point",
        "coordinates": [
          30.48576,
          49.694511
        ]
      }
    },
    {
      "type": "Feature",
      "properties": {
        "name": "смт Рокитне пр. Новий, 12\n"
      },
      "geometry": {
        "type": "Point",
        "coordinates": [
          30.476192,
          49.68338
        ]
      }
    },
    {
      "type": "Feature",
      "properties": {
        "name": "смт Рокитне вул. Короленка, 16А\n"
      },
      "geometry": {
        "type": "Point",
        "coordinates": [
          30.495947,
          49.687098
        ]
      }
    },
    {
      "type": "Feature",
      "properties": {
        "name": "смт Рокитне вул. Ентузіастів, 6\n"
      },
      "geometry": {
        "type": "Point",
        "coordinates": [
          30.502421,
          49.685014
        ]
      }
    },
    {
      "type": "Feature",
      "properties": {
        "name": "смт Рокитне вул. Вокзальна, 86"
      },
      "geometry": {
        "type": "Point",
        "coordinates": [
          30.481728,
          49.692754
        ]
      }
    },
    {
      "type": "Feature",
      "properties": {
        "name": "смт Рокитне вул. Ентузіастів, 4\n"
      },
      "geometry": {
        "type": "Point",
        "coordinates": [
          30.501972,
          49.692836
        ]
      }
    },
    {
      "type": "Feature",
      "properties": {
        "name": "смт Рокитне вул. Ентузіастів, 6\n"
      },
      "geometry": {
        "type": "Point",
        "coordinates": [
          30.502221,
          49.691369
        ]
      }
    },
    {
      "type": "Feature",
      "properties": {
        "name": "смт Рокитне вул. Телешівська, 24\n"
      },
      "geometry": {
        "type": "Point",
        "coordinates": [
          30.493649,
          49.699917
        ]
      }
    },
    {
      "type": "Feature",
      "properties": {
        "name": "смт Рокитне вул. Ентузіастів, 4\n"
      },
      "geometry": {
        "type": "Point",
        "coordinates": [
          30.505145,
          49.684374
        ]
      }
    },
    {
      "type": "Feature",
      "properties": {
        "name": "смт Рокитне вул. Садова, 4"
      },
      "geometry": {
        "type": "Point",
        "coordinates": [
          30.477797,
          49.68414
        ]
      }
    },
    {
      "type": "Feature",
      "properties": {
        "name": "смт Рокитне вул. Телешівська, 2\n"
      },
      "geometry": {
        "type": "Point",
        "coordinates": [
          30.4914,
          49.697577
        ]
      }
    },
    {
      "type": "Feature",
      "properties": {
        "name": "смт Рокитне вул. Вокзальна, 46\n"
      },
      "geometry": {
        "type": "Point",
        "coordinates": [
          30.480449,
          49.689121
        ]
      }
    },
    {
      "type": "Feature",
      "properties": {
        "name": "смт Рокитне вул. Щорса, 35\n"
      },
      "geometry": {
        "type": "Point",
        "coordinates": [
          30.485633,
          49.674195
        ]
      }
    },
    {
      "type": "Feature",
      "properties": {
        "name": "с. Виговське вул. Садова"
      },
      "geometry": {
        "type": "Point",
        "coordinates": [
          30.712211,
          49.724418
        ]
      }
    },
    {
      "type": "Feature",
      "properties": {
        "name": "смт Рокитне вул. Окружна, 1\n"
      },
      "geometry": {
        "type": "Point",
        "coordinates": [
          30.47494,
          49.671568
        ]
      }
    },
    {
      "type": "Feature",
      "properties": {
        "name": "смт Рокитне вул. Пісчана, 27\n"
      },
      "geometry": {
        "type": "Point",
        "coordinates": [
          30.46025,
          49.683359
        ]
      }
    },
    {
      "type": "Feature",
      "properties": {
        "name": "смт Рокитне вул. Енергетиків, 1\n"
      },
      "geometry": {
        "type": "Point",
        "coordinates": [
          30.483256,
          49.694772
        ]
      }
    },
    {
      "type": "Feature",
      "properties": {
        "name": "смт Рокитне вул. Ентузіастів, 2\n"
      },
      "geometry": {
        "type": "Point",
        "coordinates": [
          30.501897,
          49.694824
        ]
      }
    },
    {
      "type": "Feature",
      "properties": {
        "name": "смт Рокитне вул. Вокзальна, 222\n"
      },
      "geometry": {
        "type": "Point",
        "coordinates": [
          30.5072789,
          49.6939937
        ]
      }
    },
    {
      "type": "Feature",
      "properties": {
        "name": "смт Рокитне вул. Вокзальна, 220\n"
      },
      "geometry": {
        "type": "Point",
        "coordinates": [
          30.505374,
          49.695618
        ]
      }
    },
    {
      "type": "Feature",
      "properties": {
        "name": "смт Рокитне вул. Волі, 133\n"
      },
      "geometry": {
        "type": "Point",
        "coordinates": [
          30.501477,
          49.67482
        ]
      }
    },
    {
      "type": "Feature",
      "properties": {
        "name": "смт Рокитне вул. Незалежності, 30А\n"
      },
      "geometry": {
        "type": "Point",
        "coordinates": [
          30.479813,
          49.684676
        ]
      }
    },
    {
      "type": "Feature",
      "properties": {
        "name": "смт Рокитне вул. Пісчана, 6\n"
      },
      "geometry": {
        "type": "Point",
        "coordinates": [
          30.459346,
          49.68499
        ]
      }
    },
    {
      "type": "Feature",
      "properties": {
        "name": "смт Рокитне смт Рокитне-2\n"
      },
      "geometry": {
        "type": "Point",
        "coordinates": [
          30.443831,
          49.658265
        ]
      }
    },
    {
      "type": "Feature",
      "properties": {
        "name": "смт Рокитне вул. Короленка,14\n"
      },
      "geometry": {
        "type": "Point",
        "coordinates": [
          30.497577,
          49.686113
        ]
      }
    },
    {
      "type": "Feature",
      "properties": {
        "name": "смт Рокитне вул. Окружна, 2\n"
      },
      "geometry": {
        "type": "Point",
        "coordinates": [
          30.500669,
          49.680157
        ]
      }
    },
    {
      "type": "Feature",
      "properties": {
        "name": "смт Рокитне вул. Окружна, 3а\n"
      },
      "geometry": {
        "type": "Point",
        "coordinates": [
          30.475593,
          49.672054
        ]
      }
    },
    {
      "type": "Feature",
      "properties": {
        "name": "смт Рокитне вул. Ігора Зінича, 6\n"
      },
      "geometry": {
        "type": "Point",
        "coordinates": [
          30.472841,
          49.688062
        ]
      }
    },
    {
      "type": "Feature",
      "properties": {
        "name": "смт Рокитне вул. Білоцерківська, 2\n"
      },
      "geometry": {
        "type": "Point",
        "coordinates": [
          30.448923,
          49.660955
        ]
      }
    },
    {
      "type": "Feature",
      "properties": {
        "name": "ПГ №24"
      },
      "geometry": {
        "type": "Point",
        "coordinates": [
          29.6639389,
          49.7289457
        ]
      }
    },
    {
      "type": "Feature",
      "properties": {
        "name": "ПГ№70"
      },
      "geometry": {
        "type": "Point",
        "coordinates": [
          29.6525122,
          49.735336
        ]
      }
    },
    {
      "type": "Feature",
      "properties": {
        "name": "ПГ №50"
      },
      "geometry": {
        "type": "Point",
        "coordinates": [
          29.6577166,
          49.7324342
        ]
      }
    },
    {
      "type": "Feature",
      "properties": {
        "name": "ПГ №48"
      },
      "geometry": {
        "type": "Point",
        "coordinates": [
          29.659401,
          49.73148
        ]
      }
    },
    {
      "type": "Feature",
      "properties": {
        "name": "ПГ №7"
      },
      "geometry": {
        "type": "Point",
        "coordinates": [
          29.684232,
          49.734972
        ]
      }
    },
    {
      "type": "Feature",
      "properties": {
        "name": "ПГ №136"
      },
      "geometry": {
        "type": "Point",
        "coordinates": [
          29.678793,
          49.732593
        ]
      }
    },
    {
      "type": "Feature",
      "properties": {
        "name": "ПГ №9"
      },
      "geometry": {
        "type": "Point",
        "coordinates": [
          29.67154,
          49.733717
        ]
      }
    },
    {
      "type": "Feature",
      "properties": {
        "name": "ПГ №42"
      },
      "geometry": {
        "type": "Point",
        "coordinates": [
          29.666326,
          49.73545
        ]
      }
    },
    {
      "type": "Feature",
      "properties": {
        "name": "ПГ №21"
      },
      "geometry": {
        "type": "Point",
        "coordinates": [
          29.659213,
          49.733592
        ]
      }
    },
    {
      "type": "Feature",
      "properties": {
        "name": "ПГ 10"
      },
      "geometry": {
        "type": "Point",
        "coordinates": [
          29.667206,
          49.741302
        ]
      }
    },
    {
      "type": "Feature",
      "properties": {
        "name": "ПГ №2"
      },
      "geometry": {
        "type": "Point",
        "coordinates": [
          29.665832,
          49.735561
        ]
      }
    },
    {
      "type": "Feature",
      "properties": {
        "name": "ПГ №17"
      },
      "geometry": {
        "type": "Point",
        "coordinates": [
          29.671905,
          49.73855
        ]
      }
    },
    {
      "type": "Feature",
      "properties": {
        "name": "ПГ №18"
      },
      "geometry": {
        "type": "Point",
        "coordinates": [
          29.681422,
          49.739257
        ]
      }
    },
    {
      "type": "Feature",
      "properties": {
        "name": "ПГ 6"
      },
      "geometry": {
        "type": "Point",
        "coordinates": [
          29.6542344,
          49.7454343
        ]
      }
    },
    {
      "type": "Feature",
      "properties": {
        "name": "Пг 38"
      },
      "geometry": {
        "type": "Point",
        "coordinates": [
          29.6485055,
          49.7450191
        ]
      }
    },
    {
      "type": "Feature",
      "properties": {
        "name": "ПГ 29"
      },
      "geometry": {
        "type": "Point",
        "coordinates": [
          29.6483125,
          49.745982
        ]
      }
    },
    {
      "type": "Feature",
      "properties": {
        "name": "ПГ11"
      },
      "geometry": {
        "type": "Point",
        "coordinates": [
          29.652969,
          49.747431
        ]
      }
    },
    {
      "type": "Feature",
      "properties": {
        "name": "ПГ 1"
      },
      "geometry": {
        "type": "Point",
        "coordinates": [
          29.6601891,
          49.7354886
        ]
      }
    },
    {
      "type": "Feature",
      "properties": {
        "name": "ПГ 15"
      },
      "geometry": {
        "type": "Point",
        "coordinates": [
          29.6571097,
          49.7365742
        ]
      }
    },
    {
      "type": "Feature",
      "properties": {
        "name": "ПГ 1"
      },
      "geometry": {
        "type": "Point",
        "coordinates": [
          29.672259,
          49.7214408
        ]
      }
    },
    {
      "type": "Feature",
      "properties": {
        "name": "ПГ 8"
      },
      "geometry": {
        "type": "Point",
        "coordinates": [
          29.651611,
          49.734816
        ]
      }
    },
    {
      "type": "Feature",
      "properties": {
        "name": "ПГ 13"
      },
      "geometry": {
        "type": "Point",
        "coordinates": [
          29.663944,
          49.733308
        ]
      }
    },
    {
      "type": "Feature",
      "properties": {
        "name": "ПГ 19"
      },
      "geometry": {
        "type": "Point",
        "coordinates": [
          29.664738,
          49.732857
        ]
      }
    },
    {
      "type": "Feature",
      "properties": {
        "name": "ПГ-87"
      },
      "geometry": {
        "type": "Point",
        "coordinates": [
          29.666369,
          49.731872
        ]
      }
    },
    {
      "type": "Feature",
      "properties": {
        "name": "ПГ-71"
      },
      "geometry": {
        "type": "Point",
        "coordinates": [
          29.6683,
          49.730346
        ]
      }
    },
    {
      "type": "Feature",
      "properties": {
        "name": "ПГ 25"
      },
      "geometry": {
        "type": "Point",
        "coordinates": [
          29.668804,
          49.731186
        ]
      }
    },
    {
      "type": "Feature",
      "properties": {
        "name": "ПГ 8"
      },
      "geometry": {
        "type": "Point",
        "coordinates": [
          29.661219,
          49.734424
        ]
      }
    },
    {
      "type": "Feature",
      "properties": {
        "name": "ПГ 27"
      },
      "geometry": {
        "type": "Point",
        "coordinates": [
          29.6574423,
          49.7352149
        ]
      }
    },
    {
      "type": "Feature",
      "properties": {
        "name": "ПГ 77"
      },
      "geometry": {
        "type": "Point",
        "coordinates": [
          29.6473355,
          49.7365494
        ]
      }
    },
    {
      "type": "Feature",
      "properties": {
        "name": "ПГ 108"
      },
      "geometry": {
        "type": "Point",
        "coordinates": [
          29.644622,
          49.736643
        ]
      }
    },
    {
      "type": "Feature",
      "properties": {
        "name": "ПГ 15"
      },
      "geometry": {
        "type": "Point",
        "coordinates": [
          29.6738894,
          49.729341
        ]
      }
    },
    {
      "type": "Feature",
      "properties": {
        "name": "Пг 1"
      },
      "geometry": {
        "type": "Point",
        "coordinates": [
          29.6706699,
          49.7309783
        ]
      }
    },
    {
      "type": "Feature",
      "properties": {
        "name": "ПГ 59"
      },
      "geometry": {
        "type": "Point",
        "coordinates": [
          29.679265,
          49.7280581
        ]
      }
    },
    {
      "type": "Feature",
      "properties": {
        "name": "ПГ 89"
      },
      "geometry": {
        "type": "Point",
        "coordinates": [
          29.681025,
          49.725769
        ]
      }
    },
    {
      "type": "Feature",
      "properties": {
        "name": "ПГ 97"
      },
      "geometry": {
        "type": "Point",
        "coordinates": [
          29.6822797,
          49.7243957
        ]
      }
    },
    {
      "type": "Feature",
      "properties": {
        "name": "ПГ 113"
      },
      "geometry": {
        "type": "Point",
        "coordinates": [
          29.6836425,
          49.7235222
        ]
      }
    },
    {
      "type": "Feature",
      "properties": {
        "name": "ПГ 79"
      },
      "geometry": {
        "type": "Point",
        "coordinates": [
          29.678772,
          49.743812
        ]
      }
    },
    {
      "type": "Feature",
      "properties": {
        "name": "ПГ 80"
      },
      "geometry": {
        "type": "Point",
        "coordinates": [
          29.650126,
          49.734535
        ]
      }
    },
    {
      "type": "Feature",
      "properties": {
        "name": "ПГ 74"
      },
      "geometry": {
        "type": "Point",
        "coordinates": [
          29.6509304,
          49.733963
        ]
      }
    },
    {
      "type": "Feature",
      "properties": {
        "name": "ПГ 64"
      },
      "geometry": {
        "type": "Point",
        "coordinates": [
          29.6540098,
          49.7325722
        ]
      }
    },
    {
      "type": "Feature",
      "properties": {
        "name": "Пг 32"
      },
      "geometry": {
        "type": "Point",
        "coordinates": [
          29.6592713,
          49.7296631
        ]
      }
    },
    {
      "type": "Feature",
      "properties": {
        "name": "ПГ 28"
      },
      "geometry": {
        "type": "Point",
        "coordinates": [
          29.660704,
          49.728835
        ]
      }
    },
    {
      "type": "Feature",
      "properties": {
        "name": "Пг 20"
      },
      "geometry": {
        "type": "Point",
        "coordinates": [
          29.6625866,
          49.7276589
        ]
      }
    },
    {
      "type": "Feature",
      "properties": {
        "name": "ПГ 5"
      },
      "geometry": {
        "type": "Point",
        "coordinates": [
          29.6726563,
          49.7298055
        ]
      }
    },
    {
      "type": "Feature",
      "properties": {
        "name": "ПГ 12"
      },
      "geometry": {
        "type": "Point",
        "coordinates": [
          29.666122,
          49.7295522
        ]
      }
    },
    {
      "type": "Feature",
      "properties": {
        "name": "ПГ 15"
      },
      "geometry": {
        "type": "Point",
        "coordinates": [
          29.684758,
          49.729889
        ]
      }
    },
    {
      "type": "Feature",
      "properties": {
        "name": "ПГ-23"
      },
      "geometry": {
        "type": "Point",
        "coordinates": [
          29.6883367,
          49.7292262
        ]
      }
    },
    {
      "type": "Feature",
      "properties": {
        "name": "ПГ 75"
      },
      "geometry": {
        "type": "Point",
        "coordinates": [
          29.6968439,
          49.7287096
        ]
      }
    },
    {
      "type": "Feature",
      "properties": {
        "name": "ПГ 31"
      },
      "geometry": {
        "type": "Point",
        "coordinates": [
          29.6494176,
          49.7471952
        ]
      }
    },
    {
      "type": "Feature",
      "properties": {
        "name": "ПГ 1"
      },
      "geometry": {
        "type": "Point",
        "coordinates": [
          29.653237,
          49.746419
        ]
      }
    },
    {
      "type": "Feature",
      "properties": {
        "name": "Точка 16"
      },
      "geometry": {
        "type": "Point",
        "coordinates": [
          29.670288,
          49.723901
        ]
      }
    },
    {
      "type": "Feature",
      "properties": {
        "name": "Точка 59"
      },
      "geometry": {
        "type": "Point",
        "coordinates": [
          29.654133,
          49.744241
        ]
      }
    },
    {
      "type": "Feature",
      "properties": {
        "name": "Точка 75"
      },
      "geometry": {
        "type": "Point",
        "coordinates": [
          29.65232,
          49.74395
        ]
      }
    },
    {
      "type": "Feature",
      "properties": {
        "name": "Точка 47"
      },
      "geometry": {
        "type": "Point",
        "coordinates": [
          29.6600867,
          49.7382077
        ]
      }
    },
    {
      "type": "Feature",
      "properties": {
        "name": "Точка 5"
      },
      "geometry": {
        "type": "Point",
        "coordinates": [
          29.661437,
          49.744837
        ]
      }
    },
    {
      "type": "Feature",
      "properties": {
        "name": "Точка 5"
      },
      "geometry": {
        "type": "Point",
        "coordinates": [
          29.665037,
          49.743887
        ]
      }
    },
    {
      "type": "Feature",
      "properties": {
        "name": "Точка 7"
      },
      "geometry": {
        "type": "Point",
        "coordinates": [
          29.668712,
          49.73742
        ]
      }
    },
    {
      "type": "Feature",
      "properties": {
        "name": "Точка 8"
      },
      "geometry": {
        "type": "Point",
        "coordinates": [
          29.676124,
          49.735595
        ]
      }
    },
    {
      "type": "Feature",
      "properties": {
        "name": "Точка 28"
      },
      "geometry": {
        "type": "Point",
        "coordinates": [
          29.679962,
          49.736122
        ]
      }
    },
    {
      "type": "Feature",
      "properties": {
        "name": "Точка 46"
      },
      "geometry": {
        "type": "Point",
        "coordinates": [
          29.681826,
          49.736538
        ]
      }
    },
    {
      "type": "Feature",
      "properties": {
        "name": "Точка 83"
      },
      "geometry": {
        "type": "Point",
        "coordinates": [
          29.684044,
          49.736881
        ]
      }
    },
    {
      "type": "Feature",
      "properties": {
        "name": "Точка 85"
      },
      "geometry": {
        "type": "Point",
        "coordinates": [
          29.679525,
          49.7327263
        ]
      }
    },
    {
      "type": "Feature",
      "properties": {
        "name": "ПГ-1"
      },
      "geometry": {
        "type": "Point",
        "coordinates": [
          29.6751912,
          49.7345086
        ]
      }
    },
    {
      "type": "Feature",
      "properties": {
        "name": "ПГ-15"
      },
      "geometry": {
        "type": "Point",
        "coordinates": [
          29.676822,
          49.7346889
        ]
      }
    },
    {
      "type": "Feature",
      "properties": {
        "name": "ПГ-14"
      },
      "geometry": {
        "type": "Point",
        "coordinates": [
          29.6754809,
          49.7327819
        ]
      }
    },
    {
      "type": "Feature",
      "properties": {
        "name": "ПГ-21"
      },
      "geometry": {
        "type": "Point",
        "coordinates": [
          29.6747406,
          49.735937
        ]
      }
    },
    {
      "type": "Feature",
      "properties": {
        "name": "ПГ-21"
      },
      "geometry": {
        "type": "Point",
        "coordinates": [
          29.6821971,
          49.738246
        ]
      }
    },
    {
      "type": "Feature",
      "properties": {
        "name": "ПГ-13"
      },
      "geometry": {
        "type": "Point",
        "coordinates": [
          29.6827657,
          49.7373724
        ]
      }
    },
    {
      "type": "Feature",
      "properties": {
        "name": "ПГ-45"
      },
      "geometry": {
        "type": "Point",
        "coordinates": [
          29.6781094,
          49.7390207
        ]
      }
    },
    {
      "type": "Feature",
      "properties": {
        "name": "ПГ-86"
      },
      "geometry": {
        "type": "Point",
        "coordinates": [
          29.6707173,
          49.7339796
        ]
      }
    },
    {
      "type": "Feature",
      "properties": {
        "name": "ПГ-33"
      },
      "geometry": {
        "type": "Point",
        "coordinates": [
          29.670154,
          49.734843
        ]
      }
    },
    {
      "type": "Feature",
      "properties": {
        "name": "ПГ-58"
      },
      "geometry": {
        "type": "Point",
        "coordinates": [
          29.66774,
          49.7349539
        ]
      }
    },
    {
      "type": "Feature",
      "properties": {
        "name": "ПГ-5"
      },
      "geometry": {
        "type": "Point",
        "coordinates": [
          29.667936,
          49.7364734
        ]
      }
    },
    {
      "type": "Feature",
      "properties": {
        "name": "ПГ-6"
      },
      "geometry": {
        "type": "Point",
        "coordinates": [
          29.6688415,
          49.7396214
        ]
      }
    },
    {
      "type": "Feature",
      "properties": {
        "name": "ПГ-6"
      },
      "geometry": {
        "type": "Point",
        "coordinates": [
          29.6689273,
          49.7395382
        ]
      }
    },
    {
      "type": "Feature",
      "properties": {
        "name": "ПГ-10"
      },
      "geometry": {
        "type": "Point",
        "coordinates": [
          29.6672523,
          49.7413949
        ]
      }
    },
    {
      "type": "Feature",
      "properties": {
        "name": "ПГ-75"
      },
      "geometry": {
        "type": "Point",
        "coordinates": [
          29.6684504,
          49.7300822
        ]
      }
    },
    {
      "type": "Feature",
      "properties": {
        "name": "ПГ-20"
      },
      "geometry": {
        "type": "Point",
        "coordinates": [
          29.6677493,
          49.7285781
        ]
      }
    },
    {
      "type": "Feature",
      "properties": {
        "name": "ПГ-15"
      },
      "geometry": {
        "type": "Point",
        "coordinates": [
          29.6635973,
          49.7289873
        ]
      }
    },
    {
      "type": "Feature",
      "properties": {
        "name": "ПГ-33"
      },
      "geometry": {
        "type": "Point",
        "coordinates": [
          29.6602123,
          49.7310192
        ]
      }
    },
    {
      "type": "Feature",
      "properties": {
        "name": "ПГ-36"
      },
      "geometry": {
        "type": "Point",
        "coordinates": [
          29.6579378,
          49.7343241
        ]
      }
    },
    {
      "type": "Feature",
      "properties": {
        "name": "ПГ-88"
      },
      "geometry": {
        "type": "Point",
        "coordinates": [
          29.6488961,
          49.7354582
        ]
      }
    },
    {
      "type": "Feature",
      "properties": {
        "name": "ПГ-52"
      },
      "geometry": {
        "type": "Point",
        "coordinates": [
          29.654289,
          49.7321389
        ]
      }
    },
    {
      "type": "Feature",
      "properties": {
        "name": "ПГ-10"
      },
      "geometry": {
        "type": "Point",
        "coordinates": [
          29.6555925,
          49.730797
        ]
      }
    },
    {
      "type": "Feature",
      "properties": {
        "name": "ПГ-47"
      },
      "geometry": {
        "type": "Point",
        "coordinates": [
          29.6519018,
          49.7301382
        ]
      }
    },
    {
      "type": "Feature",
      "properties": {
        "name": "ПГ-10"
      },
      "geometry": {
        "type": "Point",
        "coordinates": [
          29.6498503,
          49.7325061
        ]
      }
    },
    {
      "type": "Feature",
      "properties": {
        "name": "ПГ-2"
      },
      "geometry": {
        "type": "Point",
        "coordinates": [
          29.6468817,
          49.734976
        ]
      }
    },
    {
      "type": "Feature",
      "properties": {
        "name": "ПГ-147"
      },
      "geometry": {
        "type": "Point",
        "coordinates": [
          29.6318835,
          49.7352376
        ]
      }
    },
    {
      "type": "Feature",
      "properties": {
        "name": "ПГ-145"
      },
      "geometry": {
        "type": "Point",
        "coordinates": [
          29.631508,
          49.7346829
        ]
      }
    },
    {
      "type": "Feature",
      "properties": {
        "name": "ПГ-2"
      },
      "geometry": {
        "type": "Point",
        "coordinates": [
          29.6571222,
          49.7417178
        ]
      }
    },
    {
      "type": "Feature",
      "properties": {
        "name": "ПГ-31"
      },
      "geometry": {
        "type": "Point",
        "coordinates": [
          29.6757566,
          49.7290344
        ]
      }
    },
    {
      "type": "Feature",
      "properties": {
        "name": "ПГ-125"
      },
      "geometry": {
        "type": "Point",
        "coordinates": [
          29.6845739,
          49.723022
        ]
      }
    },
    {
      "type": "Feature",
      "properties": {
        "name": "ПГ-38"
      },
      "geometry": {
        "type": "Point",
        "coordinates": [
          29.6866822,
          49.7295199
        ]
      }
    },
    {
      "type": "Feature",
      "properties": {
        "name": "ПГ-46"
      },
      "geometry": {
        "type": "Point",
        "coordinates": [
          29.6895295,
          49.7291877
        ]
      }
    },
    {
      "type": "Feature",
      "properties": {
        "name": "ПГ-57"
      },
      "geometry": {
        "type": "Point",
        "coordinates": [
          29.6910369,
          49.72899
        ]
      }
    },
    {
      "type": "Feature",
      "properties": {
        "name": "ПГ-67"
      },
      "geometry": {
        "type": "Point",
        "coordinates": [
          29.6937191,
          49.7288721
        ]
      }
    },
    {
      "type": "Feature",
      "properties": {
        "name": "ПГ-71"
      },
      "geometry": {
        "type": "Point",
        "coordinates": [
          29.6951675,
          49.7288236
        ]
      }
    },
    {
      "type": "Feature",
      "properties": {
        "name": "ПГ-4"
      },
      "geometry": {
        "type": "Point",
        "coordinates": [
          29.6952104,
          49.7300338
        ]
      }
    },
    {
      "type": "Feature",
      "properties": {
        "name": "ПГ-8"
      },
      "geometry": {
        "type": "Point",
        "coordinates": [
          29.6967607,
          49.7299054
        ]
      }
    },
    {
      "type": "Feature",
      "properties": {
        "name": "ПГ-37"
      },
      "geometry": {
        "type": "Point",
        "coordinates": [
          29.6985363,
          49.7298708
        ]
      }
    },
    {
      "type": "Feature",
      "properties": {
        "name": "ПГ-9"
      },
      "geometry": {
        "type": "Point",
        "coordinates": [
          29.6999847,
          49.7297009
        ]
      }
    },
    {
      "type": "Feature",
      "properties": {
        "name": "ПГ-20"
      },
      "geometry": {
        "type": "Point",
        "coordinates": [
          29.6986865,
          49.7308694
        ]
      }
    },
    {
      "type": "Feature",
      "properties": {
        "name": "ПГ-11"
      },
      "geometry": {
        "type": "Point",
        "coordinates": [
          29.696632,
          49.7309423
        ]
      }
    },
    {
      "type": "Feature",
      "properties": {
        "name": "ПГ-3"
      },
      "geometry": {
        "type": "Point",
        "coordinates": [
          29.7627282,
          49.6881543
        ]
      }
    },
    {
      "type": "Feature",
      "properties": {
        "name": "ПГ-5"
      },
      "geometry": {
        "type": "Point",
        "coordinates": [
          29.4946251,
          49.7393733
        ]
      }
    },
    {
      "type": "Feature",
      "properties": {
        "name": "ПГ-1"
      },
      "geometry": {
        "type": "Point",
        "coordinates": [
          29.4940028,
          49.7368564
        ]
      }
    },
    {
      "type": "Feature",
      "properties": {
        "name": "ПГ-1"
      },
      "geometry": {
        "type": "Point",
        "coordinates": [
          29.4725649,
          49.7989753
        ]
      }
    },
    {
      "type": "Feature",
      "properties": {
        "name": "ПГ-13"
      },
      "geometry": {
        "type": "Point",
        "coordinates": [
          29.658181,
          49.836265
        ]
      }
    },
    {
      "type": "Feature",
      "properties": {
        "name": "ПГ-4"
      },
      "geometry": {
        "type": "Point",
        "coordinates": [
          29.659916,
          49.83379
        ]
      }
    },
    {
      "type": "Feature",
      "properties": {
        "name": "ПГ-25"
      },
      "geometry": {
        "type": "Point",
        "coordinates": [
          29.660447,
          49.835466
        ]
      }
    },
    {
      "type": "Feature",
      "properties": {
        "name": "ПГ-10"
      },
      "geometry": {
        "type": "Point",
        "coordinates": [
          29.660367,
          49.833704
        ]
      }
    },
    {
      "type": "Feature",
      "properties": {
        "name": "ПГ-22"
      },
      "geometry": {
        "type": "Point",
        "coordinates": [
          29.66129,
          49.833438
        ]
      }
    },
    {
      "type": "Feature",
      "properties": {
        "name": "ПГ-30"
      },
      "geometry": {
        "type": "Point",
        "coordinates": [
          29.662453,
          49.833101
        ]
      }
    },
    {
      "type": "Feature",
      "properties": {
        "name": "ПГ-40"
      },
      "geometry": {
        "type": "Point",
        "coordinates": [
          29.663403,
          49.832807
        ]
      }
    },
    {
      "type": "Feature",
      "properties": {
        "name": "ПГ-65"
      },
      "geometry": {
        "type": "Point",
        "coordinates": [
          29.666142,
          49.830784
        ]
      }
    },
    {
      "type": "Feature",
      "properties": {
        "name": "ПГ-57"
      },
      "geometry": {
        "type": "Point",
        "coordinates": [
          29.66391,
          49.831469
        ]
      }
    },
    {
      "type": "Feature",
      "properties": {
        "name": "ПГ-41"
      },
      "geometry": {
        "type": "Point",
        "coordinates": [
          29.66222,
          49.831988
        ]
      }
    },
    {
      "type": "Feature",
      "properties": {
        "name": "ПГ-27"
      },
      "geometry": {
        "type": "Point",
        "coordinates": [
          29.659598,
          49.832788
        ]
      }
    },
    {
      "type": "Feature",
      "properties": {
        "name": "ПГ-17"
      },
      "geometry": {
        "type": "Point",
        "coordinates": [
          29.657173,
          49.833181
        ]
      }
    },
    {
      "type": "Feature",
      "properties": {
        "name": "ПГ-12"
      },
      "geometry": {
        "type": "Point",
        "coordinates": [
          29.678419,
          49.826339
        ]
      }
    },
    {
      "type": "Feature",
      "properties": {
        "name": "ПГ-13"
      },
      "geometry": {
        "type": "Point",
        "coordinates": [
          29.675715,
          49.823688
        ]
      }
    },
    {
      "type": "Feature",
      "properties": {
        "name": "ПГ-3"
      },
      "geometry": {
        "type": "Point",
        "coordinates": [
          29.677732,
          49.822103
        ]
      }
    },
    {
      "type": "Feature",
      "properties": {
        "name": "ПГ-7"
      },
      "geometry": {
        "type": "Point",
        "coordinates": [
          29.676702,
          49.822969
        ]
      }
    },
    {
      "type": "Feature",
      "properties": {
        "name": "ПГ-2"
      },
      "geometry": {
        "type": "Point",
        "coordinates": [
          29.676252,
          49.821598
        ]
      }
    },
    {
      "type": "Feature",
      "properties": {
        "name": "ПГ-10"
      },
      "geometry": {
        "type": "Point",
        "coordinates": [
          29.682518,
          49.825218
        ]
      }
    },
    {
      "type": "Feature",
      "properties": {
        "name": "ПГ-2Б"
      },
      "geometry": {
        "type": "Point",
        "coordinates": [
          29.686531,
          49.82508
        ]
      }
    },
    {
      "type": "Feature",
      "properties": {
        "name": "ПГ-7"
      },
      "geometry": {
        "type": "Point",
        "coordinates": [
          29.663113,
          49.7339852
        ]
      }
    },
    {
      "type": "Feature",
      "properties": {
        "name": "ПГ-3"
      },
      "geometry": {
        "type": "Point",
        "coordinates": [
          29.662763,
          49.7330356
        ]
      }
    },
    {
      "type": "Feature",
      "properties": {
        "name": "ПГ-12"
      },
      "geometry": {
        "type": "Point",
        "coordinates": [
          29.7002488,
          49.7308549
        ]
      }
    },
    {
      "type": "Feature",
      "properties": {
        "name": "ВВ ПП \"АГРОФІРМА \"РОЗВОЛОЖЖЯ"
      },
      "geometry": {
        "type": "Point",
        "coordinates": [
          29.7942507,
          49.6290438
        ]
      }
    },
    {
      "type": "Feature",
      "properties": {
        "name": "ВВ ПП \"АГРОФІРМА \"РОЗВОЛОЖЖЯ"
      },
      "geometry": {
        "type": "Point",
        "coordinates": [
          29.794594,
          49.629155
        ]
      }
    },
    {
      "type": "Feature",
      "properties": {
        "name": "ВВ ПП \"АГРОФІРМА \"РОЗВОЛОЖЖЯ"
      },
      "geometry": {
        "type": "Point",
        "coordinates": [
          29.791551,
          49.629897
        ]
      }
    },
    {
      "type": "Feature",
      "properties": {
        "name": "ВВ ПП \"АГРОФІРМА \"РОЗВОЛОЖЖЯ"
      },
      "geometry": {
        "type": "Point",
        "coordinates": [
          29.798137,
          49.630408
        ]
      }
    },
    {
      "type": "Feature",
      "properties": {
        "name": "ПВ-25 ПП \"АГРОФІРМА \"РОЗВОЛОЖЖЯ"
      },
      "geometry": {
        "type": "Point",
        "coordinates": [
          29.793889,
          49.62933
        ]
      }
    },
    {
      "type": "Feature",
      "properties": {
        "name": "ПВ-25 ПП \"АГРОФІРМА \"РОЗВОЛОЖЖЯ"
      },
      "geometry": {
        "type": "Point",
        "coordinates": [
          29.791686,
          49.629969
        ]
      }
    },
    {
      "type": "Feature",
      "properties": {
        "name": "ВВ ПП \"АГРОФІРМА \"РОЗВОЛОЖЖЯ"
      },
      "geometry": {
        "type": "Point",
        "coordinates": [
          29.768259,
          49.635147
        ]
      }
    },
    {
      "type": "Feature",
      "properties": {
        "name": "ВВ"
      },
      "geometry": {
        "type": "Point",
        "coordinates": [
          29.657115,
          49.830198
        ]
      }
    },
    {
      "type": "Feature",
      "properties": {
        "name": "ВВ"
      },
      "geometry": {
        "type": "Point",
        "coordinates": [
          29.657158,
          49.830028
        ]
      }
    },
    {
      "type": "Feature",
      "properties": {
        "name": "ВВ ФГ «НОТА»"
      },
      "geometry": {
        "type": "Point",
        "coordinates": [
          29.641644,
          49.802718
        ]
      }
    },
    {
      "type": "Feature",
      "properties": {
        "name": "ВВ СГП «НАДІЯ-10»"
      },
      "geometry": {
        "type": "Point",
        "coordinates": [
          29.677509,
          49.627145
        ]
      }
    },
    {
      "type": "Feature",
      "properties": {
        "name": "ВВ СГП «НАДІЯ-10»"
      },
      "geometry": {
        "type": "Point",
        "coordinates": [
          29.6517526,
          49.617915
        ]
      }
    },
    {
      "type": "Feature",
      "properties": {
        "name": "ПВ-50 Стаціонарне відділення для постійного або тимасового проживання ТЦСЩ (НСП)"
      },
      "geometry": {
        "type": "Point",
        "coordinates": [
          29.675339,
          49.61438
        ]
      }
    },
    {
      "type": "Feature",
      "properties": {
        "name": "ПВ-50 Горобіївський НВК «ЗОШ І - ІІІ ст. - дитячий садок»"
      },
      "geometry": {
        "type": "Point",
        "coordinates": [
          29.673448,
          49.611702
        ]
      }
    },
    {
      "type": "Feature",
      "properties": {
        "name": "ПВ-100 Дулицький НВК «ЗОШ І-ІІІ ступенів - заклад дошкільної освіти»"
      },
      "geometry": {
        "type": "Point",
        "coordinates": [
          29.789633,
          49.862835
        ]
      }
    },
    {
      "type": "Feature",
      "properties": {
        "name": "ПВ-100 Дулицький НВК «ЗОШ І-ІІІ ступенів - заклад дошкільної освіти»"
      },
      "geometry": {
        "type": "Point",
        "coordinates": [
          29.789686,
          49.862845
        ]
      }
    },
    {
      "type": "Feature",
      "properties": {
        "name": "ВВ ГП «КЛІРИНГ-АГРО»"
      },
      "geometry": {
        "type": "Point",
        "coordinates": [
          29.497899,
          49.736411
        ]
      }
    },
    {
      "type": "Feature",
      "properties": {
        "name": "ВВ ГП «КЛІРИНГ-АГРО»"
      },
      "geometry": {
        "type": "Point",
        "coordinates": [
          29.497834,
          49.736407
        ]
      }
    },
    {
      "type": "Feature",
      "properties": {
        "name": "ВВ ГП «КЛІРИНГ-АГРО»"
      },
      "geometry": {
        "type": "Point",
        "coordinates": [
          29.497764,
          49.736401
        ]
      }
    },
    {
      "type": "Feature",
      "properties": {
        "name": "ВВ ГП «КЛІРИНГ-АГРО»"
      },
      "geometry": {
        "type": "Point",
        "coordinates": [
          29.497771,
          49.736447
        ]
      }
    },
    {
      "type": "Feature",
      "properties": {
        "name": "ВВ ТОВ «Малолисовецьке»"
      },
      "geometry": {
        "type": "Point",
        "coordinates": [
          29.588515,
          49.823201
        ]
      }
    },
    {
      "type": "Feature",
      "properties": {
        "name": "ВВ ТОВ «Малолисовецьке»"
      },
      "geometry": {
        "type": "Point",
        "coordinates": [
          29.588531,
          49.823102
        ]
      }
    },
    {
      "type": "Feature",
      "properties": {
        "name": "ВВ СГП «Оріховецьке»"
      },
      "geometry": {
        "type": "Point",
        "coordinates": [
          29.616574,
          49.582628
        ]
      }
    },
    {
      "type": "Feature",
      "properties": {
        "name": "ВВ СГП «Оріховецьке»"
      },
      "geometry": {
        "type": "Point",
        "coordinates": [
          29.616735,
          49.582666
        ]
      }
    },
    {
      "type": "Feature",
      "properties": {
        "name": "ПВ-100 Оріховецький НВК \"ЗОШ І - ІІІ ст.- Дитячий садок\""
      },
      "geometry": {
        "type": "Point",
        "coordinates": [
          29.626842,
          49.593622
        ]
      }
    },
    {
      "type": "Feature",
      "properties": {
        "name": "ПВ-50 Районний будинок культури"
      },
      "geometry": {
        "type": "Point",
        "coordinates": [
          29.65951,
          49.730686
        ]
      }
    },
    {
      "type": "Feature",
      "properties": {
        "name": "ПГ-1 ТОВ «Грона-Партнер»"
      },
      "geometry": {
        "type": "Point",
        "coordinates": [
          29.667791,
          49.741143
        ]
      }
    },
    {
      "type": "Feature",
      "properties": {
        "name": "ПГ-2 ТОВ «Грона-Партнер»"
      },
      "geometry": {
        "type": "Point",
        "coordinates": [
          29.668167,
          49.742093
        ]
      }
    },
    {
      "type": "Feature",
      "properties": {
        "name": "ВВ ТОВ «Грона-Партнер»"
      },
      "geometry": {
        "type": "Point",
        "coordinates": [
          29.667697,
          49.742058
        ]
      }
    },
    {
      "type": "Feature",
      "properties": {
        "name": "ПВ-500"
      },
      "geometry": {
        "type": "Point",
        "coordinates": [
          29.668193,
          49.740879
        ]
      }
    },
    {
      "type": "Feature",
      "properties": {
        "name": "ПВ-500"
      },
      "geometry": {
        "type": "Point",
        "coordinates": [
          29.66829,
          49.740751
        ]
      }
    },
    {
      "type": "Feature",
      "properties": {
        "name": "ПВ-100 ДНЗ №6 «Ромашка»"
      },
      "geometry": {
        "type": "Point",
        "coordinates": [
          29.651187,
          49.737663
        ]
      }
    },
    {
      "type": "Feature",
      "properties": {
        "name": "ПВ-50 Психоневролог. буд-інт."
      },
      "geometry": {
        "type": "Point",
        "coordinates": [
          29.638074,
          49.735724
        ]
      }
    },
    {
      "type": "Feature",
      "properties": {
        "name": "ВВ Психоневролог. буд-інт."
      },
      "geometry": {
        "type": "Point",
        "coordinates": [
          29.639777,
          49.734396
        ]
      }
    },
    {
      "type": "Feature",
      "properties": {
        "name": "ПВ-50 ДНЗ \"СКВИРСЬКЕ ВПУ\" Навчальне господарство"
      },
      "geometry": {
        "type": "Point",
        "coordinates": [
          29.633155,
          49.734849
        ]
      }
    },
    {
      "type": "Feature",
      "properties": {
        "name": "ВВ ДНЗ \"СКВИРСЬКЕ ВПУ\" Навчальне господарство"
      },
      "geometry": {
        "type": "Point",
        "coordinates": [
          29.634265,
          49.733483
        ]
      }
    },
    {
      "type": "Feature",
      "properties": {
        "name": "ПГ ДНЗ \"СКВИРСЬКЕ ВПУ\" Навчальне господарство"
      },
      "geometry": {
        "type": "Point",
        "coordinates": [
          29.633166,
          49.734974
        ]
      }
    },
    {
      "type": "Feature",
      "properties": {
        "name": "ПГ Сквирське РАЙДУ"
      },
      "geometry": {
        "type": "Point",
        "coordinates": [
          29.671865,
          49.718255
        ]
      }
    },
    {
      "type": "Feature",
      "properties": {
        "name": "ПВ-50 Сквирське РАЙДУ"
      },
      "geometry": {
        "type": "Point",
        "coordinates": [
          29.672179,
          49.717942
        ]
      }
    },
    {
      "type": "Feature",
      "properties": {
        "name": "ВВ Сквирський НВК «Заклад загальної освіти 1-3 ступенів №5»"
      },
      "geometry": {
        "type": "Point",
        "coordinates": [
          29.656667,
          49.725476
        ]
      }
    },
    {
      "type": "Feature",
      "properties": {
        "name": "ПВ-50 Сквирський НВК «Заклад загальної освіти 1-3 ступенів №5»"
      },
      "geometry": {
        "type": "Point",
        "coordinates": [
          29.657692,
          49.725181
        ]
      }
    },
    {
      "type": "Feature",
      "properties": {
        "name": "ПВ-50 Сквирський академічний ліцей інформаційних технологій «Перспектива»"
      },
      "geometry": {
        "type": "Point",
        "coordinates": [
          29.6679365,
          49.7301411
        ]
      }
    },
    {
      "type": "Feature",
      "properties": {
        "name": "ПВ-100  ДНЗ №3 \"БЕРІЗКА\""
      },
      "geometry": {
        "type": "Point",
        "coordinates": [
          29.634587,
          49.738592
        ]
      }
    },
    {
      "type": "Feature",
      "properties": {
        "name": "ВВ"
      },
      "geometry": {
        "type": "Point",
        "coordinates": [
          29.673066,
          49.823638
        ]
      }
    },
    {
      "type": "Feature",
      "properties": {
        "name": "ВВ"
      },
      "geometry": {
        "type": "Point",
        "coordinates": [
          29.672975,
          49.823745
        ]
      }
    },
    {
      "type": "Feature",
      "properties": {
        "name": "ВВ"
      },
      "geometry": {
        "type": "Point",
        "coordinates": [
          29.753598,
          49.682543
        ]
      }
    },
    {
      "type": "Feature",
      "properties": {
        "name": "ВВ ТОВ «Агробів»"
      },
      "geometry": {
        "type": "Point",
        "coordinates": [
          29.7364202,
          49.6520442
        ]
      }
    },
    {
      "type": "Feature",
      "properties": {
        "name": "ВВ ФОП «ПРОВІДЕНС»"
      },
      "geometry": {
        "type": "Point",
        "coordinates": [
          29.527342,
          49.756512
        ]
      }
    },
    {
      "type": "Feature",
      "properties": {
        "name": "ПВ-50 ЧУБИНЕЦЬКИЙ НВК «ЗОШ І - ІІ СТУПЕНІВ - ДИТЯЧИЙ САДОК»"
      },
      "geometry": {
        "type": "Point",
        "coordinates": [
          29.69625,
          49.818746
        ]
      }
    },
    {
      "type": "Feature",
      "properties": {
        "name": "ВВ СГП «ІНТЕРАГРО-СКВИРА»"
      },
      "geometry": {
        "type": "Point",
        "coordinates": [
          29.793027,
          49.743976
        ]
      }
    },
    {
      "type": "Feature",
      "properties": {
        "name": "ВВ СГПП «Ім. Гагаріна»"
      },
      "geometry": {
        "type": "Point",
        "coordinates": [
          29.530467,
          49.586357
        ]
      }
    },
    {
      "type": "Feature",
      "properties": {
        "name": "ВВ СГПП «Ім. Гагаріна»"
      },
      "geometry": {
        "type": "Point",
        "coordinates": [
          29.530577,
          49.586412
        ]
      }
    },
    {
      "type": "Feature",
      "properties": {
        "name": "ПВ-100 Малолисовецький НВК \"ЗОШ І- ІІ ст. - Дитячий садок\""
      },
      "geometry": {
        "type": "Point",
        "coordinates": [
          29.508631,
          49.810225
        ]
      }
    },
    {
      "type": "Feature",
      "properties": {
        "name": "ПГ1 ТДВ «Шамраївський цукор»"
      },
      "geometry": {
        "type": "Point",
        "coordinates": [
          29.834487,
          49.793855
        ]
      }
    },
    {
      "type": "Feature",
      "properties": {
        "name": "ПГ2 ТДВ «Шамраївський цукор»"
      },
      "geometry": {
        "type": "Point",
        "coordinates": [
          29.834761,
          49.793472
        ]
      }
    },
    {
      "type": "Feature",
      "properties": {
        "name": "ВВ СФК«Шаліївський»"
      },
      "geometry": {
        "type": "Point",
        "coordinates": [
          29.700283,
          49.664537
        ]
      }
    },
    {
      "type": "Feature",
      "properties": {
        "name": "ВВ  АГРОФІРМА \"ЗОРЯ\""
      },
      "geometry": {
        "type": "Point",
        "coordinates": [
          29.661088,
          49.678559
        ]
      }
    },
    {
      "type": "Feature",
      "properties": {
        "name": "ВВ СГП «ІМ. ШЕВЧЕНКА»"
      },
      "geometry": {
        "type": "Point",
        "coordinates": [
          29.718212,
          49.594708
        ]
      }
    },
    {
      "type": "Feature",
      "properties": {
        "name": "ВВ СГП «ІМ. ШЕВЧЕНКА»"
      },
      "geometry": {
        "type": "Point",
        "coordinates": [
          29.71804,
          49.594705
        ]
      }
    },
    {
      "type": "Feature",
      "properties": {
        "name": "ВВ"
      },
      "geometry": {
        "type": "Point",
        "coordinates": [
          29.6201072,
          49.6669632
        ]
      }
    },
    {
      "type": "Feature",
      "properties": {
        "name": "ВВ СГП«Агрофірма шапіївка»"
      },
      "geometry": {
        "type": "Point",
        "coordinates": [
          29.612796,
          49.659865
        ]
      }
    },
    {
      "type": "Feature",
      "properties": {
        "name": "ВВ СГП«Агрофірма шапіївка»"
      },
      "geometry": {
        "type": "Point",
        "coordinates": [
          29.6132846,
          49.6600742
        ]
      }
    },
    {
      "type": "Feature",
      "properties": {
        "name": "ПВ-100 Шамраївський НВК \"ЗОШ І - ІІІ ст. - Дошкільний навчальний заклад\""
      },
      "geometry": {
        "type": "Point",
        "coordinates": [
          29.835468,
          49.77075
        ]
      }
    },
    {
      "type": "Feature",
      "properties": {
        "name": "ПВ-100 СГП«Чубинецький колос»"
      },
      "geometry": {
        "type": "Point",
        "coordinates": [
          29.704175,
          49.819873
        ]
      }
    },
    {
      "type": "Feature",
      "properties": {
        "name": "ВВ СГП«Чубинецький колос»"
      },
      "geometry": {
        "type": "Point",
        "coordinates": [
          29.704835,
          49.820084
        ]
      }
    },
    {
      "type": "Feature",
      "properties": {
        "name": "ВВ СГП«Чубинецький колос»"
      },
      "geometry": {
        "type": "Point",
        "coordinates": [
          29.715242,
          49.814986
        ]
      }
    },
    {
      "type": "Feature",
      "properties": {
        "name": "ПВ-100 Універмаг «Ювілейний»"
      },
      "geometry": {
        "type": "Point",
        "coordinates": [
          29.664772,
          49.731662
        ]
      }
    },
    {
      "type": "Feature",
      "properties": {
        "name": "ПВ-100 Універмаг «Ювілейний»"
      },
      "geometry": {
        "type": "Point",
        "coordinates": [
          29.664761,
          49.731669
        ]
      }
    },
    {
      "type": "Feature",
      "properties": {
        "name": "ПВ-50 Універмаг «Ювіляр»"
      },
      "geometry": {
        "type": "Point",
        "coordinates": [
          29.664208,
          49.732491
        ]
      }
    },
    {
      "type": "Feature",
      "properties": {
        "name": "ПВ-50"
      },
      "geometry": {
        "type": "Point",
        "coordinates": [
          29.650562,
          49.719648
        ]
      }
    },
    {
      "type": "Feature",
      "properties": {
        "name": "ПВ-50"
      },
      "geometry": {
        "type": "Point",
        "coordinates": [
          29.65057,
          49.719656
        ]
      }
    },
    {
      "type": "Feature",
      "properties": {
        "name": "ПВ-50"
      },
      "geometry": {
        "type": "Point",
        "coordinates": [
          29.624797,
          49.736221
        ]
      }
    },
    {
      "type": "Feature",
      "properties": {
        "name": "ПВ-50"
      },
      "geometry": {
        "type": "Point",
        "coordinates": [
          29.624733,
          49.736186
        ]
      }
    },
    {
      "type": "Feature",
      "properties": {
        "name": "ПВ-50 Ясла ДНЗ №2 \"Малятко\""
      },
      "geometry": {
        "type": "Point",
        "coordinates": [
          29.658376,
          49.729429
        ]
      }
    },
    {
      "type": "Feature",
      "properties": {
        "name": "ПВ-100"
      },
      "geometry": {
        "type": "Point",
        "coordinates": [
          29.673665,
          49.71343
        ]
      }
    },
    {
      "type": "Feature",
      "properties": {
        "name": "ПВ-50 СКВИРСЬКА АШ ТСО УКРАЇНИ"
      },
      "geometry": {
        "type": "Point",
        "coordinates": [
          29.67346,
          49.715989
        ]
      }
    },
    {
      "type": "Feature",
      "properties": {
        "name": "ПВ-50 Підприємство «Сквирський вентиляторний завод»"
      },
      "geometry": {
        "type": "Point",
        "coordinates": [
          29.667999,
          49.726712
        ]
      }
    },
    {
      "type": "Feature",
      "properties": {
        "name": "ВВ"
      },
      "geometry": {
        "type": "Point",
        "coordinates": [
          29.672257,
          49.719389
        ]
      }
    },
    {
      "type": "Feature",
      "properties": {
        "name": "ПГ1 КНП СКВИРСЬКОЇ МІСЬКОЇ РАДИ \"СКВИРСЬКА ЦЕНТРАЛЬНА МІСЬКА ЛІКАРНЯ\""
      },
      "geometry": {
        "type": "Point",
        "coordinates": [
          29.67082,
          49.735966
        ]
      }
    },
    {
      "type": "Feature",
      "properties": {
        "name": "ПГ2 КНП СКВИРСЬКОЇ МІСЬКОЇ РАДИ \"СКВИРСЬКА ЦЕНТРАЛЬНА МІСЬКА ЛІКАРНЯ\""
      },
      "geometry": {
        "type": "Point",
        "coordinates": [
          29.669438,
          49.736139
        ]
      }
    },
    {
      "type": "Feature",
      "properties": {
        "name": "ПГ3 КНП СКВИРСЬКОЇ МІСЬКОЇ РАДИ \"СКВИРСЬКА ЦЕНТРАЛЬНА МІСЬКА ЛІКАРНЯ\""
      },
      "geometry": {
        "type": "Point",
        "coordinates": [
          29.67142,
          49.735648
        ]
      }
    },
    {
      "type": "Feature",
      "properties": {
        "name": "ПГ1 ТОВ «Наджуд»"
      },
      "geometry": {
        "type": "Point",
        "coordinates": [
          29.667334,
          49.751057
        ]
      }
    },
    {
      "type": "Feature",
      "properties": {
        "name": "ПГ2 ТОВ «Наджуд»"
      },
      "geometry": {
        "type": "Point",
        "coordinates": [
          29.668864,
          49.750775
        ]
      }
    },
    {
      "type": "Feature",
      "properties": {
        "name": "ПГ3 ТОВ «Наджуд»"
      },
      "geometry": {
        "type": "Point",
        "coordinates": [
          29.670399,
          49.750615
        ]
      }
    },
    {
      "type": "Feature",
      "properties": {
        "name": "ПГ4 ТОВ «Наджуд»"
      },
      "geometry": {
        "type": "Point",
        "coordinates": [
          29.66968,
          49.750286
        ]
      }
    },
    {
      "type": "Feature",
      "properties": {
        "name": "ПГ5 ТОВ «Наджуд»"
      },
      "geometry": {
        "type": "Point",
        "coordinates": [
          29.669546,
          49.749863
        ]
      }
    },
    {
      "type": "Feature",
      "properties": {
        "name": "ПГ6 ТОВ «Наджуд»"
      },
      "geometry": {
        "type": "Point",
        "coordinates": [
          29.671412,
          49.750463
        ]
      }
    },
    {
      "type": "Feature",
      "properties": {
        "name": "ВВ ТОВ «Наджуд»"
      },
      "geometry": {
        "type": "Point",
        "coordinates": [
          29.6664,
          49.751482
        ]
      }
    },
    {
      "type": "Feature",
      "properties": {
        "name": "ПВ-100 ТОВ «Наджуд»"
      },
      "geometry": {
        "type": "Point",
        "coordinates": [
          29.669599,
          49.749707
        ]
      }
    },
    {
      "type": "Feature",
      "properties": {
        "name": "ПВ-100 ТОВ «Наджуд»"
      },
      "geometry": {
        "type": "Point",
        "coordinates": [
          29.669706,
          49.749749
        ]
      }
    },
    {
      "type": "Feature",
      "properties": {
        "name": "ПВ-100 ТОВ «ЕЛТЕКС»"
      },
      "geometry": {
        "type": "Point",
        "coordinates": [
          29.66708,
          49.732787
        ]
      }
    },
    {
      "type": "Feature",
      "properties": {
        "name": "ПГ1 ТОВ «ЕЛТЕКС»"
      },
      "geometry": {
        "type": "Point",
        "coordinates": [
          29.666485,
          49.732735
        ]
      }
    },
    {
      "type": "Feature",
      "properties": {
        "name": "ПГ1 СЛД №2 КОФ ПАТ «Укртелеком»"
      },
      "geometry": {
        "type": "Point",
        "coordinates": [
          29.664121,
          49.73025
        ]
      }
    },
    {
      "type": "Feature",
      "properties": {
        "name": "ПВ-100 СЛД №2 КОФ ПАТ «Укртелеком»"
      },
      "geometry": {
        "type": "Point",
        "coordinates": [
          29.663907,
          49.730377
        ]
      }
    },
    {
      "type": "Feature",
      "properties": {
        "name": "ПВ-100 СЛД №2 КОФ ПАТ «Укртелеком»"
      },
      "geometry": {
        "type": "Point",
        "coordinates": [
          29.663877,
          49.730379
        ]
      }
    },
    {
      "type": "Feature",
      "properties": {
        "name": "ВВ Підприємство «Сквирський вентиляторний завод»"
      },
      "geometry": {
        "type": "Point",
        "coordinates": [
          29.668269,
          49.726742
        ]
      }
    },
    {
      "type": "Feature",
      "properties": {
        "name": "ВВ"
      },
      "geometry": {
        "type": "Point",
        "coordinates": [
          29.5787854,
          49.6943103
        ]
      }
    },
    {
      "type": "Feature",
      "properties": {
        "name": "ВВ ТОВ «Росава-Агро"
      },
      "geometry": {
        "type": "Point",
        "coordinates": [
          29.582779,
          49.708881
        ]
      }
    },
    {
      "type": "Feature",
      "properties": {
        "name": "вв СГП «Агрофірма Колос»"
      },
      "geometry": {
        "type": "Point",
        "coordinates": [
          29.828762,
          49.713468
        ]
      }
    },
    {
      "type": "Feature",
      "properties": {
        "name": "вв СГП «Агрофірма Колос»"
      },
      "geometry": {
        "type": "Point",
        "coordinates": [
          29.834352,
          49.701459
        ]
      }
    },
    {
      "type": "Feature",
      "properties": {
        "name": "вв СГП «Агрофірма Колос»"
      },
      "geometry": {
        "type": "Point",
        "coordinates": [
          29.820826,
          49.699937
        ]
      }
    },
    {
      "type": "Feature",
      "properties": {
        "name": "вв СГП «Агрофірма Колос»"
      },
      "geometry": {
        "type": "Point",
        "coordinates": [
          29.814291,
          49.693039
        ]
      }
    },
    {
      "type": "Feature",
      "properties": {
        "name": "вв СГП «Агрофірма Колос»"
      },
      "geometry": {
        "type": "Point",
        "coordinates": [
          29.827544,
          49.689153
        ]
      }
    },
    {
      "type": "Feature",
      "properties": {
        "name": "вв СГП «Агрофірма Колос»"
      },
      "geometry": {
        "type": "Point",
        "coordinates": [
          29.825702,
          49.681207
        ]
      }
    },
    {
      "type": "Feature",
      "properties": {
        "name": "вв СГП «Агрофірма Колос»"
      },
      "geometry": {
        "type": "Point",
        "coordinates": [
          29.828787,
          49.68119
        ]
      }
    },
    {
      "type": "Feature",
      "properties": {
        "name": "вв"
      },
      "geometry": {
        "type": "Point",
        "coordinates": [
          29.550943,
          49.621215
        ]
      }
    },
    {
      "type": "Feature",
      "properties": {
        "name": "вв"
      },
      "geometry": {
        "type": "Point",
        "coordinates": [
          29.823169,
          49.791506
        ]
      }
    },
    {
      "type": "Feature",
      "properties": {
        "name": "вв"
      },
      "geometry": {
        "type": "Point",
        "coordinates": [
          29.857796,
          49.809054
        ]
      }
    },
    {
      "type": "Feature",
      "properties": {
        "name": "вв"
      },
      "geometry": {
        "type": "Point",
        "coordinates": [
          29.858621,
          49.790971
        ]
      }
    },
    {
      "type": "Feature",
      "properties": {
        "name": "ПВ-50 "
      },
      "geometry": {
        "type": "Point",
        "coordinates": [
          29.856717,
          49.789312
        ]
      }
    },
    {
      "type": "Feature",
      "properties": {
        "name": "ПВ-50 Рудянське навчально-виховне об'єднання \"Загальноосвітня школа І-ІІ ступенів - дошкільний навчальний закладнка"
      },
      "geometry": {
        "type": "Point",
        "coordinates": [
          29.845565,
          49.80468
        ]
      }
    },
    {
      "type": "Feature",
      "properties": {
        "name": "ПВ-100 РОГІЗНЯНСЬКИЙ НАВЧАЛЬНО - ВИХОВНИЙ КОМПЛЕКС "
      },
      "geometry": {
        "type": "Point",
        "coordinates": [
          29.706716,
          49.86696
        ]
      }
    },
    {
      "type": "Feature",
      "properties": {
        "name": "ПВ-100 РОГІЗНЯНСЬКИЙ НАВЧАЛЬНО - ВИХОВНИЙ КОМПЛЕКС "
      },
      "geometry": {
        "type": "Point",
        "coordinates": [
          29.707349,
          49.866896
        ]
      }
    },
    {
      "type": "Feature",
      "properties": {
        "name": "ВВ Сільськогосподарське підприємство «Шамраївський цукрозавод»"
      },
      "geometry": {
        "type": "Point",
        "coordinates": [
          29.723472,
          49.866135
        ]
      }
    },
    {
      "type": "Feature",
      "properties": {
        "name": "ВВ Сільськогосподарське підприємство «Шамраївський цукрозавод»"
      },
      "geometry": {
        "type": "Point",
        "coordinates": [
          29.716831,
          49.873226
        ]
      }
    },
    {
      "type": "Feature",
      "properties": {
        "name": "ВВ СГП «Новоагрос»"
      },
      "geometry": {
        "type": "Point",
        "coordinates": [
          29.763878,
          49.813997
        ]
      }
    },
    {
      "type": "Feature",
      "properties": {
        "name": "ВВ СГП«Чубинецький колос»"
      },
      "geometry": {
        "type": "Point",
        "coordinates": [
          29.763497,
          49.809587
        ]
      }
    },
    {
      "type": "Feature",
      "properties": {
        "name": "ПВ-50 БК"
      },
      "geometry": {
        "type": "Point",
        "coordinates": [
          29.75419,
          49.802434
        ]
      }
    },
    {
      "type": "Feature",
      "properties": {
        "name": "ВВ Дулицке НВО «ЗОШ І-ІІІ СТУПЕНІВ –ДНЗ»"
      },
      "geometry": {
        "type": "Point",
        "coordinates": [
          29.760278,
          49.804525
        ]
      }
    },
    {
      "type": "Feature",
      "properties": {
        "name": "ВВ ПП«Денисенко»"
      },
      "geometry": {
        "type": "Point",
        "coordinates": [
          29.755155,
          49.815217
        ]
      }
    },
    {
      "type": "Feature",
      "properties": {
        "name": "ВВ СГП «Шамраївський цукрозавод»"
      },
      "geometry": {
        "type": "Point",
        "coordinates": [
          29.561084,
          49.665759
        ]
      }
    },
    {
      "type": "Feature",
      "properties": {
        "name": "ВВ СГП «Шамраївський цукрозавод»"
      },
      "geometry": {
        "type": "Point",
        "coordinates": [
          29.555213,
          49.65321
        ]
      }
    },
    {
      "type": "Feature",
      "properties": {
        "name": "ВВ СГП «Шамраївський цукрозавод»"
      },
      "geometry": {
        "type": "Point",
        "coordinates": [
          29.547176,
          49.67765
        ]
      }
    },
    {
      "type": "Feature",
      "properties": {
        "name": "ВВ СФК«Шаліївський»"
      },
      "geometry": {
        "type": "Point",
        "coordinates": [
          29.837309,
          49.762507
        ]
      }
    },
    {
      "type": "Feature",
      "properties": {
        "name": "ПГ-8 Підприємство «Сквирський комбінат хлібопродуктів»"
      },
      "geometry": {
        "type": "Point",
        "coordinates": [
          29.672355,
          49.745333
        ]
      }
    },
    {
      "type": "Feature",
      "properties": {
        "name": "ПГ-10 Підприємство «Сквирський комбінат хлібопродуктів»"
      },
      "geometry": {
        "type": "Point",
        "coordinates": [
          29.671438,
          49.743129
        ]
      }
    },
    {
      "type": "Feature",
      "properties": {
        "name": "ПВ-15 Підприємство «Сквирський комбінат хлібопродуктів»"
      },
      "geometry": {
        "type": "Point",
        "coordinates": [
          29.675284,
          49.74505
        ]
      }
    },
    {
      "type": "Feature",
      "properties": {
        "name": "ПГ-9 Підприємство «Сквирський комбінат хлібопродуктів»"
      },
      "geometry": {
        "type": "Point",
        "coordinates": [
          29.672065,
          49.744682
        ]
      }
    },
    {
      "type": "Feature",
      "properties": {
        "name": "ПГ-11 Підприємство «Сквирський комбінат хлібопродуктів»"
      },
      "geometry": {
        "type": "Point",
        "coordinates": [
          29.671121,
          49.746928
        ]
      }
    },
    {
      "type": "Feature",
      "properties": {
        "name": "ПГ-13 Підприємство «Сквирський комбінат хлібопродуктів»"
      },
      "geometry": {
        "type": "Point",
        "coordinates": [
          29.671508,
          49.744218
        ]
      }
    },
    {
      "type": "Feature",
      "properties": {
        "name": "ПГ-12 Підприємство «Сквирський комбінат хлібопродуктів»"
      },
      "geometry": {
        "type": "Point",
        "coordinates": [
          29.670976,
          49.746526
        ]
      }
    },
    {
      "type": "Feature",
      "properties": {
        "name": "ПГ-14 Підприємство «Сквирський комбінат хлібопродуктів»"
      },
      "geometry": {
        "type": "Point",
        "coordinates": [
          29.671111,
          49.747192
        ]
      }
    },
    {
      "type": "Feature",
      "properties": {
        "name": "ПГ-15 Підприємство «Сквирський комбінат хлібопродуктів»"
      },
      "geometry": {
        "type": "Point",
        "coordinates": [
          29.674571,
          49.74454
        ]
      }
    },
    {
      "type": "Feature",
      "properties": {
        "name": "ПГ-5 Підприємство «Сквирський комбінат хлібопродуктів»"
      },
      "geometry": {
        "type": "Point",
        "coordinates": [
          29.675026,
          49.745465
        ]
      }
    },
    {
      "type": "Feature",
      "properties": {
        "name": "ПГ-4 Підприємство «Сквирський комбінат хлібопродуктів»"
      },
      "geometry": {
        "type": "Point",
        "coordinates": [
          29.673471,
          49.744578
        ]
      }
    },
    {
      "type": "Feature",
      "properties": {
        "name": "ПГ-3 Підприємство «Сквирський комбінат хлібопродуктів»"
      },
      "geometry": {
        "type": "Point",
        "coordinates": [
          29.672411,
          49.743695
        ]
      }
    },
    {
      "type": "Feature",
      "properties": {
        "name": "ПГ-2 Підприємство «Сквирський комбінат хлібопродуктів»"
      },
      "geometry": {
        "type": "Point",
        "coordinates": [
          29.672961,
          49.74335
        ]
      }
    },
    {
      "type": "Feature",
      "properties": {
        "name": "ПГ-1Підприємство «Сквирський комбінат хлібопродуктів»"
      },
      "geometry": {
        "type": "Point",
        "coordinates": [
          29.672712,
          49.742716
        ]
      }
    },
    {
      "type": "Feature",
      "properties": {
        "name": "ПГ-18 Підприємство «Сквирський комбінат хлібопродуктів»"
      },
      "geometry": {
        "type": "Point",
        "coordinates": [
          29.67257,
          49.742477
        ]
      }
    },
    {
      "type": "Feature",
      "properties": {
        "name": "ПГ-16 Підприємство «Сквирський комбінат хлібопродуктів»"
      },
      "geometry": {
        "type": "Point",
        "coordinates": [
          29.672006,
          49.74221
        ]
      }
    },
    {
      "type": "Feature",
      "properties": {
        "name": "ПГ-7 Підприємство «Сквирський комбінат хлібопродуктів»"
      },
      "geometry": {
        "type": "Point",
        "coordinates": [
          29.672425,
          49.743749
        ]
      }
    },
    {
      "type": "Feature",
      "properties": {
        "name": "ПВ-400 Підприємство «Сквирський комбінат хлібопродуктів»"
      },
      "geometry": {
        "type": "Point",
        "coordinates": [
          29.672473,
          49.747039
        ]
      }
    },
    {
      "type": "Feature",
      "properties": {
        "name": "ПВ-400 Підприємство «Сквирський комбінат хлібопродуктів»"
      },
      "geometry": {
        "type": "Point",
        "coordinates": [
          29.672548,
          49.74706
        ]
      }
    },
    {
      "type": "Feature",
      "properties": {
        "name": "ПВ-50 Підприємство «Сквирський комбінат хлібопродуктів»"
      },
      "geometry": {
        "type": "Point",
        "coordinates": [
          29.671272,
          49.743635
        ]
      }
    },
    {
      "type": "Feature",
      "properties": {
        "name": "ПВ-15 Підприємство «Сквирський комбінат хлібопродуктів»"
      },
      "geometry": {
        "type": "Point",
        "coordinates": [
          29.675284,
          49.745015
        ]
      }
    },
    {
      "type": "Feature",
      "properties": {
        "name": "ПГ-6 Підприємство «Сквирський комбінат хлібопродуктів»"
      },
      "geometry": {
        "type": "Point",
        "coordinates": [
          29.673927,
          49.745607
        ]
      }
    },
    {
      "type": "Feature",
      "properties": {
        "name": "ПГ-17 Підприємство «Сквирський комбінат хлібопродуктів»"
      },
      "geometry": {
        "type": "Point",
        "coordinates": [
          29.672843,
          49.746332
        ]
      }
    },
    {
      "type": "Feature",
      "properties": {
        "name": "ВВ СГП«Чубинецький колос»"
      },
      "geometry": {
        "type": "Point",
        "coordinates": [
          29.695402,
          49.832888
        ]
      }
    },
    {
      "type": "Feature",
      "properties": {
        "name": "ВВ СГП «Сервіс- Агро»"
      },
      "geometry": {
        "type": "Point",
        "coordinates": [
          29.785296,
          49.8553
        ]
      }
    },
    {
      "type": "Feature",
      "properties": {
        "name": "ПВ-100 Буківський НВК «ЗОШ І - ІІІ ст. Дитячий садок»"
      },
      "geometry": {
        "type": "Point",
        "coordinates": [
          29.656666,
          49.835153
        ]
      }
    },
    {
      "type": "Feature",
      "properties": {
        "name": "ПВ-100 Буківський НВК «ЗОШ І - ІІІ ст. Дитячий садок»"
      },
      "geometry": {
        "type": "Point",
        "coordinates": [
          29.656631,
          49.835143
        ]
      }
    },
    {
      "type": "Feature",
      "properties": {
        "name": "ВВ"
      },
      "geometry": {
        "type": "Point",
        "coordinates": [
          30.218121,
          49.461816
        ]
      }
    },
    {
      "type": "Feature",
      "properties": {
        "name": "ВВ"
      },
      "geometry": {
        "type": "Point",
        "coordinates": [
          30.096434,
          49.430701
        ]
      }
    },
    {
      "type": "Feature",
      "properties": {
        "name": "ВВ"
      },
      "geometry": {
        "type": "Point",
        "coordinates": [
          30.340545,
          49.304321
        ]
      }
    },
    {
      "type": "Feature",
      "properties": {
        "name": "ВВ"
      },
      "geometry": {
        "type": "Point",
        "coordinates": [
          30.356431,
          49.366939
        ]
      }
    },
    {
      "type": "Feature",
      "properties": {
        "name": "ВВ"
      },
      "geometry": {
        "type": "Point",
        "coordinates": [
          30.099478,
          49.319116
        ]
      }
    },
    {
      "type": "Feature",
      "properties": {
        "name": "ВВ"
      },
      "geometry": {
        "type": "Point",
        "coordinates": [
          30.026057,
          49.425761
        ]
      }
    },
    {
      "type": "Feature",
      "properties": {
        "name": "ВВ"
      },
      "geometry": {
        "type": "Point",
        "coordinates": [
          30.187336,
          49.371545
        ]
      }
    },
    {
      "type": "Feature",
      "properties": {
        "name": "ВВ"
      },
      "geometry": {
        "type": "Point",
        "coordinates": [
          30.149168,
          49.46669
        ]
      }
    },
    {
      "type": "Feature",
      "properties": {
        "name": "ВВ"
      },
      "geometry": {
        "type": "Point",
        "coordinates": [
          30.334678,
          49.381808
        ]
      }
    },
    {
      "type": "Feature",
      "properties": {
        "name": "ВВ"
      },
      "geometry": {
        "type": "Point",
        "coordinates": [
          30.118537,
          49.470775
        ]
      }
    },
    {
      "type": "Feature",
      "properties": {
        "name": "ВВ"
      },
      "geometry": {
        "type": "Point",
        "coordinates": [
          30.294597,
          49.30625
        ]
      }
    },
    {
      "type": "Feature",
      "properties": {
        "name": "ВВ"
      },
      "geometry": {
        "type": "Point",
        "coordinates": [
          30.111335,
          49.408517
        ]
      }
    },
    {
      "type": "Feature",
      "properties": {
        "name": "ВВ"
      },
      "geometry": {
        "type": "Point",
        "coordinates": [
          30.337667,
          49.428027
        ]
      }
    },
    {
      "type": "Feature",
      "properties": {
        "name": "ВВ"
      },
      "geometry": {
        "type": "Point",
        "coordinates": [
          30.317741,
          49.348781
        ]
      }
    },
    {
      "type": "Feature",
      "properties": {
        "name": "ВВ "
      },
      "geometry": {
        "type": "Point",
        "coordinates": [
          30.269312,
          49.448744
        ]
      }
    },
    {
      "type": "Feature",
      "properties": {
        "name": "ВВ "
      },
      "geometry": {
        "type": "Point",
        "coordinates": [
          30.285664,
          49.34893
        ]
      }
    },
    {
      "type": "Feature",
      "properties": {
        "name": "ВВ "
      },
      "geometry": {
        "type": "Point",
        "coordinates": [
          30.390274,
          49.331625
        ]
      }
    },
    {
      "type": "Feature",
      "properties": {
        "name": "ВВ"
      },
      "geometry": {
        "type": "Point",
        "coordinates": [
          30.218121,
          49.461816
        ]
      }
    },
    {
      "type": "Feature",
      "properties": {
        "name": "ВВ"
      },
      "geometry": {
        "type": "Point",
        "coordinates": [
          30.096434,
          49.430701
        ]
      }
    },
    {
      "type": "Feature",
      "properties": {
        "name": "ВВ"
      },
      "geometry": {
        "type": "Point",
        "coordinates": [
          30.340545,
          49.304321
        ]
      }
    },
    {
      "type": "Feature",
      "properties": {
        "name": "ВВ"
      },
      "geometry": {
        "type": "Point",
        "coordinates": [
          30.356431,
          49.366939
        ]
      }
    },
    {
      "type": "Feature",
      "properties": {
        "name": "ВВ"
      },
      "geometry": {
        "type": "Point",
        "coordinates": [
          30.099478,
          49.319116
        ]
      }
    },
    {
      "type": "Feature",
      "properties": {
        "name": "ВВ"
      },
      "geometry": {
        "type": "Point",
        "coordinates": [
          30.026057,
          49.425761
        ]
      }
    },
    {
      "type": "Feature",
      "properties": {
        "name": "ВВ"
      },
      "geometry": {
        "type": "Point",
        "coordinates": [
          30.187336,
          49.371545
        ]
      }
    },
    {
      "type": "Feature",
      "properties": {
        "name": "ВВ"
      },
      "geometry": {
        "type": "Point",
        "coordinates": [
          30.149168,
          49.46669
        ]
      }
    },
    {
      "type": "Feature",
      "properties": {
        "name": "ВВ"
      },
      "geometry": {
        "type": "Point",
        "coordinates": [
          30.334678,
          49.381808
        ]
      }
    },
    {
      "type": "Feature",
      "properties": {
        "name": "ВВ"
      },
      "geometry": {
        "type": "Point",
        "coordinates": [
          30.118537,
          49.470775
        ]
      }
    },
    {
      "type": "Feature",
      "properties": {
        "name": "ВВ"
      },
      "geometry": {
        "type": "Point",
        "coordinates": [
          30.294597,
          49.30625
        ]
      }
    },
    {
      "type": "Feature",
      "properties": {
        "name": "ВВ"
      },
      "geometry": {
        "type": "Point",
        "coordinates": [
          30.111335,
          49.408517
        ]
      }
    },
    {
      "type": "Feature",
      "properties": {
        "name": "ВВ"
      },
      "geometry": {
        "type": "Point",
        "coordinates": [
          30.337667,
          49.428027
        ]
      }
    },
    {
      "type": "Feature",
      "properties": {
        "name": "ВВ"
      },
      "geometry": {
        "type": "Point",
        "coordinates": [
          30.317741,
          49.348781
        ]
      }
    },
    {
      "type": "Feature",
      "properties": {
        "name": "ВВ "
      },
      "geometry": {
        "type": "Point",
        "coordinates": [
          30.269312,
          49.448744
        ]
      }
    },
    {
      "type": "Feature",
      "properties": {
        "name": "ВВ "
      },
      "geometry": {
        "type": "Point",
        "coordinates": [
          30.285664,
          49.34893
        ]
      }
    },
    {
      "type": "Feature",
      "properties": {
        "name": "ВВ "
      },
      "geometry": {
        "type": "Point",
        "coordinates": [
          30.390274,
          49.331625
        ]
      }
    },
    {
      "type": "Feature",
      "properties": {
        "name": "Градирня 2"
      },
      "geometry": {
        "type": "Point",
        "coordinates": [
          30.153542,
          49.403889
        ]
      }
    },
    {
      "type": "Feature",
      "properties": {
        "name": "градирня№1"
      },
      "geometry": {
        "type": "Point",
        "coordinates": [
          30.15337,
          49.403757
        ]
      }
    },
    {
      "type": "Feature",
      "properties": {
        "name": "ПВ"
      },
      "geometry": {
        "type": "Point",
        "coordinates": [
          30.174926,
          49.387798
        ]
      }
    },
    {
      "type": "Feature",
      "properties": {
        "name": "ПВ"
      },
      "geometry": {
        "type": "Point",
        "coordinates": [
          30.18645,
          49.3865
        ]
      }
    },
    {
      "type": "Feature",
      "properties": {
        "name": "ПВ"
      },
      "geometry": {
        "type": "Point",
        "coordinates": [
          30.17811,
          49.389487
        ]
      }
    },
    {
      "type": "Feature",
      "properties": {
        "name": "ПВ"
      },
      "geometry": {
        "type": "Point",
        "coordinates": [
          30.193728,
          49.384877
        ]
      }
    },
    {
      "type": "Feature",
      "properties": {
        "name": "ПВ"
      },
      "geometry": {
        "type": "Point",
        "coordinates": [
          30.153244,
          49.403706
        ]
      }
    },
    {
      "type": "Feature",
      "properties": {
        "name": "ПВ"
      },
      "geometry": {
        "type": "Point",
        "coordinates": [
          30.15364,
          49.514277
        ]
      }
    },
    {
      "type": "Feature",
      "properties": {
        "name": "ПВ №3"
      },
      "geometry": {
        "type": "Point",
        "coordinates": [
          30.164974,
          49.385086
        ]
      }
    },
    {
      "type": "Feature",
      "properties": {
        "name": "ПВ № 4"
      },
      "geometry": {
        "type": "Point",
        "coordinates": [
          30.17218,
          49.38673
        ]
      }
    },
    {
      "type": "Feature",
      "properties": {
        "name": "ПВ "
      },
      "geometry": {
        "type": "Point",
        "coordinates": [
          30.173781,
          49.39103
        ]
      }
    },
    {
      "type": "Feature",
      "properties": {
        "name": "ПВ№1"
      },
      "geometry": {
        "type": "Point",
        "coordinates": [
          30.129877,
          49.447676
        ]
      }
    },
    {
      "type": "Feature",
      "properties": {
        "name": "ПВ№2"
      },
      "geometry": {
        "type": "Point",
        "coordinates": [
          30.129971,
          49.44767
        ]
      }
    },
    {
      "type": "Feature",
      "properties": {
        "name": "ПВ№2"
      },
      "geometry": {
        "type": "Point",
        "coordinates": [
          30.168113,
          49.386491
        ]
      }
    },
    {
      "type": "Feature",
      "properties": {
        "name": "ПВ№2"
      },
      "geometry": {
        "type": "Point",
        "coordinates": [
          30.170935,
          49.389468
        ]
      }
    },
    {
      "type": "Feature",
      "properties": {
        "name": "ПВ№3"
      },
      "geometry": {
        "type": "Point",
        "coordinates": [
          30.169626,
          49.387975
        ]
      }
    },
    {
      "type": "Feature",
      "properties": {
        "name": "ПВ№5"
      },
      "geometry": {
        "type": "Point",
        "coordinates": [
          30.184138,
          49.38376
        ]
      }
    },
    {
      "type": "Feature",
      "properties": {
        "name": "ПГ №1"
      },
      "geometry": {
        "type": "Point",
        "coordinates": [
          30.171356,
          49.388844
        ]
      }
    },
    {
      "type": "Feature",
      "properties": {
        "name": "ПГ №2"
      },
      "geometry": {
        "type": "Point",
        "coordinates": [
          30.176581,
          49.388102
        ]
      }
    },
    {
      "type": "Feature",
      "properties": {
        "name": "ПГ №6"
      },
      "geometry": {
        "type": "Point",
        "coordinates": [
          30.182485,
          49.36243
        ]
      }
    },
    {
      "type": "Feature",
      "properties": {
        "name": "ПГ № 1"
      },
      "geometry": {
        "type": "Point",
        "coordinates": [
          30.177552,
          49.364487
        ]
      }
    },
    {
      "type": "Feature",
      "properties": {
        "name": "ПГ № 2"
      },
      "geometry": {
        "type": "Point",
        "coordinates": [
          30.178051,
          49.363562
        ]
      }
    },
    {
      "type": "Feature",
      "properties": {
        "name": "ПГ № 3"
      },
      "geometry": {
        "type": "Point",
        "coordinates": [
          30.181342,
          49.36436
        ]
      }
    },
    {
      "type": "Feature",
      "properties": {
        "name": "ПГ № 4"
      },
      "geometry": {
        "type": "Point",
        "coordinates": [
          30.177974,
          49.362438
        ]
      }
    },
    {
      "type": "Feature",
      "properties": {
        "name": "ПГ № 5"
      },
      "geometry": {
        "type": "Point",
        "coordinates": [
          30.178545,
          49.361474
        ]
      }
    },
    {
      "type": "Feature",
      "properties": {
        "name": "ПГ № 7"
      },
      "geometry": {
        "type": "Point",
        "coordinates": [
          30.179087,
          49.360513
        ]
      }
    },
    {
      "type": "Feature",
      "properties": {
        "name": "ПГ № 8"
      },
      "geometry": {
        "type": "Point",
        "coordinates": [
          30.181914,
          49.363354
        ]
      }
    },
    {
      "type": "Feature",
      "properties": {
        "name": "ПГ-3"
      },
      "geometry": {
        "type": "Point",
        "coordinates": [
          30.175793,
          49.388216
        ]
      }
    },
    {
      "type": "Feature",
      "properties": {
        "name": "ПГ"
      },
      "geometry": {
        "type": "Point",
        "coordinates": [
          30.178958,
          49.391778
        ]
      }
    },
    {
      "type": "Feature",
      "properties": {
        "name": "ПГ 1"
      },
      "geometry": {
        "type": "Point",
        "coordinates": [
          30.129308,
          49.44671
        ]
      }
    },
    {
      "type": "Feature",
      "properties": {
        "name": "ПГ 1"
      },
      "geometry": {
        "type": "Point",
        "coordinates": [
          30.154878,
          49.402302
        ]
      }
    },
    {
      "type": "Feature",
      "properties": {
        "name": "ПГ 2"
      },
      "geometry": {
        "type": "Point",
        "coordinates": [
          30.129187,
          49.447622
        ]
      }
    },
    {
      "type": "Feature",
      "properties": {
        "name": "ПГ 29"
      },
      "geometry": {
        "type": "Point",
        "coordinates": [
          30.200237,
          49.398273
        ]
      }
    },
    {
      "type": "Feature",
      "properties": {
        "name": "ПГ 30"
      },
      "geometry": {
        "type": "Point",
        "coordinates": [
          30.199589,
          49.399366
        ]
      }
    },
    {
      "type": "Feature",
      "properties": {
        "name": "ПГ 31"
      },
      "geometry": {
        "type": "Point",
        "coordinates": [
          30.19902,
          49.400094
        ]
      }
    },
    {
      "type": "Feature",
      "properties": {
        "name": "ПГ 32"
      },
      "geometry": {
        "type": "Point",
        "coordinates": [
          30.200753,
          49.400941
        ]
      }
    },
    {
      "type": "Feature",
      "properties": {
        "name": "ПГ 33"
      },
      "geometry": {
        "type": "Point",
        "coordinates": [
          30.198412,
          49.401056
        ]
      }
    },
    {
      "type": "Feature",
      "properties": {
        "name": "ПГ №3"
      },
      "geometry": {
        "type": "Point",
        "coordinates": [
          30.177512,
          49.387971
        ]
      }
    },
    {
      "type": "Feature",
      "properties": {
        "name": "ПГ №4"
      },
      "geometry": {
        "type": "Point",
        "coordinates": [
          30.177856,
          49.387291
        ]
      }
    },
    {
      "type": "Feature",
      "properties": {
        "name": "ПГ №5"
      },
      "geometry": {
        "type": "Point",
        "coordinates": [
          30.174921,
          49.387836
        ]
      }
    },
    {
      "type": "Feature",
      "properties": {
        "name": "ПГ №6"
      },
      "geometry": {
        "type": "Point",
        "coordinates": [
          30.1833,
          49.386637
        ]
      }
    },
    {
      "type": "Feature",
      "properties": {
        "name": "ПГ №8"
      },
      "geometry": {
        "type": "Point",
        "coordinates": [
          30.184279,
          49.385666
        ]
      }
    },
    {
      "type": "Feature",
      "properties": {
        "name": "ПГ №9"
      },
      "geometry": {
        "type": "Point",
        "coordinates": [
          30.191025,
          49.384583
        ]
      }
    },
    {
      "type": "Feature",
      "properties": {
        "name": "ПГ №11"
      },
      "geometry": {
        "type": "Point",
        "coordinates": [
          30.195818,
          49.383314
        ]
      }
    },
    {
      "type": "Feature",
      "properties": {
        "name": "ПГ №13"
      },
      "geometry": {
        "type": "Point",
        "coordinates": [
          30.198026,
          49.384625
        ]
      }
    },
    {
      "type": "Feature",
      "properties": {
        "name": "ПГ №15"
      },
      "geometry": {
        "type": "Point",
        "coordinates": [
          30.193565,
          49.387897
        ]
      }
    },
    {
      "type": "Feature",
      "properties": {
        "name": "ПГ №17"
      },
      "geometry": {
        "type": "Point",
        "coordinates": [
          30.19206,
          49.390708
        ]
      }
    },
    {
      "type": "Feature",
      "properties": {
        "name": "ПГ №21"
      },
      "geometry": {
        "type": "Point",
        "coordinates": [
          30.189754,
          49.394219
        ]
      }
    },
    {
      "type": "Feature",
      "properties": {
        "name": "ПГ №27"
      },
      "geometry": {
        "type": "Point",
        "coordinates": [
          30.177174,
          49.392033
        ]
      }
    },
    {
      "type": "Feature",
      "properties": {
        "name": "ПГ №30"
      },
      "geometry": {
        "type": "Point",
        "coordinates": [
          30.184802,
          49.391733
        ]
      }
    },
    {
      "type": "Feature",
      "properties": {
        "name": "ПГ №31"
      },
      "geometry": {
        "type": "Point",
        "coordinates": [
          30.187109,
          49.389572
        ]
      }
    },
    {
      "type": "Feature",
      "properties": {
        "name": "ПГ № 7"
      },
      "geometry": {
        "type": "Point",
        "coordinates": [
          30.185749,
          49.385968
        ]
      }
    },
    {
      "type": "Feature",
      "properties": {
        "name": "ПГ № 12"
      },
      "geometry": {
        "type": "Point",
        "coordinates": [
          30.198018,
          49.383625
        ]
      }
    },
    {
      "type": "Feature",
      "properties": {
        "name": "ПГ № 14"
      },
      "geometry": {
        "type": "Point",
        "coordinates": [
          30.194802,
          49.38587
        ]
      }
    },
    {
      "type": "Feature",
      "properties": {
        "name": "ПГ № 16"
      },
      "geometry": {
        "type": "Point",
        "coordinates": [
          30.192873,
          49.389655
        ]
      }
    },
    {
      "type": "Feature",
      "properties": {
        "name": "ПГ № 18"
      },
      "geometry": {
        "type": "Point",
        "coordinates": [
          30.190998,
          49.392004
        ]
      }
    },
    {
      "type": "Feature",
      "properties": {
        "name": "ПГ № 19"
      },
      "geometry": {
        "type": "Point",
        "coordinates": [
          30.190706,
          49.393058
        ]
      }
    },
    {
      "type": "Feature",
      "properties": {
        "name": "ПГ № 20 "
      },
      "geometry": {
        "type": "Point",
        "coordinates": [
          30.190768,
          49.392349
        ]
      }
    },
    {
      "type": "Feature",
      "properties": {
        "name": "ПГ № 22"
      },
      "geometry": {
        "type": "Point",
        "coordinates": [
          30.188016,
          49.39602
        ]
      }
    },
    {
      "type": "Feature",
      "properties": {
        "name": "ПГ № 23"
      },
      "geometry": {
        "type": "Point",
        "coordinates": [
          30.185964,
          49.395254
        ]
      }
    },
    {
      "type": "Feature",
      "properties": {
        "name": "ПГ № 24"
      },
      "geometry": {
        "type": "Point",
        "coordinates": [
          30.185218,
          49.393926
        ]
      }
    },
    {
      "type": "Feature",
      "properties": {
        "name": "ПГ № 25"
      },
      "geometry": {
        "type": "Point",
        "coordinates": [
          30.182962,
          49.391302
        ]
      }
    },
    {
      "type": "Feature",
      "properties": {
        "name": "ПГ № 26"
      },
      "geometry": {
        "type": "Point",
        "coordinates": [
          30.177912,
          49.391923
        ]
      }
    },
    {
      "type": "Feature",
      "properties": {
        "name": "ПГ № 28"
      },
      "geometry": {
        "type": "Point",
        "coordinates": [
          30.174387,
          49.392311
        ]
      }
    },
    {
      "type": "Feature",
      "properties": {
        "name": "ПГ № 29"
      },
      "geometry": {
        "type": "Point",
        "coordinates": [
          30.177952,
          49.390593
        ]
      }
    },
    {
      "type": "Feature",
      "properties": {
        "name": "ПГ № 32"
      },
      "geometry": {
        "type": "Point",
        "coordinates": [
          30.187726,
          49.389287
        ]
      }
    },
    {
      "type": "Feature",
      "properties": {
        "name": "ПГ № 33"
      },
      "geometry": {
        "type": "Point",
        "coordinates": [
          30.191594,
          49.387545
        ]
      }
    },
    {
      "type": "Feature",
      "properties": {
        "name": "ПГ-1"
      },
      "geometry": {
        "type": "Point",
        "coordinates": [
          30.167411,
          49.387636
        ]
      }
    },
    {
      "type": "Feature",
      "properties": {
        "name": "ПГ-2"
      },
      "geometry": {
        "type": "Point",
        "coordinates": [
          30.156131,
          49.401436
        ]
      }
    },
    {
      "type": "Feature",
      "properties": {
        "name": "ПГ-3"
      },
      "geometry": {
        "type": "Point",
        "coordinates": [
          30.130491,
          49.448078
        ]
      }
    },
    {
      "type": "Feature",
      "properties": {
        "name": "ПГ-3"
      },
      "geometry": {
        "type": "Point",
        "coordinates": [
          30.153911,
          49.402935
        ]
      }
    },
    {
      "type": "Feature",
      "properties": {
        "name": "ПГ-4"
      },
      "geometry": {
        "type": "Point",
        "coordinates": [
          30.131402,
          49.448113
        ]
      }
    },
    {
      "type": "Feature",
      "properties": {
        "name": "ПГ-4"
      },
      "geometry": {
        "type": "Point",
        "coordinates": [
          30.151911,
          49.402696
        ]
      }
    },
    {
      "type": "Feature",
      "properties": {
        "name": "ПГ-5"
      },
      "geometry": {
        "type": "Point",
        "coordinates": [
          30.132454,
          49.448099
        ]
      }
    },
    {
      "type": "Feature",
      "properties": {
        "name": "ПГ-6"
      },
      "geometry": {
        "type": "Point",
        "coordinates": [
          30.132361,
          49.447456
        ]
      }
    },
    {
      "type": "Feature",
      "properties": {
        "name": "ПГ-7"
      },
      "geometry": {
        "type": "Point",
        "coordinates": [
          30.132228,
          49.447108
        ]
      }
    },
    {
      "type": "Feature",
      "properties": {
        "name": "ПГ-8"
      },
      "geometry": {
        "type": "Point",
        "coordinates": [
          30.132075,
          49.446738
        ]
      }
    },
    {
      "type": "Feature",
      "properties": {
        "name": "ПГ-9"
      },
      "geometry": {
        "type": "Point",
        "coordinates": [
          30.13125,
          49.446593
        ]
      }
    },
    {
      "type": "Feature",
      "properties": {
        "name": "місце для забору води із ставка"
      },
      "geometry": {
        "type": "Point",
        "coordinates": [
          30.13982,
          49.509264
        ]
      }
    },
    {
      "type": "Feature",
      "properties": {
        "name": "підїзд"
      },
      "geometry": {
        "type": "Point",
        "coordinates": [
          30.265466,
          49.38632
        ]
      }
    },
    {
      "type": "Feature",
      "properties": {
        "name": "Підїзд"
      },
      "geometry": {
        "type": "Point",
        "coordinates": [
          30.327892,
          49.383732
        ]
      }
    },
    {
      "type": "Feature",
      "properties": {
        "name": "Підїзд"
      },
      "geometry": {
        "type": "Point",
        "coordinates": [
          30.00517,
          49.383678
        ]
      }
    },
    {
      "type": "Feature",
      "properties": {
        "name": "Підїзд"
      },
      "geometry": {
        "type": "Point",
        "coordinates": [
          30.112272,
          49.435756
        ]
      }
    },
    {
      "type": "Feature",
      "properties": {
        "name": "вул. Свердлова, 11"
      },
      "geometry": {
        "type": "Point",
        "coordinates": [
          30.511007,
          49.56866
        ]
      }
    },
    {
      "type": "Feature",
      "properties": {
        "name": "вул. Липнева,1/Білрцерківська, 24"
      },
      "geometry": {
        "type": "Point",
        "coordinates": [
          30.50751,
          49.566656
        ]
      }
    },
    {
      "type": "Feature",
      "properties": {
        "name": "вул. Липнева, 2 (занижено стояк)"
      },
      "geometry": {
        "type": "Point",
        "coordinates": [
          30.508454,
          49.566391
        ]
      }
    },
    {
      "type": "Feature",
      "properties": {
        "name": "вул. Богдана Хмельницького, 3"
      },
      "geometry": {
        "type": "Point",
        "coordinates": [
          30.508304,
          49.563246
        ]
      }
    },
    {
      "type": "Feature",
      "properties": {
        "name": "вул. Богдана Хмельницького, 25 (несправний, зірваний шток)"
      },
      "geometry": {
        "type": "Point",
        "coordinates": [
          30.506716,
          49.560929
        ]
      }
    },
    {
      "type": "Feature",
      "properties": {
        "name": "вул, Липнева, 28"
      },
      "geometry": {
        "type": "Point",
        "coordinates": [
          30.512617,
          49.567519
        ]
      }
    },
    {
      "type": "Feature",
      "properties": {
        "name": "вул. Липнева, 35"
      },
      "geometry": {
        "type": "Point",
        "coordinates": [
          30.515964,
          49.568924
        ]
      }
    },
    {
      "type": "Feature",
      "properties": {
        "name": "вул. Білоцерківська, 61"
      },
      "geometry": {
        "type": "Point",
        "coordinates": [
          30.498519,
          49.570344
        ]
      }
    },
    {
      "type": "Feature",
      "properties": {
        "name": "вул. Білоцерківська, 84/88"
      },
      "geometry": {
        "type": "Point",
        "coordinates": [
          30.5003,
          49.570288
        ]
      }
    },
    {
      "type": "Feature",
      "properties": {
        "name": "вул. Видна, 7"
      },
      "geometry": {
        "type": "Point",
        "coordinates": [
          30.497704,
          49.548533
        ]
      }
    },
    {
      "type": "Feature",
      "properties": {
        "name": "вул. Видна, 12"
      },
      "geometry": {
        "type": "Point",
        "coordinates": [
          30.494657,
          49.547997
        ]
      }
    },
    {
      "type": "Feature",
      "properties": {
        "name": "вул. Видна, 29"
      },
      "geometry": {
        "type": "Point",
        "coordinates": [
          30.49456,
          49.547698
        ]
      }
    },
    {
      "type": "Feature",
      "properties": {
        "name": "вул. Івана Франка, 16"
      },
      "geometry": {
        "type": "Point",
        "coordinates": [
          30.482447,
          49.559252
        ]
      }
    },
    {
      "type": "Feature",
      "properties": {
        "name": "вул. Івана Франка, 35"
      },
      "geometry": {
        "type": "Point",
        "coordinates": [
          30.481911,
          49.556496
        ]
      }
    },
    {
      "type": "Feature",
      "properties": {
        "name": "вул. Володимира Сікевича, 48"
      },
      "geometry": {
        "type": "Point",
        "coordinates": [
          30.5033091,
          49.5549991
        ]
      }
    },
    {
      "type": "Feature",
      "properties": {
        "name": "вул. Героїв Чорнобиля, 66"
      },
      "geometry": {
        "type": "Point",
        "coordinates": [
          30.499506,
          49.554408
        ]
      }
    },
    {
      "type": "Feature",
      "properties": {
        "name": "вул. Ярослава Мудрого, 37"
      },
      "geometry": {
        "type": "Point",
        "coordinates": [
          30.499592,
          49.561423
        ]
      }
    },
    {
      "type": "Feature",
      "properties": {
        "name": "вул. Шевченка, 3"
      },
      "geometry": {
        "type": "Point",
        "coordinates": [
          30.503808,
          49.5631904
        ]
      }
    },
    {
      "type": "Feature",
      "properties": {
        "name": "вул. Шевченка, 42"
      },
      "geometry": {
        "type": "Point",
        "coordinates": [
          30.501555,
          49.560323
        ]
      }
    },
    {
      "type": "Feature",
      "properties": {
        "name": "вул. Повітрофлотська, 26"
      },
      "geometry": {
        "type": "Point",
        "coordinates": [
          30.4847082,
          49.5685766
        ]
      }
    },
    {
      "type": "Feature",
      "properties": {
        "name": "вул. Героїв Небесної Сотні, 69А"
      },
      "geometry": {
        "type": "Point",
        "coordinates": [
          30.491545,
          49.563399
        ]
      }
    },
    {
      "type": "Feature",
      "properties": {
        "name": "вул. Перемоги, 47"
      },
      "geometry": {
        "type": "Point",
        "coordinates": [
          30.485419,
          49.556273
        ]
      }
    },
    {
      "type": "Feature",
      "properties": {
        "name": "вул. Івана Виговського, 22А (низько посаджений стояк)"
      },
      "geometry": {
        "type": "Point",
        "coordinates": [
          30.490644,
          49.554756
        ]
      }
    },
    {
      "type": "Feature",
      "properties": {
        "name": "вул. Володимира Сікевича, 68"
      },
      "geometry": {
        "type": "Point",
        "coordinates": [
          30.500289,
          49.556141
        ]
      }
    },
    {
      "type": "Feature",
      "properties": {
        "name": "вул. Володимира Сікевича, 81"
      },
      "geometry": {
        "type": "Point",
        "coordinates": [
          30.498369,
          49.556635
        ]
      }
    },
    {
      "type": "Feature",
      "properties": {
        "name": "вул. Революції, 7"
      },
      "geometry": {
        "type": "Point",
        "coordinates": [
          30.506094,
          49.562912
        ]
      }
    },
    {
      "type": "Feature",
      "properties": {
        "name": "вул. Володимира Великого, 32"
      },
      "geometry": {
        "type": "Point",
        "coordinates": [
          30.496266,
          49.56001
        ]
      }
    },
    {
      "type": "Feature",
      "properties": {
        "name": "вул. Свердлова, 28"
      },
      "geometry": {
        "type": "Point",
        "coordinates": [
          30.5088187,
          49.569831
        ]
      }
    },
    {
      "type": "Feature",
      "properties": {
        "name": "вул, Білоцерківська, 39"
      },
      "geometry": {
        "type": "Point",
        "coordinates": [
          30.501823,
          49.56898
        ]
      }
    },
    {
      "type": "Feature",
      "properties": {
        "name": "с. Кирдани "
      },
      "geometry": {
        "type": "Point",
        "coordinates": [
          30.5335348,
          49.5769586
        ]
      }
    },
    {
      "type": "Feature",
      "properties": {
        "name": "с. Бовкун, вул. Гайова, 4"
      },
      "geometry": {
        "type": "Point",
        "coordinates": [
          30.6354135,
          49.5789739
        ]
      }
    },
    {
      "type": "Feature",
      "properties": {
        "name": "с. Веселий Кут, вул. Перемоги"
      },
      "geometry": {
        "type": "Point",
        "coordinates": [
          30.5209768,
          49.3670521
        ]
      }
    },
    {
      "type": "Feature",
      "properties": {
        "name": "с. Кислівка, вул. Польва"
      },
      "geometry": {
        "type": "Point",
        "coordinates": [
          30.6079897,
          49.5257164
        ]
      }
    },
    {
      "type": "Feature",
      "properties": {
        "name": "с. Ківшовата, вул. Щорса, 21 "
      },
      "geometry": {
        "type": "Point",
        "coordinates": [
          30.6128544,
          49.493574
        ]
      }
    },
    {
      "type": "Feature",
      "properties": {
        "name": "с. Крива, вул. Лугова"
      },
      "geometry": {
        "type": "Point",
        "coordinates": [
          30.4811229,
          49.5997736
        ]
      }
    },
    {
      "type": "Feature",
      "properties": {
        "name": "с. Ківшовата, вул. 40-річчя Перемоги, 25"
      },
      "geometry": {
        "type": "Point",
        "coordinates": [
          30.640275,
          49.4769095
        ]
      }
    },
    {
      "type": "Feature",
      "properties": {
        "name": "с. Ківшовата, вул. 40-річчя Перемоги, 25"
      },
      "geometry": {
        "type": "Point",
        "coordinates": [
          30.6398995,
          49.4769374
        ]
      }
    },
    {
      "type": "Feature",
      "properties": {
        "name": "с. Ківшовата, вул. 40-річчя Перемоги, 25\n"
      },
      "geometry": {
        "type": "Point",
        "coordinates": [
          30.6395025,
          49.4769653
        ]
      }
    },
    {
      "type": "Feature",
      "properties": {
        "name": "с. Лука, вул. Польва"
      },
      "geometry": {
        "type": "Point",
        "coordinates": [
          30.6853022,
          49.4819087
        ]
      }
    },
    {
      "type": "Feature",
      "properties": {
        "name": "с. Лук’янівка, вул. Перемоги"
      },
      "geometry": {
        "type": "Point",
        "coordinates": [
          30.5649277,
          49.4989991
        ]
      }
    },
    {
      "type": "Feature",
      "properties": {
        "name": "с. Юшків Ріг, вул. Центральна"
      },
      "geometry": {
        "type": "Point",
        "coordinates": [
          30.3777475,
          49.4780475
        ]
      }
    },
    {
      "type": "Feature",
      "properties": {
        "name": "с. Плоске, вул. Садова"
      },
      "geometry": {
        "type": "Point",
        "coordinates": [
          30.3062295,
          49.4797754
        ]
      }
    },
    {
      "type": "Feature",
      "properties": {
        "name": "вул. Білоцерківська, 78"
      },
      "geometry": {
        "type": "Point",
        "coordinates": [
          30.5040768,
          49.5697811
        ]
      }
    },
    {
      "type": "Feature",
      "properties": {
        "name": "вул. Білоцерківська, 63б"
      },
      "geometry": {
        "type": "Point",
        "coordinates": [
          30.496336,
          49.5718162
        ]
      }
    },
    {
      "type": "Feature",
      "properties": {
        "name": "вул. Білоцерківська, 63В"
      },
      "geometry": {
        "type": "Point",
        "coordinates": [
          30.4959117,
          49.5726982
        ]
      }
    },
    {
      "type": "Feature",
      "properties": {
        "name": "вул. Білоцерківська, 91"
      },
      "geometry": {
        "type": "Point",
        "coordinates": [
          30.4971026,
          49.5729243
        ]
      }
    },
    {
      "type": "Feature",
      "properties": {
        "name": "вул. Білоцерківська, 71"
      },
      "geometry": {
        "type": "Point",
        "coordinates": [
          30.4842545,
          49.5783214
        ]
      }
    },
    {
      "type": "Feature",
      "properties": {
        "name": "вул. Революції, 2"
      },
      "geometry": {
        "type": "Point",
        "coordinates": [
          30.5061288,
          49.5635513
        ]
      }
    },
    {
      "type": "Feature",
      "properties": {
        "name": "вул. Хмельницького, 71"
      },
      "geometry": {
        "type": "Point",
        "coordinates": [
          30.5038537,
          49.5557144
        ]
      }
    },
    {
      "type": "Feature",
      "properties": {
        "name": "вул. Хмельницького, 79"
      },
      "geometry": {
        "type": "Point",
        "coordinates": [
          30.5024194,
          49.5540808
        ]
      }
    },
    {
      "type": "Feature",
      "properties": {
        "name": "вул. Видна, 135"
      },
      "geometry": {
        "type": "Point",
        "coordinates": [
          30.4764553,
          49.5482315
        ]
      }
    },
    {
      "type": "Feature",
      "properties": {
        "name": "вул. Ломана, 12"
      },
      "geometry": {
        "type": "Point",
        "coordinates": [
          30.5061094,
          49.5562044
        ]
      }
    },
    {
      "type": "Feature",
      "properties": {
        "name": "вул. В. Сікевича, 78"
      },
      "geometry": {
        "type": "Point",
        "coordinates": [
          30.4954295,
          49.558236
        ]
      }
    },
    {
      "type": "Feature",
      "properties": {
        "name": "вул. Степова, 12"
      },
      "geometry": {
        "type": "Point",
        "coordinates": [
          30.4745601,
          49.5498772
        ]
      }
    },
    {
      "type": "Feature",
      "properties": {
        "name": "вул. Шевченка, 37"
      },
      "geometry": {
        "type": "Point",
        "coordinates": [
          30.5002022,
          49.5572138
        ]
      }
    },
    {
      "type": "Feature",
      "properties": {
        "name": "вул. Шевченка, 47а"
      },
      "geometry": {
        "type": "Point",
        "coordinates": [
          30.4983137,
          49.5548945
        ]
      }
    },
    {
      "type": "Feature",
      "properties": {
        "name": "с. Медвин, вул. О. Василенка, 10"
      },
      "geometry": {
        "type": "Point",
        "coordinates": [
          30.7738231,
          49.3865079
        ]
      }
    },
    {
      "type": "Feature",
      "properties": {
        "name": "с. Медвин, вул. О. Василенка, 125"
      },
      "geometry": {
        "type": "Point",
        "coordinates": [
          30.7568066,
          49.3878347
        ]
      }
    },
    {
      "type": "Feature",
      "properties": {
        "name": "ПГ №1"
      },
      "geometry": {
        "type": "Point",
        "coordinates": [
          30.11413,
          49.798142
        ]
      }
    },
    {
      "type": "Feature",
      "properties": {
        "name": "ПГ №2"
      },
      "geometry": {
        "type": "Point",
        "coordinates": [
          30.111097,
          49.800059
        ]
      }
    },
    {
      "type": "Feature",
      "properties": {
        "name": "ПГ №3"
      },
      "geometry": {
        "type": "Point",
        "coordinates": [
          30.109166,
          49.801584
        ]
      }
    },
    {
      "type": "Feature",
      "properties": {
        "name": "ПГ №4"
      },
      "geometry": {
        "type": "Point",
        "coordinates": [
          30.128734,
          49.811013
        ]
      }
    },
    {
      "type": "Feature",
      "properties": {
        "name": "ПГ №5"
      },
      "geometry": {
        "type": "Point",
        "coordinates": [
          30.129136,
          49.811657
        ]
      }
    },
    {
      "type": "Feature",
      "properties": {
        "name": "ПГ №6"
      },
      "geometry": {
        "type": "Point",
        "coordinates": [
          30.110945,
          49.806024
        ]
      }
    },
    {
      "type": "Feature",
      "properties": {
        "name": "ПГ №7"
      },
      "geometry": {
        "type": "Point",
        "coordinates": [
          30.109175,
          49.804754
        ]
      }
    },
    {
      "type": "Feature",
      "properties": {
        "name": "ПГ №8"
      },
      "geometry": {
        "type": "Point",
        "coordinates": [
          30.109464,
          49.804605
        ]
      }
    },
    {
      "type": "Feature",
      "properties": {
        "name": "ПГ №9"
      },
      "geometry": {
        "type": "Point",
        "coordinates": [
          30.10608,
          49.802825
        ]
      }
    },
    {
      "type": "Feature",
      "properties": {
        "name": "ПГ №10"
      },
      "geometry": {
        "type": "Point",
        "coordinates": [
          30.101852,
          49.799508
        ]
      }
    },
    {
      "type": "Feature",
      "properties": {
        "name": "ПГ №11"
      },
      "geometry": {
        "type": "Point",
        "coordinates": [
          30.107678,
          49.810535
        ]
      }
    },
    {
      "type": "Feature",
      "properties": {
        "name": "ПГ №12"
      },
      "geometry": {
        "type": "Point",
        "coordinates": [
          30.104422,
          49.808361
        ]
      }
    },
    {
      "type": "Feature",
      "properties": {
        "name": "ПГ №13"
      },
      "geometry": {
        "type": "Point",
        "coordinates": [
          30.107163,
          49.810417
        ]
      }
    },
    {
      "type": "Feature",
      "properties": {
        "name": "ПГ №14"
      },
      "geometry": {
        "type": "Point",
        "coordinates": [
          30.105795,
          49.810777
        ]
      }
    },
    {
      "type": "Feature",
      "properties": {
        "name": "ПГ №15"
      },
      "geometry": {
        "type": "Point",
        "coordinates": [
          30.113096,
          49.797586
        ]
      }
    },
    {
      "type": "Feature",
      "properties": {
        "name": "ПГ №16"
      },
      "geometry": {
        "type": "Point",
        "coordinates": [
          30.105758,
          49.79848
        ]
      }
    },
    {
      "type": "Feature",
      "properties": {
        "name": "ПГ №17"
      },
      "geometry": {
        "type": "Point",
        "coordinates": [
          30.108311,
          49.796454
        ]
      }
    },
    {
      "type": "Feature",
      "properties": {
        "name": "ПГ №18"
      },
      "geometry": {
        "type": "Point",
        "coordinates": [
          30.046459,
          49.807866
        ]
      }
    },
    {
      "type": "Feature",
      "properties": {
        "name": "ПГ №19"
      },
      "geometry": {
        "type": "Point",
        "coordinates": [
          30.04845,
          49.809427
        ]
      }
    },
    {
      "type": "Feature",
      "properties": {
        "name": "ПГ №20"
      },
      "geometry": {
        "type": "Point",
        "coordinates": [
          30.048042,
          49.81068
        ]
      }
    },
    {
      "type": "Feature",
      "properties": {
        "name": "ПГ №21"
      },
      "geometry": {
        "type": "Point",
        "coordinates": [
          30.047495,
          49.810636
        ]
      }
    },
    {
      "type": "Feature",
      "properties": {
        "name": "ПГ №22"
      },
      "geometry": {
        "type": "Point",
        "coordinates": [
          30.044834,
          49.807707
        ]
      }
    },
    {
      "type": "Feature",
      "properties": {
        "name": "ПГ №23"
      },
      "geometry": {
        "type": "Point",
        "coordinates": [
          30.041122,
          49.806727
        ]
      }
    },
    {
      "type": "Feature",
      "properties": {
        "name": "ПГ №24"
      },
      "geometry": {
        "type": "Point",
        "coordinates": [
          30.050424,
          49.809278
        ]
      }
    },
    {
      "type": "Feature",
      "properties": {
        "name": "ПГ №25"
      },
      "geometry": {
        "type": "Point",
        "coordinates": [
          30.050585,
          49.808801
        ]
      }
    },
    {
      "type": "Feature",
      "properties": {
        "name": "ПГ №26"
      },
      "geometry": {
        "type": "Point",
        "coordinates": [
          30.047811,
          49.806911
        ]
      }
    },
    {
      "type": "Feature",
      "properties": {
        "name": "ПГ №27"
      },
      "geometry": {
        "type": "Point",
        "coordinates": [
          30.042613,
          49.809805
        ]
      }
    },
    {
      "type": "Feature",
      "properties": {
        "name": "ПГ №28"
      },
      "geometry": {
        "type": "Point",
        "coordinates": [
          30.046534,
          49.810781
        ]
      }
    },
    {
      "type": "Feature",
      "properties": {
        "name": "ПГ №29"
      },
      "geometry": {
        "type": "Point",
        "coordinates": [
          30.051663,
          49.810996
        ]
      }
    },
    {
      "type": "Feature",
      "properties": {
        "name": "ПГ №30"
      },
      "geometry": {
        "type": "Point",
        "coordinates": [
          30.040156,
          49.805238
        ]
      }
    },
    {
      "type": "Feature",
      "properties": {
        "name": "ПГ №31"
      },
      "geometry": {
        "type": "Point",
        "coordinates": [
          30.044984,
          49.804961
        ]
      }
    },
    {
      "type": "Feature",
      "properties": {
        "name": "ПГ №32"
      },
      "geometry": {
        "type": "Point",
        "coordinates": [
          30.04345,
          49.804269
        ]
      }
    },
    {
      "type": "Feature",
      "properties": {
        "name": "ПГ №33"
      },
      "geometry": {
        "type": "Point",
        "coordinates": [
          30.049308,
          49.807818
        ]
      }
    },
    {
      "type": "Feature",
      "properties": {
        "name": "ПГ №34"
      },
      "geometry": {
        "type": "Point",
        "coordinates": [
          30.07827,
          49.819732
        ]
      }
    },
    {
      "type": "Feature",
      "properties": {
        "name": "ПГ №35"
      },
      "geometry": {
        "type": "Point",
        "coordinates": [
          30.078147,
          49.818746
        ]
      }
    },
    {
      "type": "Feature",
      "properties": {
        "name": "ПГ №36"
      },
      "geometry": {
        "type": "Point",
        "coordinates": [
          30.119448,
          49.79921
        ]
      }
    },
    {
      "type": "Feature",
      "properties": {
        "name": "ПГ №37"
      },
      "geometry": {
        "type": "Point",
        "coordinates": [
          30.105103,
          49.807056
        ]
      }
    },
    {
      "type": "Feature",
      "properties": {
        "name": "ПГ №38"
      },
      "geometry": {
        "type": "Point",
        "coordinates": [
          30.106975,
          49.807118
        ]
      }
    },
    {
      "type": "Feature",
      "properties": {
        "name": "ПГ №39"
      },
      "geometry": {
        "type": "Point",
        "coordinates": [
          30.106493,
          49.80852
        ]
      }
    },
    {
      "type": "Feature",
      "properties": {
        "name": "ПГ №40"
      },
      "geometry": {
        "type": "Point",
        "coordinates": [
          30.106916,
          49.80895
        ]
      }
    },
    {
      "type": "Feature",
      "properties": {
        "name": "ПГ №41"
      },
      "geometry": {
        "type": "Point",
        "coordinates": [
          30.092068,
          49.812899
        ]
      }
    },
    {
      "type": "Feature",
      "properties": {
        "name": "ПГ №42"
      },
      "geometry": {
        "type": "Point",
        "coordinates": [
          30.088785,
          49.813747
        ]
      }
    },
    {
      "type": "Feature",
      "properties": {
        "name": "ПГ №43"
      },
      "geometry": {
        "type": "Point",
        "coordinates": [
          30.086644,
          49.81436
        ]
      }
    },
    {
      "type": "Feature",
      "properties": {
        "name": "ПГ №44"
      },
      "geometry": {
        "type": "Point",
        "coordinates": [
          30.082718,
          49.815364
        ]
      }
    },
    {
      "type": "Feature",
      "properties": {
        "name": "ПГ №45"
      },
      "geometry": {
        "type": "Point",
        "coordinates": [
          30.092658,
          49.813135
        ]
      }
    },
    {
      "type": "Feature",
      "properties": {
        "name": "ПГ №46"
      },
      "geometry": {
        "type": "Point",
        "coordinates": [
          30.091783,
          49.813547
        ]
      }
    },
    {
      "type": "Feature",
      "properties": {
        "name": "ПГ №47"
      },
      "geometry": {
        "type": "Point",
        "coordinates": [
          30.096864,
          49.812872
        ]
      }
    },
    {
      "type": "Feature",
      "properties": {
        "name": "ПГ №48"
      },
      "geometry": {
        "type": "Point",
        "coordinates": [
          30.090421,
          49.814592
        ]
      }
    },
    {
      "type": "Feature",
      "properties": {
        "name": "ПГ №49"
      },
      "geometry": {
        "type": "Point",
        "coordinates": [
          30.088447,
          49.815153
        ]
      }
    },
    {
      "type": "Feature",
      "properties": {
        "name": "ПГ №50"
      },
      "geometry": {
        "type": "Point",
        "coordinates": [
          30.112469,
          49.818604
        ]
      }
    },
    {
      "type": "Feature",
      "properties": {
        "name": "ПГ №51"
      },
      "geometry": {
        "type": "Point",
        "coordinates": [
          30.111691,
          49.818901
        ]
      }
    },
    {
      "type": "Feature",
      "properties": {
        "name": "ПГ №52"
      },
      "geometry": {
        "type": "Point",
        "coordinates": [
          30.107667,
          49.820372
        ]
      }
    },
    {
      "type": "Feature",
      "properties": {
        "name": "ПГ №53"
      },
      "geometry": {
        "type": "Point",
        "coordinates": [
          30.120048,
          49.81012
        ]
      }
    },
    {
      "type": "Feature",
      "properties": {
        "name": "ПГ №54"
      },
      "geometry": {
        "type": "Point",
        "coordinates": [
          30.112463,
          49.812827
        ]
      }
    },
    {
      "type": "Feature",
      "properties": {
        "name": "ПГ №55"
      },
      "geometry": {
        "type": "Point",
        "coordinates": [
          30.111015,
          49.813325
        ]
      }
    },
    {
      "type": "Feature",
      "properties": {
        "name": "ПГ №56"
      },
      "geometry": {
        "type": "Point",
        "coordinates": [
          30.104245,
          49.815693
        ]
      }
    },
    {
      "type": "Feature",
      "properties": {
        "name": "ПГ №57"
      },
      "geometry": {
        "type": "Point",
        "coordinates": [
          30.101944,
          49.805598
        ]
      }
    },
    {
      "type": "Feature",
      "properties": {
        "name": "ПГ №58"
      },
      "geometry": {
        "type": "Point",
        "coordinates": [
          30.101182,
          49.804626
        ]
      }
    },
    {
      "type": "Feature",
      "properties": {
        "name": "ПГ №59"
      },
      "geometry": {
        "type": "Point",
        "coordinates": [
          30.092256,
          49.808141
        ]
      }
    },
    {
      "type": "Feature",
      "properties": {
        "name": "ПГ №60"
      },
      "geometry": {
        "type": "Point",
        "coordinates": [
          30.090861,
          49.808697
        ]
      }
    },
    {
      "type": "Feature",
      "properties": {
        "name": "ПГ №61"
      },
      "geometry": {
        "type": "Point",
        "coordinates": [
          30.089718,
          49.80906
        ]
      }
    },
    {
      "type": "Feature",
      "properties": {
        "name": "ПГ №62"
      },
      "geometry": {
        "type": "Point",
        "coordinates": [
          30.088903,
          49.809375
        ]
      }
    },
    {
      "type": "Feature",
      "properties": {
        "name": "ПГ №63"
      },
      "geometry": {
        "type": "Point",
        "coordinates": [
          30.121518,
          49.816025
        ]
      }
    },
    {
      "type": "Feature",
      "properties": {
        "name": "ПГ №64"
      },
      "geometry": {
        "type": "Point",
        "coordinates": [
          30.117109,
          49.817659
        ]
      }
    },
    {
      "type": "Feature",
      "properties": {
        "name": "ПГ №65"
      },
      "geometry": {
        "type": "Point",
        "coordinates": [
          30.114357,
          49.818683
        ]
      }
    },
    {
      "type": "Feature",
      "properties": {
        "name": "ПГ №66"
      },
      "geometry": {
        "type": "Point",
        "coordinates": [
          30.112994,
          49.819202
        ]
      }
    },
    {
      "type": "Feature",
      "properties": {
        "name": "ПГ №67"
      },
      "geometry": {
        "type": "Point",
        "coordinates": [
          30.111975,
          49.819573
        ]
      }
    },
    {
      "type": "Feature",
      "properties": {
        "name": "ПГ №68"
      },
      "geometry": {
        "type": "Point",
        "coordinates": [
          30.127822,
          49.813945
        ]
      }
    },
    {
      "type": "Feature",
      "properties": {
        "name": "ПГ №69"
      },
      "geometry": {
        "type": "Point",
        "coordinates": [
          30.126298,
          49.814443
        ]
      }
    },
    {
      "type": "Feature",
      "properties": {
        "name": "ПГ №70"
      },
      "geometry": {
        "type": "Point",
        "coordinates": [
          30.128707,
          49.809524
        ]
      }
    },
    {
      "type": "Feature",
      "properties": {
        "name": "ПГ №71"
      },
      "geometry": {
        "type": "Point",
        "coordinates": [
          30.12957,
          49.810137
        ]
      }
    },
    {
      "type": "Feature",
      "properties": {
        "name": "ПГ №72"
      },
      "geometry": {
        "type": "Point",
        "coordinates": [
          30.128444,
          49.809254
        ]
      }
    },
    {
      "type": "Feature",
      "properties": {
        "name": "ПГ №73"
      },
      "geometry": {
        "type": "Point",
        "coordinates": [
          30.127301,
          49.809594
        ]
      }
    },
    {
      "type": "Feature",
      "properties": {
        "name": "ПГ №74"
      },
      "geometry": {
        "type": "Point",
        "coordinates": [
          30.125558,
          49.810085
        ]
      }
    },
    {
      "type": "Feature",
      "properties": {
        "name": "ПГ №75"
      },
      "geometry": {
        "type": "Point",
        "coordinates": [
          30.124319,
          49.810369
        ]
      }
    },
    {
      "type": "Feature",
      "properties": {
        "name": "ПГ №76"
      },
      "geometry": {
        "type": "Point",
        "coordinates": [
          30.123197,
          49.810767
        ]
      }
    },
    {
      "type": "Feature",
      "properties": {
        "name": "ПГ №77"
      },
      "geometry": {
        "type": "Point",
        "coordinates": [
          30.115044,
          49.813606
        ]
      }
    },
    {
      "type": "Feature",
      "properties": {
        "name": "ПГ №78"
      },
      "geometry": {
        "type": "Point",
        "coordinates": [
          30.112925,
          49.814332
        ]
      }
    },
    {
      "type": "Feature",
      "properties": {
        "name": "ПГ №79"
      },
      "geometry": {
        "type": "Point",
        "coordinates": [
          30.10734,
          49.816312
        ]
      }
    },
    {
      "type": "Feature",
      "properties": {
        "name": "ПГ №80"
      },
      "geometry": {
        "type": "Point",
        "coordinates": [
          30.121293,
          49.811459
        ]
      }
    },
    {
      "type": "Feature",
      "properties": {
        "name": "ПГ №81"
      },
      "geometry": {
        "type": "Point",
        "coordinates": [
          30.109073,
          49.815696
        ]
      }
    },
    {
      "type": "Feature",
      "properties": {
        "name": "ПГ №82"
      },
      "geometry": {
        "type": "Point",
        "coordinates": [
          30.108633,
          49.822549
        ]
      }
    },
    {
      "type": "Feature",
      "properties": {
        "name": "ПГ №83"
      },
      "geometry": {
        "type": "Point",
        "coordinates": [
          30.111085,
          49.821622
        ]
      }
    },
    {
      "type": "Feature",
      "properties": {
        "name": "ПГ №84"
      },
      "geometry": {
        "type": "Point",
        "coordinates": [
          30.114614,
          49.820279
        ]
      }
    },
    {
      "type": "Feature",
      "properties": {
        "name": "ПГ №85"
      },
      "geometry": {
        "type": "Point",
        "coordinates": [
          30.117034,
          49.81941
        ]
      }
    },
    {
      "type": "Feature",
      "properties": {
        "name": "ПГ №86"
      },
      "geometry": {
        "type": "Point",
        "coordinates": [
          30.118155,
          49.818995
        ]
      }
    },
    {
      "type": "Feature",
      "properties": {
        "name": "ПГ №87"
      },
      "geometry": {
        "type": "Point",
        "coordinates": [
          30.119351,
          49.818534
        ]
      }
    },
    {
      "type": "Feature",
      "properties": {
        "name": "ПГ №88"
      },
      "geometry": {
        "type": "Point",
        "coordinates": [
          30.120633,
          49.818053
        ]
      }
    },
    {
      "type": "Feature",
      "properties": {
        "name": "ПГ №89"
      },
      "geometry": {
        "type": "Point",
        "coordinates": [
          30.122908,
          49.81913
        ]
      }
    },
    {
      "type": "Feature",
      "properties": {
        "name": "ПГ №90"
      },
      "geometry": {
        "type": "Point",
        "coordinates": [
          30.122328,
          49.817441
        ]
      }
    },
    {
      "type": "Feature",
      "properties": {
        "name": "ПГ №91"
      },
      "geometry": {
        "type": "Point",
        "coordinates": [
          30.11065,
          49.809791
        ]
      }
    },
    {
      "type": "Feature",
      "properties": {
        "name": "ПГ №92"
      },
      "geometry": {
        "type": "Point",
        "coordinates": [
          30.109674,
          49.8103
        ]
      }
    },
    {
      "type": "Feature",
      "properties": {
        "name": "ПГ №93"
      },
      "geometry": {
        "type": "Point",
        "coordinates": [
          30.112705,
          49.808783
        ]
      }
    },
    {
      "type": "Feature",
      "properties": {
        "name": "ПГ №94"
      },
      "geometry": {
        "type": "Point",
        "coordinates": [
          30.115049,
          49.807534
        ]
      }
    },
    {
      "type": "Feature",
      "properties": {
        "name": "ПГ №95"
      },
      "geometry": {
        "type": "Point",
        "coordinates": [
          30.081033,
          49.81554
        ]
      }
    },
    {
      "type": "Feature",
      "properties": {
        "name": "ПГ №96"
      },
      "geometry": {
        "type": "Point",
        "coordinates": [
          30.081559,
          49.816312
        ]
      }
    },
    {
      "type": "Feature",
      "properties": {
        "name": "ПГ №97"
      },
      "geometry": {
        "type": "Point",
        "coordinates": [
          30.11257,
          49.795817
        ]
      }
    },
    {
      "type": "Feature",
      "properties": {
        "name": "ПГ №98"
      },
      "geometry": {
        "type": "Point",
        "coordinates": [
          30.089396,
          49.82356
        ]
      }
    },
    {
      "type": "Feature",
      "properties": {
        "name": "ПГ №99"
      },
      "geometry": {
        "type": "Point",
        "coordinates": [
          30.090083,
          49.824017
        ]
      }
    },
    {
      "type": "Feature",
      "properties": {
        "name": "ПГ №100"
      },
      "geometry": {
        "type": "Point",
        "coordinates": [
          30.117629,
          49.818268
        ]
      }
    },
    {
      "type": "Feature",
      "properties": {
        "name": "ПГ №101"
      },
      "geometry": {
        "type": "Point",
        "coordinates": [
          30.115693,
          49.818978
        ]
      }
    },
    {
      "type": "Feature",
      "properties": {
        "name": "ПГ №102"
      },
      "geometry": {
        "type": "Point",
        "coordinates": [
          30.113053,
          49.819957
        ]
      }
    },
    {
      "type": "Feature",
      "properties": {
        "name": "ПГ №103"
      },
      "geometry": {
        "type": "Point",
        "coordinates": [
          30.108676,
          49.821566
        ]
      }
    },
    {
      "type": "Feature",
      "properties": {
        "name": "ПГ №104"
      },
      "geometry": {
        "type": "Point",
        "coordinates": [
          30.111744,
          49.820435
        ]
      }
    },
    {
      "type": "Feature",
      "properties": {
        "name": "ПГ №105"
      },
      "geometry": {
        "type": "Point",
        "coordinates": [
          30.126309,
          49.815267
        ]
      }
    },
    {
      "type": "Feature",
      "properties": {
        "name": "ПГ №106"
      },
      "geometry": {
        "type": "Point",
        "coordinates": [
          30.121459,
          49.816908
        ]
      }
    },
    {
      "type": "Feature",
      "properties": {
        "name": "ПГ №107"
      },
      "geometry": {
        "type": "Point",
        "coordinates": [
          30.123004,
          49.816375
        ]
      }
    },
    {
      "type": "Feature",
      "properties": {
        "name": "ПГ №108"
      },
      "geometry": {
        "type": "Point",
        "coordinates": [
          30.08357,
          49.81176
        ]
      }
    },
    {
      "type": "Feature",
      "properties": {
        "name": "ПГ №109"
      },
      "geometry": {
        "type": "Point",
        "coordinates": [
          30.093302,
          49.808596
        ]
      }
    },
    {
      "type": "Feature",
      "properties": {
        "name": "ПГ №110"
      },
      "geometry": {
        "type": "Point",
        "coordinates": [
          30.071544,
          49.818659
        ]
      }
    },
    {
      "type": "Feature",
      "properties": {
        "name": "ПГ №111"
      },
      "geometry": {
        "type": "Point",
        "coordinates": [
          30.073185,
          49.819632
        ]
      }
    },
    {
      "type": "Feature",
      "properties": {
        "name": "ПГ №112"
      },
      "geometry": {
        "type": "Point",
        "coordinates": [
          30.072573,
          49.819272
        ]
      }
    },
    {
      "type": "Feature",
      "properties": {
        "name": "ПГ №113"
      },
      "geometry": {
        "type": "Point",
        "coordinates": [
          30.126486,
          49.80851
        ]
      }
    },
    {
      "type": "Feature",
      "properties": {
        "name": "ПГ №114"
      },
      "geometry": {
        "type": "Point",
        "coordinates": [
          30.125112,
          49.809067
        ]
      }
    },
    {
      "type": "Feature",
      "properties": {
        "name": "ПГ №115"
      },
      "geometry": {
        "type": "Point",
        "coordinates": [
          30.115178,
          49.812702
        ]
      }
    },
    {
      "type": "Feature",
      "properties": {
        "name": "ПГ №116"
      },
      "geometry": {
        "type": "Point",
        "coordinates": [
          30.114244,
          49.813041
        ]
      }
    },
    {
      "type": "Feature",
      "properties": {
        "name": "ПГ №117"
      },
      "geometry": {
        "type": "Point",
        "coordinates": [
          30.111149,
          49.814132
        ]
      }
    },
    {
      "type": "Feature",
      "properties": {
        "name": "ПГ №118"
      },
      "geometry": {
        "type": "Point",
        "coordinates": [
          30.109486,
          49.814713
        ]
      }
    },
    {
      "type": "Feature",
      "properties": {
        "name": "ПГ №119"
      },
      "geometry": {
        "type": "Point",
        "coordinates": [
          30.10852,
          49.815056
        ]
      }
    },
    {
      "type": "Feature",
      "properties": {
        "name": "ПГ №120"
      },
      "geometry": {
        "type": "Point",
        "coordinates": [
          30.101343,
          49.812668
        ]
      }
    },
    {
      "type": "Feature",
      "properties": {
        "name": "ПГ №121"
      },
      "geometry": {
        "type": "Point",
        "coordinates": [
          30.115183,
          49.803445
        ]
      }
    },
    {
      "type": "Feature",
      "properties": {
        "name": "ПГ №122"
      },
      "geometry": {
        "type": "Point",
        "coordinates": [
          30.112597,
          49.804806
        ]
      }
    },
    {
      "type": "Feature",
      "properties": {
        "name": "ПГ №123"
      },
      "geometry": {
        "type": "Point",
        "coordinates": [
          30.111798,
          49.805231
        ]
      }
    },
    {
      "type": "Feature",
      "properties": {
        "name": "ПГ №124"
      },
      "geometry": {
        "type": "Point",
        "coordinates": [
          30.107943,
          49.806856
        ]
      }
    },
    {
      "type": "Feature",
      "properties": {
        "name": "ПГ №125"
      },
      "geometry": {
        "type": "Point",
        "coordinates": [
          30.10528,
          49.808832
        ]
      }
    },
    {
      "type": "Feature",
      "properties": {
        "name": "ПГ №126"
      },
      "geometry": {
        "type": "Point",
        "coordinates": [
          30.103446,
          49.810151
        ]
      }
    },
    {
      "type": "Feature",
      "properties": {
        "name": "ПГ №127"
      },
      "geometry": {
        "type": "Point",
        "coordinates": [
          30.096204,
          49.806308
        ]
      }
    },
    {
      "type": "Feature",
      "properties": {
        "name": "ПГ №128"
      },
      "geometry": {
        "type": "Point",
        "coordinates": [
          30.0977,
          49.806173
        ]
      }
    },
    {
      "type": "Feature",
      "properties": {
        "name": "ПГ №129"
      },
      "geometry": {
        "type": "Point",
        "coordinates": [
          30.094063,
          49.806668
        ]
      }
    },
    {
      "type": "Feature",
      "properties": {
        "name": "ПГ №130"
      },
      "geometry": {
        "type": "Point",
        "coordinates": [
          30.086113,
          49.808077
        ]
      }
    },
    {
      "type": "Feature",
      "properties": {
        "name": "ПГ №131"
      },
      "geometry": {
        "type": "Point",
        "coordinates": [
          30.090936,
          49.807021
        ]
      }
    },
    {
      "type": "Feature",
      "properties": {
        "name": "ПГ №132"
      },
      "geometry": {
        "type": "Point",
        "coordinates": [
          30.087932,
          49.807586
        ]
      }
    },
    {
      "type": "Feature",
      "properties": {
        "name": "ПГ №133"
      },
      "geometry": {
        "type": "Point",
        "coordinates": [
          30.087014,
          49.807814
        ]
      }
    },
    {
      "type": "Feature",
      "properties": {
        "name": "ПГ №134"
      },
      "geometry": {
        "type": "Point",
        "coordinates": [
          30.115092,
          49.802043
        ]
      }
    },
    {
      "type": "Feature",
      "properties": {
        "name": "ПГ №135"
      },
      "geometry": {
        "type": "Point",
        "coordinates": [
          30.113558,
          49.803043
        ]
      }
    },
    {
      "type": "Feature",
      "properties": {
        "name": "ПГ №136"
      },
      "geometry": {
        "type": "Point",
        "coordinates": [
          30.112801,
          49.803507
        ]
      }
    },
    {
      "type": "Feature",
      "properties": {
        "name": "ПГ №137"
      },
      "geometry": {
        "type": "Point",
        "coordinates": [
          30.111498,
          49.804321
        ]
      }
    },
    {
      "type": "Feature",
      "properties": {
        "name": "ПГ №138"
      },
      "geometry": {
        "type": "Point",
        "coordinates": [
          30.110489,
          49.804961
        ]
      }
    },
    {
      "type": "Feature",
      "properties": {
        "name": "ПГ №139"
      },
      "geometry": {
        "type": "Point",
        "coordinates": [
          30.116438,
          49.802005
        ]
      }
    },
    {
      "type": "Feature",
      "properties": {
        "name": "ПГ №140"
      },
      "geometry": {
        "type": "Point",
        "coordinates": [
          30.073459,
          49.825979
        ]
      }
    },
    {
      "type": "Feature",
      "properties": {
        "name": "ПГ №141"
      },
      "geometry": {
        "type": "Point",
        "coordinates": [
          30.072289,
          49.825626
        ]
      }
    },
    {
      "type": "Feature",
      "properties": {
        "name": "ПГ №142"
      },
      "geometry": {
        "type": "Point",
        "coordinates": [
          30.069011,
          49.826214
        ]
      }
    },
    {
      "type": "Feature",
      "properties": {
        "name": "ПГ №143"
      },
      "geometry": {
        "type": "Point",
        "coordinates": [
          30.115929,
          49.804643
        ]
      }
    },
    {
      "type": "Feature",
      "properties": {
        "name": "ПГ №144"
      },
      "geometry": {
        "type": "Point",
        "coordinates": [
          30.115108,
          49.805072
        ]
      }
    },
    {
      "type": "Feature",
      "properties": {
        "name": "ПГ №145"
      },
      "geometry": {
        "type": "Point",
        "coordinates": [
          30.113043,
          49.806184
        ]
      }
    },
    {
      "type": "Feature",
      "properties": {
        "name": "ПГ №146"
      },
      "geometry": {
        "type": "Point",
        "coordinates": [
          30.113965,
          49.805664
        ]
      }
    },
    {
      "type": "Feature",
      "properties": {
        "name": "ПГ №147"
      },
      "geometry": {
        "type": "Point",
        "coordinates": [
          30.109582,
          49.808025
        ]
      }
    },
    {
      "type": "Feature",
      "properties": {
        "name": "ПГ №148"
      },
      "geometry": {
        "type": "Point",
        "coordinates": [
          30.110843,
          49.80734
        ]
      }
    },
    {
      "type": "Feature",
      "properties": {
        "name": "ПГ №149"
      },
      "geometry": {
        "type": "Point",
        "coordinates": [
          30.108542,
          49.808576
        ]
      }
    },
    {
      "type": "Feature",
      "properties": {
        "name": "ПГ №150"
      },
      "geometry": {
        "type": "Point",
        "coordinates": [
          30.101187,
          49.816506
        ]
      }
    },
    {
      "type": "Feature",
      "properties": {
        "name": "ПГ №151"
      },
      "geometry": {
        "type": "Point",
        "coordinates": [
          30.115794,
          49.827176
        ]
      }
    },
    {
      "type": "Feature",
      "properties": {
        "name": "Пг №152"
      },
      "geometry": {
        "type": "Point",
        "coordinates": [
          30.114008,
          49.827526
        ]
      }
    },
    {
      "type": "Feature",
      "properties": {
        "name": "ПГ №153"
      },
      "geometry": {
        "type": "Point",
        "coordinates": [
          30.111466,
          49.82799
        ]
      }
    },
    {
      "type": "Feature",
      "properties": {
        "name": "ПГ №154"
      },
      "geometry": {
        "type": "Point",
        "coordinates": [
          30.087524,
          49.81705
        ]
      }
    },
    {
      "type": "Feature",
      "properties": {
        "name": "ПГ №155"
      },
      "geometry": {
        "type": "Point",
        "coordinates": [
          30.1208,
          49.79814
        ]
      }
    },
    {
      "type": "Feature",
      "properties": {
        "name": "ПГ №156"
      },
      "geometry": {
        "type": "Point",
        "coordinates": [
          30.062805,
          49.818313
        ]
      }
    },
    {
      "type": "Feature",
      "properties": {
        "name": "ПГ №157"
      },
      "geometry": {
        "type": "Point",
        "coordinates": [
          30.1091,
          49.803424
        ]
      }
    },
    {
      "type": "Feature",
      "properties": {
        "name": "ПГ №158"
      },
      "geometry": {
        "type": "Point",
        "coordinates": [
          30.113375,
          49.815077
        ]
      }
    },
    {
      "type": "Feature",
      "properties": {
        "name": "ПГ №159"
      },
      "geometry": {
        "type": "Point",
        "coordinates": [
          30.098586,
          49.805865
        ]
      }
    },
    {
      "type": "Feature",
      "properties": {
        "name": "ПГ №160"
      },
      "geometry": {
        "type": "Point",
        "coordinates": [
          30.103301,
          49.805166
        ]
      }
    },
    {
      "type": "Feature",
      "properties": {
        "name": "ПГ №161"
      },
      "geometry": {
        "type": "Point",
        "coordinates": [
          30.102915,
          49.8042
        ]
      }
    },
    {
      "type": "Feature",
      "properties": {
        "name": "ПГ №162"
      },
      "geometry": {
        "type": "Point",
        "coordinates": [
          30.101729,
          49.803126
        ]
      }
    },
    {
      "type": "Feature",
      "properties": {
        "name": "ПГ №163"
      },
      "geometry": {
        "type": "Point",
        "coordinates": [
          30.102104,
          49.802988
        ]
      }
    },
    {
      "type": "Feature",
      "properties": {
        "name": "ПГ №164"
      },
      "geometry": {
        "type": "Point",
        "coordinates": [
          30.103489,
          49.803646
        ]
      }
    },
    {
      "type": "Feature",
      "properties": {
        "name": "ПГ №165"
      },
      "geometry": {
        "type": "Point",
        "coordinates": [
          30.104025,
          49.8035
        ]
      }
    },
    {
      "type": "Feature",
      "properties": {
        "name": "ПГ №166"
      },
      "geometry": {
        "type": "Point",
        "coordinates": [
          30.10204,
          49.801021
        ]
      }
    },
    {
      "type": "Feature",
      "properties": {
        "name": "ПГ №167"
      },
      "geometry": {
        "type": "Point",
        "coordinates": [
          30.122618,
          49.802998
        ]
      }
    },
    {
      "type": "Feature",
      "properties": {
        "name": "ПГ №168"
      },
      "geometry": {
        "type": "Point",
        "coordinates": [
          30.121594,
          49.803805
        ]
      }
    },
    {
      "type": "Feature",
      "properties": {
        "name": "ПГ №169"
      },
      "geometry": {
        "type": "Point",
        "coordinates": [
          30.118456,
          49.804679
        ]
      }
    },
    {
      "type": "Feature",
      "properties": {
        "name": "ПГ №171"
      },
      "geometry": {
        "type": "Point",
        "coordinates": [
          30.115162,
          49.806644
        ]
      }
    },
    {
      "type": "Feature",
      "properties": {
        "name": "ПГ №172"
      },
      "geometry": {
        "type": "Point",
        "coordinates": [
          30.113992,
          49.807288
        ]
      }
    },
    {
      "type": "Feature",
      "properties": {
        "name": "ПГ №173"
      },
      "geometry": {
        "type": "Point",
        "coordinates": [
          30.110645,
          49.807454
        ]
      }
    },
    {
      "type": "Feature",
      "properties": {
        "name": "ПГ №174"
      },
      "geometry": {
        "type": "Point",
        "coordinates": [
          30.112887,
          49.807873
        ]
      }
    },
    {
      "type": "Feature",
      "properties": {
        "name": "ПГ №175"
      },
      "geometry": {
        "type": "Point",
        "coordinates": [
          30.111787,
          49.808434
        ]
      }
    },
    {
      "type": "Feature",
      "properties": {
        "name": "ПГ №176"
      },
      "geometry": {
        "type": "Point",
        "coordinates": [
          30.110559,
          49.809098
        ]
      }
    },
    {
      "type": "Feature",
      "properties": {
        "name": "ПГ №177"
      },
      "geometry": {
        "type": "Point",
        "coordinates": [
          30.109116,
          49.809261
        ]
      }
    },
    {
      "type": "Feature",
      "properties": {
        "name": "ПГ №178"
      },
      "geometry": {
        "type": "Point",
        "coordinates": [
          30.108864,
          49.809988
        ]
      }
    },
    {
      "type": "Feature",
      "properties": {
        "name": "ПГ №179"
      },
      "geometry": {
        "type": "Point",
        "coordinates": [
          30.110892,
          49.793805
        ]
      }
    },
    {
      "type": "Feature",
      "properties": {
        "name": "ПГ №180"
      },
      "geometry": {
        "type": "Point",
        "coordinates": [
          30.109851,
          49.792423
        ]
      }
    },
    {
      "type": "Feature",
      "properties": {
        "name": "ПГ №181"
      },
      "geometry": {
        "type": "Point",
        "coordinates": [
          30.109717,
          49.79883
        ]
      }
    },
    {
      "type": "Feature",
      "properties": {
        "name": "ПГ №182"
      },
      "geometry": {
        "type": "Point",
        "coordinates": [
          30.109701,
          49.799124
        ]
      }
    },
    {
      "type": "Feature",
      "properties": {
        "name": "ПГ №183"
      },
      "geometry": {
        "type": "Point",
        "coordinates": [
          30.109706,
          49.797174
        ]
      }
    },
    {
      "type": "Feature",
      "properties": {
        "name": "ПГ №184"
      },
      "geometry": {
        "type": "Point",
        "coordinates": [
          30.106026,
          49.804283
        ]
      }
    },
    {
      "type": "Feature",
      "properties": {
        "name": "ПГ №185"
      },
      "geometry": {
        "type": "Point",
        "coordinates": [
          30.104937,
          49.805945
        ]
      }
    },
    {
      "type": "Feature",
      "properties": {
        "name": "ПГ №186"
      },
      "geometry": {
        "type": "Point",
        "coordinates": [
          30.10365,
          49.807246
        ]
      }
    },
    {
      "type": "Feature",
      "properties": {
        "name": "ПГ №187"
      },
      "geometry": {
        "type": "Point",
        "coordinates": [
          30.103596,
          49.805782
        ]
      }
    },
    {
      "type": "Feature",
      "properties": {
        "name": "ПГ №188"
      },
      "geometry": {
        "type": "Point",
        "coordinates": [
          30.109094,
          49.8009
        ]
      }
    },
    {
      "type": "Feature",
      "properties": {
        "name": "ПГ №189"
      },
      "geometry": {
        "type": "Point",
        "coordinates": [
          30.107238,
          49.803376
        ]
      }
    },
    {
      "type": "Feature",
      "properties": {
        "name": "ПГ №190"
      },
      "geometry": {
        "type": "Point",
        "coordinates": [
          30.102035,
          49.807167
        ]
      }
    },
    {
      "type": "Feature",
      "properties": {
        "name": "ПГ №191"
      },
      "geometry": {
        "type": "Point",
        "coordinates": [
          30.098445,
          49.808525
        ]
      }
    },
    {
      "type": "Feature",
      "properties": {
        "name": "ПГ №192"
      },
      "geometry": {
        "type": "Point",
        "coordinates": [
          30.095866,
          49.808662
        ]
      }
    },
    {
      "type": "Feature",
      "properties": {
        "name": "ПГ №193"
      },
      "geometry": {
        "type": "Point",
        "coordinates": [
          30.09549,
          49.807921
        ]
      }
    },
    {
      "type": "Feature",
      "properties": {
        "name": "ПГ №194"
      },
      "geometry": {
        "type": "Point",
        "coordinates": [
          30.096644,
          49.809209
        ]
      }
    },
    {
      "type": "Feature",
      "properties": {
        "name": "ПГ №195"
      },
      "geometry": {
        "type": "Point",
        "coordinates": [
          30.095125,
          49.808916
        ]
      }
    },
    {
      "type": "Feature",
      "properties": {
        "name": "ПГ №196"
      },
      "geometry": {
        "type": "Point",
        "coordinates": [
          30.09438,
          49.810088
        ]
      }
    },
    {
      "type": "Feature",
      "properties": {
        "name": "ПГ №197"
      },
      "geometry": {
        "type": "Point",
        "coordinates": [
          30.090136,
          49.810753
        ]
      }
    },
    {
      "type": "Feature",
      "properties": {
        "name": "ПГ №198"
      },
      "geometry": {
        "type": "Point",
        "coordinates": [
          30.091692,
          49.810982
        ]
      }
    },
    {
      "type": "Feature",
      "properties": {
        "name": "ПГ №199"
      },
      "geometry": {
        "type": "Point",
        "coordinates": [
          30.088629,
          49.811854
        ]
      }
    },
    {
      "type": "Feature",
      "properties": {
        "name": "ПГ №200"
      },
      "geometry": {
        "type": "Point",
        "coordinates": [
          30.089139,
          49.812377
        ]
      }
    },
    {
      "type": "Feature",
      "properties": {
        "name": "ПГ №201"
      },
      "geometry": {
        "type": "Point",
        "coordinates": [
          30.086794,
          49.81192
        ]
      }
    },
    {
      "type": "Feature",
      "properties": {
        "name": "ПГ №202"
      },
      "geometry": {
        "type": "Point",
        "coordinates": [
          30.084536,
          49.812519
        ]
      }
    },
    {
      "type": "Feature",
      "properties": {
        "name": "ПГ №203"
      },
      "geometry": {
        "type": "Point",
        "coordinates": [
          30.084616,
          49.812605
        ]
      }
    },
    {
      "type": "Feature",
      "properties": {
        "name": "ПГ №204"
      },
      "geometry": {
        "type": "Point",
        "coordinates": [
          30.083318,
          49.813536
        ]
      }
    },
    {
      "type": "Feature",
      "properties": {
        "name": "ПГ №205"
      },
      "geometry": {
        "type": "Point",
        "coordinates": [
          30.083447,
          49.813827
        ]
      }
    },
    {
      "type": "Feature",
      "properties": {
        "name": "ПГ №206"
      },
      "geometry": {
        "type": "Point",
        "coordinates": [
          30.081795,
          49.81292
        ]
      }
    },
    {
      "type": "Feature",
      "properties": {
        "name": "ПГ №207"
      },
      "geometry": {
        "type": "Point",
        "coordinates": [
          30.080631,
          49.814378
        ]
      }
    },
    {
      "type": "Feature",
      "properties": {
        "name": "ПГ №208"
      },
      "geometry": {
        "type": "Point",
        "coordinates": [
          30.080776,
          49.814675
        ]
      }
    },
    {
      "type": "Feature",
      "properties": {
        "name": "ПГ №209"
      },
      "geometry": {
        "type": "Point",
        "coordinates": [
          30.074633,
          49.816357
        ]
      }
    },
    {
      "type": "Feature",
      "properties": {
        "name": "ПГ №210"
      },
      "geometry": {
        "type": "Point",
        "coordinates": [
          30.078818,
          49.813208
        ]
      }
    },
    {
      "type": "Feature",
      "properties": {
        "name": "ПГ №211"
      },
      "geometry": {
        "type": "Point",
        "coordinates": [
          30.084949,
          49.813602
        ]
      }
    },
    {
      "type": "Feature",
      "properties": {
        "name": "ПГ №212"
      },
      "geometry": {
        "type": "Point",
        "coordinates": [
          30.122763,
          49.812581
        ]
      }
    },
    {
      "type": "Feature",
      "properties": {
        "name": "ПГ №213"
      },
      "geometry": {
        "type": "Point",
        "coordinates": [
          30.121905,
          49.81283
        ]
      }
    },
    {
      "type": "Feature",
      "properties": {
        "name": "ПГ №214"
      },
      "geometry": {
        "type": "Point",
        "coordinates": [
          30.120655,
          49.813284
        ]
      }
    },
    {
      "type": "Feature",
      "properties": {
        "name": "ПГ №215"
      },
      "geometry": {
        "type": "Point",
        "coordinates": [
          30.119845,
          49.813592
        ]
      }
    },
    {
      "type": "Feature",
      "properties": {
        "name": "ПГ №216"
      },
      "geometry": {
        "type": "Point",
        "coordinates": [
          30.116932,
          49.814648
        ]
      }
    },
    {
      "type": "Feature",
      "properties": {
        "name": "ПГ №217"
      },
      "geometry": {
        "type": "Point",
        "coordinates": [
          30.118375,
          49.814114
        ]
      }
    },
    {
      "type": "Feature",
      "properties": {
        "name": "ПГ №218"
      },
      "geometry": {
        "type": "Point",
        "coordinates": [
          30.115827,
          49.815046
        ]
      }
    },
    {
      "type": "Feature",
      "properties": {
        "name": "ПГ №219"
      },
      "geometry": {
        "type": "Point",
        "coordinates": [
          30.114083,
          49.815686
        ]
      }
    },
    {
      "type": "Feature",
      "properties": {
        "name": "ПГ №220"
      },
      "geometry": {
        "type": "Point",
        "coordinates": [
          30.113702,
          49.815838
        ]
      }
    },
    {
      "type": "Feature",
      "properties": {
        "name": "ПГ №221"
      },
      "geometry": {
        "type": "Point",
        "coordinates": [
          30.113424,
          49.815939
        ]
      }
    },
    {
      "type": "Feature",
      "properties": {
        "name": "ПГ №222"
      },
      "geometry": {
        "type": "Point",
        "coordinates": [
          30.112388,
          49.816285
        ]
      }
    },
    {
      "type": "Feature",
      "properties": {
        "name": "ПГ №223"
      },
      "geometry": {
        "type": "Point",
        "coordinates": [
          30.111095,
          49.816766
        ]
      }
    },
    {
      "type": "Feature",
      "properties": {
        "name": "ПГ №224"
      },
      "geometry": {
        "type": "Point",
        "coordinates": [
          30.109953,
          49.817192
        ]
      }
    },
    {
      "type": "Feature",
      "properties": {
        "name": "ПГ №225"
      },
      "geometry": {
        "type": "Point",
        "coordinates": [
          30.108671,
          49.817642
        ]
      }
    },
    {
      "type": "Feature",
      "properties": {
        "name": "ПГ №226"
      },
      "geometry": {
        "type": "Point",
        "coordinates": [
          30.106369,
          49.818469
        ]
      }
    },
    {
      "type": "Feature",
      "properties": {
        "name": "ПГ №227"
      },
      "geometry": {
        "type": "Point",
        "coordinates": [
          30.107437,
          49.811788
        ]
      }
    },
    {
      "type": "Feature",
      "properties": {
        "name": "ПГ №228"
      },
      "geometry": {
        "type": "Point",
        "coordinates": [
          30.123278,
          49.80447
        ]
      }
    },
    {
      "type": "Feature",
      "properties": {
        "name": "ПГ №229"
      },
      "geometry": {
        "type": "Point",
        "coordinates": [
          30.117377,
          49.807305
        ]
      }
    },
    {
      "type": "Feature",
      "properties": {
        "name": "ПГ №230"
      },
      "geometry": {
        "type": "Point",
        "coordinates": [
          30.104787,
          49.812692
        ]
      }
    },
    {
      "type": "Feature",
      "properties": {
        "name": "ПГ №231"
      },
      "geometry": {
        "type": "Point",
        "coordinates": [
          30.114169,
          49.801385
        ]
      }
    },
    {
      "type": "Feature",
      "properties": {
        "name": "ПГ №232"
      },
      "geometry": {
        "type": "Point",
        "coordinates": [
          30.113193,
          49.802119
        ]
      }
    },
    {
      "type": "Feature",
      "properties": {
        "name": "ПГ №233"
      },
      "geometry": {
        "type": "Point",
        "coordinates": [
          30.112184,
          49.802766
        ]
      }
    },
    {
      "type": "Feature",
      "properties": {
        "name": "ПГ №234"
      },
      "geometry": {
        "type": "Point",
        "coordinates": [
          30.111186,
          49.803434
        ]
      }
    },
    {
      "type": "Feature",
      "properties": {
        "name": "ПГ №235"
      },
      "geometry": {
        "type": "Point",
        "coordinates": [
          30.110162,
          49.804158
        ]
      }
    },
    {
      "type": "Feature",
      "properties": {
        "name": "ПГ №236"
      },
      "geometry": {
        "type": "Point",
        "coordinates": [
          30.106955,
          49.806365
        ]
      }
    },
    {
      "type": "Feature",
      "properties": {
        "name": "ПГ №237"
      },
      "geometry": {
        "type": "Point",
        "coordinates": [
          30.108064,
          49.805595
        ]
      }
    },
    {
      "type": "Feature",
      "properties": {
        "name": "ПГ №238"
      },
      "geometry": {
        "type": "Point",
        "coordinates": [
          30.107528,
          49.805983
        ]
      }
    },
    {
      "type": "Feature",
      "properties": {
        "name": "ПГ №239"
      },
      "geometry": {
        "type": "Point",
        "coordinates": [
          30.098977,
          49.807537
        ]
      }
    },
    {
      "type": "Feature",
      "properties": {
        "name": "ПГ №240"
      },
      "geometry": {
        "type": "Point",
        "coordinates": [
          30.098516,
          49.806921
        ]
      }
    },
    {
      "type": "Feature",
      "properties": {
        "name": "ПГ №241"
      },
      "geometry": {
        "type": "Point",
        "coordinates": [
          30.097926,
          49.806388
        ]
      }
    },
    {
      "type": "Feature",
      "properties": {
        "name": "ПГ №242"
      },
      "geometry": {
        "type": "Point",
        "coordinates": [
          30.118407,
          49.799529
        ]
      }
    },
    {
      "type": "Feature",
      "properties": {
        "name": "ПГ №243"
      },
      "geometry": {
        "type": "Point",
        "coordinates": [
          30.117828,
          49.799148
        ]
      }
    },
    {
      "type": "Feature",
      "properties": {
        "name": "ПГ №244"
      },
      "geometry": {
        "type": "Point",
        "coordinates": [
          30.105484,
          49.821743
        ]
      }
    },
    {
      "type": "Feature",
      "properties": {
        "name": "ПГ №245"
      },
      "geometry": {
        "type": "Point",
        "coordinates": [
          30.10337,
          49.82212
        ]
      }
    },
    {
      "type": "Feature",
      "properties": {
        "name": "ПГ №246"
      },
      "geometry": {
        "type": "Point",
        "coordinates": [
          30.101482,
          49.822452
        ]
      }
    },
    {
      "type": "Feature",
      "properties": {
        "name": "ПГ №247"
      },
      "geometry": {
        "type": "Point",
        "coordinates": [
          30.078624,
          49.812044
        ]
      }
    },
    {
      "type": "Feature",
      "properties": {
        "name": "ПГ №248"
      },
      "geometry": {
        "type": "Point",
        "coordinates": [
          30.078818,
          49.811338
        ]
      }
    },
    {
      "type": "Feature",
      "properties": {
        "name": "ПГ №249"
      },
      "geometry": {
        "type": "Point",
        "coordinates": [
          30.07621,
          49.81912
        ]
      }
    },
    {
      "type": "Feature",
      "properties": {
        "name": "ПГ №250"
      },
      "geometry": {
        "type": "Point",
        "coordinates": [
          30.075347,
          49.819722
        ]
      }
    },
    {
      "type": "Feature",
      "properties": {
        "name": "ПГ №251"
      },
      "geometry": {
        "type": "Point",
        "coordinates": [
          30.074408,
          49.82039
        ]
      }
    },
    {
      "type": "Feature",
      "properties": {
        "name": "ПГ №252"
      },
      "geometry": {
        "type": "Point",
        "coordinates": [
          30.071565,
          49.821791
        ]
      }
    },
    {
      "type": "Feature",
      "properties": {
        "name": "ПГ №253"
      },
      "geometry": {
        "type": "Point",
        "coordinates": [
          30.071833,
          49.82157
        ]
      }
    },
    {
      "type": "Feature",
      "properties": {
        "name": "ПГ №254"
      },
      "geometry": {
        "type": "Point",
        "coordinates": [
          30.073308,
          49.821165
        ]
      }
    },
    {
      "type": "Feature",
      "properties": {
        "name": "ПГ №255"
      },
      "geometry": {
        "type": "Point",
        "coordinates": [
          30.07238,
          49.821854
        ]
      }
    },
    {
      "type": "Feature",
      "properties": {
        "name": "ПГ №256"
      },
      "geometry": {
        "type": "Point",
        "coordinates": [
          30.070605,
          49.823003
        ]
      }
    },
    {
      "type": "Feature",
      "properties": {
        "name": "ПГ №257"
      },
      "geometry": {
        "type": "Point",
        "coordinates": [
          30.068014,
          49.824899
        ]
      }
    },
    {
      "type": "Feature",
      "properties": {
        "name": "ПГ №258"
      },
      "geometry": {
        "type": "Point",
        "coordinates": [
          30.06067,
          49.831927
        ]
      }
    },
    {
      "type": "Feature",
      "properties": {
        "name": "ПГ №259"
      },
      "geometry": {
        "type": "Point",
        "coordinates": [
          30.060155,
          49.83191
        ]
      }
    },
    {
      "type": "Feature",
      "properties": {
        "name": "ПГ №261"
      },
      "geometry": {
        "type": "Point",
        "coordinates": [
          30.090598,
          49.820992
        ]
      }
    },
    {
      "type": "Feature",
      "properties": {
        "name": "ПГ №262"
      },
      "geometry": {
        "type": "Point",
        "coordinates": [
          30.088844,
          49.821054
        ]
      }
    },
    {
      "type": "Feature",
      "properties": {
        "name": "ПГ №264"
      },
      "geometry": {
        "type": "Point",
        "coordinates": [
          30.119662,
          49.809424
        ]
      }
    },
    {
      "type": "Feature",
      "properties": {
        "name": "ПГ №265"
      },
      "geometry": {
        "type": "Point",
        "coordinates": [
          30.120059,
          49.809272
        ]
      }
    },
    {
      "type": "Feature",
      "properties": {
        "name": "ПГ №266"
      },
      "geometry": {
        "type": "Point",
        "coordinates": [
          30.084225,
          49.818542
        ]
      }
    },
    {
      "type": "Feature",
      "properties": {
        "name": "ПГ №267"
      },
      "geometry": {
        "type": "Point",
        "coordinates": [
          30.08099,
          49.818161
        ]
      }
    },
    {
      "type": "Feature",
      "properties": {
        "name": "ПГ №268"
      },
      "geometry": {
        "type": "Point",
        "coordinates": [
          30.07547,
          49.816901
        ]
      }
    },
    {
      "type": "Feature",
      "properties": {
        "name": "ПГ №269"
      },
      "geometry": {
        "type": "Point",
        "coordinates": [
          30.07702,
          49.817285
        ]
      }
    },
    {
      "type": "Feature",
      "properties": {
        "name": "ПГ №270"
      },
      "geometry": {
        "type": "Point",
        "coordinates": [
          30.072675,
          49.817015
        ]
      }
    },
    {
      "type": "Feature",
      "properties": {
        "name": "ПГ №271"
      },
      "geometry": {
        "type": "Point",
        "coordinates": [
          30.05008,
          49.815077
        ]
      }
    },
    {
      "type": "Feature",
      "properties": {
        "name": "Пг №272"
      },
      "geometry": {
        "type": "Point",
        "coordinates": [
          30.07031,
          49.818002
        ]
      }
    },
    {
      "type": "Feature",
      "properties": {
        "name": "ПГ №273"
      },
      "geometry": {
        "type": "Point",
        "coordinates": [
          30.067982,
          49.817808
        ]
      }
    },
    {
      "type": "Feature",
      "properties": {
        "name": "ПГ №274"
      },
      "geometry": {
        "type": "Point",
        "coordinates": [
          30.064602,
          49.820324
        ]
      }
    },
    {
      "type": "Feature",
      "properties": {
        "name": "ПГ №275"
      },
      "geometry": {
        "type": "Point",
        "coordinates": [
          30.064983,
          49.818393
        ]
      }
    },
    {
      "type": "Feature",
      "properties": {
        "name": "ПГ №276"
      },
      "geometry": {
        "type": "Point",
        "coordinates": [
          30.064854,
          49.819393
        ]
      }
    },
    {
      "type": "Feature",
      "properties": {
        "name": "ПГ №277"
      },
      "geometry": {
        "type": "Point",
        "coordinates": [
          30.064382,
          49.821996
        ]
      }
    },
    {
      "type": "Feature",
      "properties": {
        "name": "ПГ №279"
      },
      "geometry": {
        "type": "Point",
        "coordinates": [
          30.054973,
          49.821514
        ]
      }
    },
    {
      "type": "Feature",
      "properties": {
        "name": "ПГ №280"
      },
      "geometry": {
        "type": "Point",
        "coordinates": [
          30.087358,
          49.810784
        ]
      }
    },
    {
      "type": "Feature",
      "properties": {
        "name": "ПГ №281"
      },
      "geometry": {
        "type": "Point",
        "coordinates": [
          30.086848,
          49.810241
        ]
      }
    },
    {
      "type": "Feature",
      "properties": {
        "name": "ПГ №282"
      },
      "geometry": {
        "type": "Point",
        "coordinates": [
          30.082068,
          49.808593
        ]
      }
    },
    {
      "type": "Feature",
      "properties": {
        "name": "ПГ №283"
      },
      "geometry": {
        "type": "Point",
        "coordinates": [
          30.085368,
          49.8095
        ]
      }
    },
    {
      "type": "Feature",
      "properties": {
        "name": "ПГ №284"
      },
      "geometry": {
        "type": "Point",
        "coordinates": [
          30.08474,
          49.808472
        ]
      }
    },
    {
      "type": "Feature",
      "properties": {
        "name": "ПГ №285"
      },
      "geometry": {
        "type": "Point",
        "coordinates": [
          30.083104,
          49.80932
        ]
      }
    },
    {
      "type": "Feature",
      "properties": {
        "name": "ПГ №286"
      },
      "geometry": {
        "type": "Point",
        "coordinates": [
          30.082862,
          49.808863
        ]
      }
    },
    {
      "type": "Feature",
      "properties": {
        "name": "ПГ №287"
      },
      "geometry": {
        "type": "Point",
        "coordinates": [
          30.086113,
          49.813263
        ]
      }
    },
    {
      "type": "Feature",
      "properties": {
        "name": "ПГ №288"
      },
      "geometry": {
        "type": "Point",
        "coordinates": [
          30.086521,
          49.813945
        ]
      }
    },
    {
      "type": "Feature",
      "properties": {
        "name": "ПГ №289"
      },
      "geometry": {
        "type": "Point",
        "coordinates": [
          30.108907,
          49.825353
        ]
      }
    },
    {
      "type": "Feature",
      "properties": {
        "name": "ПГ №290"
      },
      "geometry": {
        "type": "Point",
        "coordinates": [
          30.109802,
          49.825135
        ]
      }
    },
    {
      "type": "Feature",
      "properties": {
        "name": "ПГ №291"
      },
      "geometry": {
        "type": "Point",
        "coordinates": [
          30.112613,
          49.824629
        ]
      }
    },
    {
      "type": "Feature",
      "properties": {
        "name": "ПГ №292"
      },
      "geometry": {
        "type": "Point",
        "coordinates": [
          30.112951,
          49.824681
        ]
      }
    },
    {
      "type": "Feature",
      "properties": {
        "name": "ПГ №293"
      },
      "geometry": {
        "type": "Point",
        "coordinates": [
          30.117409,
          49.823858
        ]
      }
    },
    {
      "type": "Feature",
      "properties": {
        "name": "ПГ №294"
      },
      "geometry": {
        "type": "Point",
        "coordinates": [
          30.11896,
          49.823646
        ]
      }
    },
    {
      "type": "Feature",
      "properties": {
        "name": "ПГ №295"
      },
      "geometry": {
        "type": "Point",
        "coordinates": [
          30.128031,
          49.821996
        ]
      }
    },
    {
      "type": "Feature",
      "properties": {
        "name": "ПГ №296"
      },
      "geometry": {
        "type": "Point",
        "coordinates": [
          30.134302,
          49.819497
        ]
      }
    },
    {
      "type": "Feature",
      "properties": {
        "name": "ПГ №297"
      },
      "geometry": {
        "type": "Point",
        "coordinates": [
          30.13692,
          49.818053
        ]
      }
    },
    {
      "type": "Feature",
      "properties": {
        "name": "ПГ №298"
      },
      "geometry": {
        "type": "Point",
        "coordinates": [
          30.105919,
          49.818119
        ]
      }
    },
    {
      "type": "Feature",
      "properties": {
        "name": "ПГ №299"
      },
      "geometry": {
        "type": "Point",
        "coordinates": [
          30.106342,
          49.819331
        ]
      }
    },
    {
      "type": "Feature",
      "properties": {
        "name": "ПГ №300"
      },
      "geometry": {
        "type": "Point",
        "coordinates": [
          30.106906,
          49.820687
        ]
      }
    },
    {
      "type": "Feature",
      "properties": {
        "name": "ПГ №301"
      },
      "geometry": {
        "type": "Point",
        "coordinates": [
          30.107769,
          49.822729
        ]
      }
    },
    {
      "type": "Feature",
      "properties": {
        "name": "ПГ №302"
      },
      "geometry": {
        "type": "Point",
        "coordinates": [
          30.108596,
          49.824176
        ]
      }
    },
    {
      "type": "Feature",
      "properties": {
        "name": "ПГ №303"
      },
      "geometry": {
        "type": "Point",
        "coordinates": [
          30.115982,
          49.795862
        ]
      }
    },
    {
      "type": "Feature",
      "properties": {
        "name": "ПГ №304"
      },
      "geometry": {
        "type": "Point",
        "coordinates": [
          30.1147,
          49.79644
        ]
      }
    },
    {
      "type": "Feature",
      "properties": {
        "name": "ПГ №305"
      },
      "geometry": {
        "type": "Point",
        "coordinates": [
          30.114019,
          49.797077
        ]
      }
    },
    {
      "type": "Feature",
      "properties": {
        "name": "ПГ №306"
      },
      "geometry": {
        "type": "Point",
        "coordinates": [
          30.116122,
          49.796513
        ]
      }
    },
    {
      "type": "Feature",
      "properties": {
        "name": "ПГ №307"
      },
      "geometry": {
        "type": "Point",
        "coordinates": [
          30.069188,
          49.819275
        ]
      }
    },
    {
      "type": "Feature",
      "properties": {
        "name": "ПГ №308"
      },
      "geometry": {
        "type": "Point",
        "coordinates": [
          30.069065,
          49.81958
        ]
      }
    },
    {
      "type": "Feature",
      "properties": {
        "name": "ПГ №309"
      },
      "geometry": {
        "type": "Point",
        "coordinates": [
          30.068893,
          49.820064
        ]
      }
    },
    {
      "type": "Feature",
      "properties": {
        "name": "ПГ №310"
      },
      "geometry": {
        "type": "Point",
        "coordinates": [
          30.068679,
          49.820563
        ]
      }
    },
    {
      "type": "Feature",
      "properties": {
        "name": "ПГ №311"
      },
      "geometry": {
        "type": "Point",
        "coordinates": [
          30.06774,
          49.820113
        ]
      }
    },
    {
      "type": "Feature",
      "properties": {
        "name": "ПГ №312"
      },
      "geometry": {
        "type": "Point",
        "coordinates": [
          30.06914,
          49.820936
        ]
      }
    },
    {
      "type": "Feature",
      "properties": {
        "name": "ПГ №313"
      },
      "geometry": {
        "type": "Point",
        "coordinates": [
          30.068486,
          49.821324
        ]
      }
    },
    {
      "type": "Feature",
      "properties": {
        "name": "ПГ №314"
      },
      "geometry": {
        "type": "Point",
        "coordinates": [
          30.068046,
          49.822612
        ]
      }
    },
    {
      "type": "Feature",
      "properties": {
        "name": "ПГ №315"
      },
      "geometry": {
        "type": "Point",
        "coordinates": [
          30.068775,
          49.822733
        ]
      }
    },
    {
      "type": "Feature",
      "properties": {
        "name": "ПГ №316"
      },
      "geometry": {
        "type": "Point",
        "coordinates": [
          30.067386,
          49.822591
        ]
      }
    },
    {
      "type": "Feature",
      "properties": {
        "name": "ПГ №317"
      },
      "geometry": {
        "type": "Point",
        "coordinates": [
          30.109159,
          49.818254
        ]
      }
    },
    {
      "type": "Feature",
      "properties": {
        "name": "ПГ №318"
      },
      "geometry": {
        "type": "Point",
        "coordinates": [
          30.108451,
          49.818531
        ]
      }
    },
    {
      "type": "Feature",
      "properties": {
        "name": "ПГ №319"
      },
      "geometry": {
        "type": "Point",
        "coordinates": [
          30.115939,
          49.799889
        ]
      }
    },
    {
      "type": "Feature",
      "properties": {
        "name": "ПГ №320"
      },
      "geometry": {
        "type": "Point",
        "coordinates": [
          30.117377,
          49.798868
        ]
      }
    },
    {
      "type": "Feature",
      "properties": {
        "name": "ПГ №321"
      },
      "geometry": {
        "type": "Point",
        "coordinates": [
          30.115446,
          49.800301
        ]
      }
    },
    {
      "type": "Feature",
      "properties": {
        "name": "ПГ №322"
      },
      "geometry": {
        "type": "Point",
        "coordinates": [
          30.115097,
          49.800599
        ]
      }
    },
    {
      "type": "Feature",
      "properties": {
        "name": "ПГ №323"
      },
      "geometry": {
        "type": "Point",
        "coordinates": [
          30.114748,
          49.80089
        ]
      }
    },
    {
      "type": "Feature",
      "properties": {
        "name": "ПГ №324"
      },
      "geometry": {
        "type": "Point",
        "coordinates": [
          30.101734,
          49.808991
        ]
      }
    },
    {
      "type": "Feature",
      "properties": {
        "name": "ПГ №325"
      },
      "geometry": {
        "type": "Point",
        "coordinates": [
          30.101075,
          49.808676
        ]
      }
    },
    {
      "type": "Feature",
      "properties": {
        "name": "ПГ №326"
      },
      "geometry": {
        "type": "Point",
        "coordinates": [
          30.098843,
          49.814596
        ]
      }
    },
    {
      "type": "Feature",
      "properties": {
        "name": "ПГ №327"
      },
      "geometry": {
        "type": "Point",
        "coordinates": [
          30.100517,
          49.811906
        ]
      }
    },
    {
      "type": "Feature",
      "properties": {
        "name": "ПГ №328"
      },
      "geometry": {
        "type": "Point",
        "coordinates": [
          30.097743,
          49.816364
        ]
      }
    },
    {
      "type": "Feature",
      "properties": {
        "name": "ПГ №329"
      },
      "geometry": {
        "type": "Point",
        "coordinates": [
          30.096499,
          49.818427
        ]
      }
    },
    {
      "type": "Feature",
      "properties": {
        "name": "ПГ №330"
      },
      "geometry": {
        "type": "Point",
        "coordinates": [
          30.117694,
          49.8159
        ]
      }
    },
    {
      "type": "Feature",
      "properties": {
        "name": "ПГ №331"
      },
      "geometry": {
        "type": "Point",
        "coordinates": [
          30.116299,
          49.816406
        ]
      }
    },
    {
      "type": "Feature",
      "properties": {
        "name": "ПГ №332"
      },
      "geometry": {
        "type": "Point",
        "coordinates": [
          30.11499,
          49.81689
        ]
      }
    },
    {
      "type": "Feature",
      "properties": {
        "name": "ПГ №333"
      },
      "geometry": {
        "type": "Point",
        "coordinates": [
          30.113477,
          49.817427
        ]
      }
    },
    {
      "type": "Feature",
      "properties": {
        "name": "ПГ №334"
      },
      "geometry": {
        "type": "Point",
        "coordinates": [
          30.112114,
          49.817956
        ]
      }
    },
    {
      "type": "Feature",
      "properties": {
        "name": "ПГ №335"
      },
      "geometry": {
        "type": "Point",
        "coordinates": [
          30.111246,
          49.818316
        ]
      }
    },
    {
      "type": "Feature",
      "properties": {
        "name": "ПГ №336"
      },
      "geometry": {
        "type": "Point",
        "coordinates": [
          30.110822,
          49.818486
        ]
      }
    },
    {
      "type": "Feature",
      "properties": {
        "name": "ПГ №337"
      },
      "geometry": {
        "type": "Point",
        "coordinates": [
          30.108612,
          49.820016
        ]
      }
    },
    {
      "type": "Feature",
      "properties": {
        "name": "ПГ №338"
      },
      "geometry": {
        "type": "Point",
        "coordinates": [
          30.126218,
          49.812979
        ]
      }
    },
    {
      "type": "Feature",
      "properties": {
        "name": "ПГ №339"
      },
      "geometry": {
        "type": "Point",
        "coordinates": [
          30.124823,
          49.815745
        ]
      }
    },
    {
      "type": "Feature",
      "properties": {
        "name": "ПГ №340"
      },
      "geometry": {
        "type": "Point",
        "coordinates": [
          30.082803,
          49.810784
        ]
      }
    },
    {
      "type": "Feature",
      "properties": {
        "name": "ПГ №341"
      },
      "geometry": {
        "type": "Point",
        "coordinates": [
          30.099712,
          49.813076
        ]
      }
    },
    {
      "type": "Feature",
      "properties": {
        "name": "ПГ №342"
      },
      "geometry": {
        "type": "Point",
        "coordinates": [
          30.096268,
          49.813702
        ]
      }
    },
    {
      "type": "Feature",
      "properties": {
        "name": "ПГ №343"
      },
      "geometry": {
        "type": "Point",
        "coordinates": [
          30.091955,
          49.814814
        ]
      }
    },
    {
      "type": "Feature",
      "properties": {
        "name": "ПГ №344"
      },
      "geometry": {
        "type": "Point",
        "coordinates": [
          30.090914,
          49.814474
        ]
      }
    },
    {
      "type": "Feature",
      "properties": {
        "name": "ПГ №345"
      },
      "geometry": {
        "type": "Point",
        "coordinates": [
          30.09063,
          49.815156
        ]
      }
    },
    {
      "type": "Feature",
      "properties": {
        "name": "ПГ №346"
      },
      "geometry": {
        "type": "Point",
        "coordinates": [
          30.08731,
          49.815454
        ]
      }
    },
    {
      "type": "Feature",
      "properties": {
        "name": "ПГ №347"
      },
      "geometry": {
        "type": "Point",
        "coordinates": [
          30.085507,
          49.815734
        ]
      }
    },
    {
      "type": "Feature",
      "properties": {
        "name": "ПГ №348"
      },
      "geometry": {
        "type": "Point",
        "coordinates": [
          30.086328,
          49.816309
        ]
      }
    },
    {
      "type": "Feature",
      "properties": {
        "name": "ПГ №349"
      },
      "geometry": {
        "type": "Point",
        "coordinates": [
          30.083136,
          49.81652
        ]
      }
    },
    {
      "type": "Feature",
      "properties": {
        "name": "ПГ №350"
      },
      "geometry": {
        "type": "Point",
        "coordinates": [
          30.082836,
          49.817264
        ]
      }
    },
    {
      "type": "Feature",
      "properties": {
        "name": "ПГ №351"
      },
      "geometry": {
        "type": "Point",
        "coordinates": [
          30.084204,
          49.816897
        ]
      }
    },
    {
      "type": "Feature",
      "properties": {
        "name": "ПГ №352"
      },
      "geometry": {
        "type": "Point",
        "coordinates": [
          30.120467,
          49.823352
        ]
      }
    },
    {
      "type": "Feature",
      "properties": {
        "name": "ПГ №353"
      },
      "geometry": {
        "type": "Point",
        "coordinates": [
          30.098725,
          49.804695
        ]
      }
    },
    {
      "type": "Feature",
      "properties": {
        "name": "ПГ №354"
      },
      "geometry": {
        "type": "Point",
        "coordinates": [
          30.101535,
          49.806977
        ]
      }
    },
    {
      "type": "Feature",
      "properties": {
        "name": "ПГ №355"
      },
      "geometry": {
        "type": "Point",
        "coordinates": [
          30.109706,
          49.799903
        ]
      }
    },
    {
      "type": "Feature",
      "properties": {
        "name": "ПГ №356"
      },
      "geometry": {
        "type": "Point",
        "coordinates": [
          30.1102,
          49.797316
        ]
      }
    },
    {
      "type": "Feature",
      "properties": {
        "name": "ПГ №357"
      },
      "geometry": {
        "type": "Point",
        "coordinates": [
          30.106144,
          49.795228
        ]
      }
    },
    {
      "type": "Feature",
      "properties": {
        "name": "ПГ №358"
      },
      "geometry": {
        "type": "Point",
        "coordinates": [
          30.104674,
          49.820445
        ]
      }
    },
    {
      "type": "Feature",
      "properties": {
        "name": "ПГ №359"
      },
      "geometry": {
        "type": "Point",
        "coordinates": [
          30.085255,
          49.808385
        ]
      }
    },
    {
      "type": "Feature",
      "properties": {
        "name": "ПГ №361"
      },
      "geometry": {
        "type": "Point",
        "coordinates": [
          30.101456,
          49.815648
        ]
      }
    },
    {
      "type": "Feature",
      "properties": {
        "name": "ПГ №362"
      },
      "geometry": {
        "type": "Point",
        "coordinates": [
          30.10292,
          49.815049
        ]
      }
    },
    {
      "type": "Feature",
      "properties": {
        "name": "ПГ №363"
      },
      "geometry": {
        "type": "Point",
        "coordinates": [
          30.106219,
          49.813983
        ]
      }
    },
    {
      "type": "Feature",
      "properties": {
        "name": "ПГ №364"
      },
      "geometry": {
        "type": "Point",
        "coordinates": [
          30.116283,
          49.806052
        ]
      }
    },
    {
      "type": "Feature",
      "properties": {
        "name": "ПГ №365"
      },
      "geometry": {
        "type": "Point",
        "coordinates": [
          30.113053,
          49.803334
        ]
      }
    },
    {
      "type": "Feature",
      "properties": {
        "name": "ПГ №366"
      },
      "geometry": {
        "type": "Point",
        "coordinates": [
          30.101091,
          49.82328
        ]
      }
    },
    {
      "type": "Feature",
      "properties": {
        "name": "ПГ №367"
      },
      "geometry": {
        "type": "Point",
        "coordinates": [
          30.043933,
          49.805965
        ]
      }
    },
    {
      "type": "Feature",
      "properties": {
        "name": "ПГ №368"
      },
      "geometry": {
        "type": "Point",
        "coordinates": [
          30.074564,
          49.826273
        ]
      }
    },
    {
      "type": "Feature",
      "properties": {
        "name": "ПГ №369"
      },
      "geometry": {
        "type": "Point",
        "coordinates": [
          30.120006,
          49.81581
        ]
      }
    },
    {
      "type": "Feature",
      "properties": {
        "name": "ПГ №370"
      },
      "geometry": {
        "type": "Point",
        "coordinates": [
          30.120531,
          49.816416
        ]
      }
    },
    {
      "type": "Feature",
      "properties": {
        "name": "ПГ №371"
      },
      "geometry": {
        "type": "Point",
        "coordinates": [
          30.128192,
          49.809375
        ]
      }
    },
    {
      "type": "Feature",
      "properties": {
        "name": "ПГ №372"
      },
      "geometry": {
        "type": "Point",
        "coordinates": [
          30.121835,
          49.817981
        ]
      }
    },
    {
      "type": "Feature",
      "properties": {
        "name": "ПГ №373"
      },
      "geometry": {
        "type": "Point",
        "coordinates": [
          30.119271,
          49.811255
        ]
      }
    },
    {
      "type": "Feature",
      "properties": {
        "name": "ПГ №374"
      },
      "geometry": {
        "type": "Point",
        "coordinates": [
          30.086961,
          49.819362
        ]
      }
    },
    {
      "type": "Feature",
      "properties": {
        "name": "ПГ №380"
      },
      "geometry": {
        "type": "Point",
        "coordinates": [
          30.116578,
          49.798622
        ]
      }
    },
    {
      "type": "Feature",
      "properties": {
        "name": "ПГ №381"
      },
      "geometry": {
        "type": "Point",
        "coordinates": [
          30.11441,
          49.795474
        ]
      }
    },
    {
      "type": "Feature",
      "properties": {
        "name": "ПГ №384"
      },
      "geometry": {
        "type": "Point",
        "coordinates": [
          30.111927,
          49.831889
        ]
      }
    },
    {
      "type": "Feature",
      "properties": {
        "name": "ПГ №385"
      },
      "geometry": {
        "type": "Point",
        "coordinates": [
          30.10734,
          49.828381
        ]
      }
    },
    {
      "type": "Feature",
      "properties": {
        "name": "ПГ №386"
      },
      "geometry": {
        "type": "Point",
        "coordinates": [
          30.122591,
          49.813443
        ]
      }
    },
    {
      "type": "Feature",
      "properties": {
        "name": "ПГ №387"
      },
      "geometry": {
        "type": "Point",
        "coordinates": [
          30.04147,
          49.805778
        ]
      }
    },
    {
      "type": "Feature",
      "properties": {
        "name": "ПГ №389"
      },
      "geometry": {
        "type": "Point",
        "coordinates": [
          30.087261,
          49.819428
        ]
      }
    },
    {
      "type": "Feature",
      "properties": {
        "name": "ПГ №390"
      },
      "geometry": {
        "type": "Point",
        "coordinates": [
          30.101182,
          49.812972
        ]
      }
    },
    {
      "type": "Feature",
      "properties": {
        "name": "ПГ №391"
      },
      "geometry": {
        "type": "Point",
        "coordinates": [
          30.102958,
          49.81291
        ]
      }
    },
    {
      "type": "Feature",
      "properties": {
        "name": "ПГ №392"
      },
      "geometry": {
        "type": "Point",
        "coordinates": [
          30.103773,
          49.812899
        ]
      }
    },
    {
      "type": "Feature",
      "properties": {
        "name": "ПГ №393"
      },
      "geometry": {
        "type": "Point",
        "coordinates": [
          30.137869,
          49.814038
        ]
      }
    },
    {
      "type": "Feature",
      "properties": {
        "name": "ПГ №394"
      },
      "geometry": {
        "type": "Point",
        "coordinates": [
          30.136973,
          49.813685
        ]
      }
    },
    {
      "type": "Feature",
      "properties": {
        "name": "ПГ №395"
      },
      "geometry": {
        "type": "Point",
        "coordinates": [
          30.137407,
          49.808719
        ]
      }
    },
    {
      "type": "Feature",
      "properties": {
        "name": "ПГ №396"
      },
      "geometry": {
        "type": "Point",
        "coordinates": [
          30.140497,
          49.805978
        ]
      }
    },
    {
      "type": "Feature",
      "properties": {
        "name": "ПГ№397"
      },
      "geometry": {
        "type": "Point",
        "coordinates": [
          30.140801,
          49.805391
        ]
      }
    },
    {
      "type": "Feature",
      "properties": {
        "name": "ПГ№398"
      },
      "geometry": {
        "type": "Point",
        "coordinates": [
          30.139494,
          49.806799
        ]
      }
    },
    {
      "type": "Feature",
      "properties": {
        "name": "ПГ№399"
      },
      "geometry": {
        "type": "Point",
        "coordinates": [
          30.141316,
          49.804246
        ]
      }
    },
    {
      "type": "Feature",
      "properties": {
        "name": "ПГ№400"
      },
      "geometry": {
        "type": "Point",
        "coordinates": [
          30.14195,
          49.803698
        ]
      }
    },
    {
      "type": "Feature",
      "properties": {
        "name": "ПГ№401"
      },
      "geometry": {
        "type": "Point",
        "coordinates": [
          30.12833,
          49.806835
        ]
      }
    },
    {
      "type": "Feature",
      "properties": {
        "name": "ПГ№402"
      },
      "geometry": {
        "type": "Point",
        "coordinates": [
          30.128858,
          49.807804
        ]
      }
    },
    {
      "type": "Feature",
      "properties": {
        "name": "ПГ№403"
      },
      "geometry": {
        "type": "Point",
        "coordinates": [
          30.131751,
          49.808703
        ]
      }
    },
    {
      "type": "Feature",
      "properties": {
        "name": "ПГ№404"
      },
      "geometry": {
        "type": "Point",
        "coordinates": [
          30.132411,
          49.811443
        ]
      }
    },
    {
      "type": "Feature",
      "properties": {
        "name": "ПГ№405"
      },
      "geometry": {
        "type": "Point",
        "coordinates": [
          30.134241,
          49.812056
        ]
      }
    },
    {
      "type": "Feature",
      "properties": {
        "name": "ПГ№406"
      },
      "geometry": {
        "type": "Point",
        "coordinates": [
          30.134975,
          49.812373
        ]
      }
    },
    {
      "type": "Feature",
      "properties": {
        "name": "ПГ№407"
      },
      "geometry": {
        "type": "Point",
        "coordinates": [
          30.136148,
          49.812977
        ]
      }
    },
    {
      "type": "Feature",
      "properties": {
        "name": "ПГ№408"
      },
      "geometry": {
        "type": "Point",
        "coordinates": [
          30.140266,
          49.81426
        ]
      }
    },
    {
      "type": "Feature",
      "properties": {
        "name": "ПГ№409"
      },
      "geometry": {
        "type": "Point",
        "coordinates": [
          30.136722,
          49.801254
        ]
      }
    },
    {
      "type": "Feature",
      "properties": {
        "name": "ПГ№410"
      },
      "geometry": {
        "type": "Point",
        "coordinates": [
          30.128428,
          49.805822
        ]
      }
    },
    {
      "type": "Feature",
      "properties": {
        "name": "ПГ№411"
      },
      "geometry": {
        "type": "Point",
        "coordinates": [
          30.129993,
          49.804623
        ]
      }
    },
    {
      "type": "Feature",
      "properties": {
        "name": "ПГ№412"
      },
      "geometry": {
        "type": "Point",
        "coordinates": [
          30.131804,
          49.802952
        ]
      }
    },
    {
      "type": "Feature",
      "properties": {
        "name": "ПГ№413"
      },
      "geometry": {
        "type": "Point",
        "coordinates": [
          30.135143,
          49.800401
        ]
      }
    },
    {
      "type": "Feature",
      "properties": {
        "name": "ПГ№414"
      },
      "geometry": {
        "type": "Point",
        "coordinates": [
          30.14033,
          49.80196
        ]
      }
    },
    {
      "type": "Feature",
      "properties": {
        "name": "ПГ№415"
      },
      "geometry": {
        "type": "Point",
        "coordinates": [
          30.141679,
          49.801679
        ]
      }
    },
    {
      "type": "Feature",
      "properties": {
        "name": "ПГ№416"
      },
      "geometry": {
        "type": "Point",
        "coordinates": [
          30.144807,
          49.802282
        ]
      }
    },
    {
      "type": "Feature",
      "properties": {
        "name": "ПГ№417"
      },
      "geometry": {
        "type": "Point",
        "coordinates": [
          30.141591,
          49.802751
        ]
      }
    },
    {
      "type": "Feature",
      "properties": {
        "name": "ПГ№418"
      },
      "geometry": {
        "type": "Point",
        "coordinates": [
          30.142657,
          49.801539
        ]
      }
    },
    {
      "type": "Feature",
      "properties": {
        "name": "ПГ№419"
      },
      "geometry": {
        "type": "Point",
        "coordinates": [
          30.145021,
          49.803282
        ]
      }
    },
    {
      "type": "Feature",
      "properties": {
        "name": "ПВ м³ 25"
      },
      "geometry": {
        "type": "Point",
        "coordinates": [
          29.989071,
          49.805648
        ]
      }
    },
    {
      "type": "Feature",
      "properties": {
        "name": "ВВ м³ 25"
      },
      "geometry": {
        "type": "Point",
        "coordinates": [
          30.117734,
          49.855485
        ]
      }
    },
    {
      "type": "Feature",
      "properties": {
        "name": "Три пластикові ємності з водою"
      },
      "geometry": {
        "type": "Point",
        "coordinates": [
          30.110607,
          49.86091
        ]
      }
    },
    {
      "type": "Feature",
      "properties": {
        "name": "ВВ м 45"
      },
      "geometry": {
        "type": "Point",
        "coordinates": [
          30.084674,
          49.877266
        ]
      }
    },
    {
      "type": "Feature",
      "properties": {
        "name": "ВВ 25м"
      },
      "geometry": {
        "type": "Point",
        "coordinates": [
          30.079704,
          49.898302
        ]
      }
    },
    {
      "type": "Feature",
      "properties": {
        "name": "ВВ 20м"
      },
      "geometry": {
        "type": "Point",
        "coordinates": [
          30.062668,
          49.885536
        ]
      }
    },
    {
      "type": "Feature",
      "properties": {
        "name": "ПГ"
      },
      "geometry": {
        "type": "Point",
        "coordinates": [
          30.062275,
          49.885992
        ]
      }
    },
    {
      "type": "Feature",
      "properties": {
        "name": "ПГ"
      },
      "geometry": {
        "type": "Point",
        "coordinates": [
          30.05821,
          49.886548
        ]
      }
    },
    {
      "type": "Feature",
      "properties": {
        "name": "ВВ 10 м3"
      },
      "geometry": {
        "type": "Point",
        "coordinates": [
          29.996364,
          49.934145
        ]
      }
    },
    {
      "type": "Feature",
      "properties": {
        "name": "забір водою АЦ"
      },
      "geometry": {
        "type": "Point",
        "coordinates": [
          29.991508,
          49.924355
        ]
      }
    },
    {
      "type": "Feature",
      "properties": {
        "name": "ВВ (29 \t\t\tм3)"
      },
      "geometry": {
        "type": "Point",
        "coordinates": [
          29.997866,
          49.910624
        ]
      }
    },
    {
      "type": "Feature",
      "properties": {
        "name": "Можливий забір мотопомпою"
      },
      "geometry": {
        "type": "Point",
        "coordinates": [
          29.979295,
          49.922528
        ]
      }
    },
    {
      "type": "Feature",
      "properties": {
        "name": "ВВ 30м3"
      },
      "geometry": {
        "type": "Point",
        "coordinates": [
          29.978449,
          49.887501
        ]
      }
    },
    {
      "type": "Feature",
      "properties": {
        "name": "ВВ (15 \t\t\tм3)"
      },
      "geometry": {
        "type": "Point",
        "coordinates": [
          29.980918,
          49.883157
        ]
      }
    },
    {
      "type": "Feature",
      "properties": {
        "name": "ВВ 29м3"
      },
      "geometry": {
        "type": "Point",
        "coordinates": [
          29.980661,
          49.8832
        ]
      }
    },
    {
      "type": "Feature",
      "properties": {
        "name": "ПГ Т-80"
      },
      "geometry": {
        "type": "Point",
        "coordinates": [
          29.97719,
          49.884549
        ]
      }
    },
    {
      "type": "Feature",
      "properties": {
        "name": "ПГ Т-80"
      },
      "geometry": {
        "type": "Point",
        "coordinates": [
          29.976124,
          49.884619
        ]
      }
    },
    {
      "type": "Feature",
      "properties": {
        "name": "забір води мотопомпой"
      },
      "geometry": {
        "type": "Point",
        "coordinates": [
          29.952364,
          49.868964
        ]
      }
    },
    {
      "type": "Feature",
      "properties": {
        "name": "можливо забір води мотопомомпою відстань до води от дороги 50 м"
      },
      "geometry": {
        "type": "Point",
        "coordinates": [
          29.960279,
          49.886386
        ]
      }
    },
    {
      "type": "Feature",
      "properties": {
        "name": "можливо АЦ та помпой"
      },
      "geometry": {
        "type": "Point",
        "coordinates": [
          29.925389,
          49.868437
        ]
      }
    },
    {
      "type": "Feature",
      "properties": {
        "name": "ВВ(15 \tм3)"
      },
      "geometry": {
        "type": "Point",
        "coordinates": [
          29.928938,
          49.868205
        ]
      }
    },
    {
      "type": "Feature",
      "properties": {
        "name": "забір води можливий за допомогою АЦ та мотопомпи"
      },
      "geometry": {
        "type": "Point",
        "coordinates": [
          29.882666,
          49.871808
        ]
      }
    },
    {
      "type": "Feature",
      "properties": {
        "name": "ВВ(20 м3)"
      },
      "geometry": {
        "type": "Point",
        "coordinates": [
          29.908428,
          49.860029
        ]
      }
    },
    {
      "type": "Feature",
      "properties": {
        "name": "ВВ(20м3)"
      },
      "geometry": {
        "type": "Point",
        "coordinates": [
          29.928729,
          49.820866
        ]
      }
    },
    {
      "type": "Feature",
      "properties": {
        "name": "ВВ(25м3)"
      },
      "geometry": {
        "type": "Point",
        "coordinates": [
          29.953263,
          49.813499
        ]
      }
    },
    {
      "type": "Feature",
      "properties": {
        "name": "забір води можливо АЦ та мотопомпой"
      },
      "geometry": {
        "type": "Point",
        "coordinates": [
          29.894459,
          49.773294
        ]
      }
    },
    {
      "type": "Feature",
      "properties": {
        "name": "забор води можливий мотопомпой"
      },
      "geometry": {
        "type": "Point",
        "coordinates": [
          29.880424,
          49.777422
        ]
      }
    },
    {
      "type": "Feature",
      "properties": {
        "name": "ВВ (25м3)"
      },
      "geometry": {
        "type": "Point",
        "coordinates": [
          29.908027,
          49.77839
        ]
      }
    },
    {
      "type": "Feature",
      "properties": {
        "name": "ВВ (25м3)"
      },
      "geometry": {
        "type": "Point",
        "coordinates": [
          29.907923,
          49.778444
        ]
      }
    },
    {
      "type": "Feature",
      "properties": {
        "name": "ВВ 25м3"
      },
      "geometry": {
        "type": "Point",
        "coordinates": [
          29.916743,
          49.780026
        ]
      }
    },
    {
      "type": "Feature",
      "properties": {
        "name": "Пожежний пірс"
      },
      "geometry": {
        "type": "Point",
        "coordinates": [
          29.969315,
          49.756331
        ]
      }
    },
    {
      "type": "Feature",
      "properties": {
        "name": "ВВ (25 м3)"
      },
      "geometry": {
        "type": "Point",
        "coordinates": [
          29.965706,
          49.777822
        ]
      }
    },
    {
      "type": "Feature",
      "properties": {
        "name": "ВВ (25 м3)"
      },
      "geometry": {
        "type": "Point",
        "coordinates": [
          29.965886,
          49.777708
        ]
      }
    },
    {
      "type": "Feature",
      "properties": {
        "name": "ВВ(25 м3)"
      },
      "geometry": {
        "type": "Point",
        "coordinates": [
          29.943826,
          49.770235
        ]
      }
    },
    {
      "type": "Feature",
      "properties": {
        "name": "ПВ м³ 50"
      },
      "geometry": {
        "type": "Point",
        "coordinates": [
          29.9876,
          49.805883
        ]
      }
    },
    {
      "type": "Feature",
      "properties": {
        "name": "забір води можлимий мотопомпою"
      },
      "geometry": {
        "type": "Point",
        "coordinates": [
          29.997256,
          49.804201
        ]
      }
    },
    {
      "type": "Feature",
      "properties": {
        "name": "ПГ"
      },
      "geometry": {
        "type": "Point",
        "coordinates": [
          30.004026,
          49.804925
        ]
      }
    },
    {
      "type": "Feature",
      "properties": {
        "name": "ПВ 110 м3"
      },
      "geometry": {
        "type": "Point",
        "coordinates": [
          30.012044,
          49.805806
        ]
      }
    },
    {
      "type": "Feature",
      "properties": {
        "name": "ВВ"
      },
      "geometry": {
        "type": "Point",
        "coordinates": [
          30.012214,
          49.805777
        ]
      }
    },
    {
      "type": "Feature",
      "properties": {
        "name": "ПГ Т-50"
      },
      "geometry": {
        "type": "Point",
        "coordinates": [
          30.012046,
          49.805436
        ]
      }
    },
    {
      "type": "Feature",
      "properties": {
        "name": "забір можливий  мотопомпою в літній час"
      },
      "geometry": {
        "type": "Point",
        "coordinates": [
          30.007072,
          49.781929
        ]
      }
    },
    {
      "type": "Feature",
      "properties": {
        "name": "забір АЦ та мотопомпой"
      },
      "geometry": {
        "type": "Point",
        "coordinates": [
          30.012099,
          49.777009
        ]
      }
    },
    {
      "type": "Feature",
      "properties": {
        "name": "забір ац та мотопомпою"
      },
      "geometry": {
        "type": "Point",
        "coordinates": [
          30.0404721,
          49.7855376
        ]
      }
    },
    {
      "type": "Feature",
      "properties": {
        "name": "забір води АЦ та мотопомпою"
      },
      "geometry": {
        "type": "Point",
        "coordinates": [
          30.004496,
          49.807418
        ]
      }
    },
    {
      "type": "Feature",
      "properties": {
        "name": "забір АЦ та мотопомпою"
      },
      "geometry": {
        "type": "Point",
        "coordinates": [
          29.998041,
          49.793052
        ]
      }
    },
    {
      "type": "Feature",
      "properties": {
        "name": "забір води АЦ та мотопомпою"
      },
      "geometry": {
        "type": "Point",
        "coordinates": [
          29.94828,
          49.82221
        ]
      }
    },
    {
      "type": "Feature",
      "properties": {
        "name": "ПГ Т 100"
      },
      "geometry": {
        "type": "Point",
        "coordinates": [
          30.032053,
          49.813095
        ]
      }
    },
    {
      "type": "Feature",
      "properties": {
        "name": "забір мотопомпой"
      },
      "geometry": {
        "type": "Point",
        "coordinates": [
          30.004996,
          49.810581
        ]
      }
    },
    {
      "type": "Feature",
      "properties": {
        "name": "ПГ біля АТБ"
      },
      "geometry": {
        "type": "Point",
        "coordinates": [
          30.050711,
          49.816741
        ]
      }
    },
    {
      "type": "Feature",
      "properties": {
        "name": "ПГ"
      },
      "geometry": {
        "type": "Point",
        "coordinates": [
          30.072885,
          49.849185
        ]
      }
    },
    {
      "type": "Feature",
      "properties": {
        "name": "ПГ"
      },
      "geometry": {
        "type": "Point",
        "coordinates": [
          30.074027,
          49.849707
        ]
      }
    },
    {
      "type": "Feature",
      "properties": {
        "name": "ПГ"
      },
      "geometry": {
        "type": "Point",
        "coordinates": [
          30.073823,
          49.848891
        ]
      }
    },
    {
      "type": "Feature",
      "properties": {
        "name": "Точка 459"
      },
      "geometry": {
        "type": "Point",
        "coordinates": [
          30.1050163,
          49.8129282
        ]
      }
    }
  ]
}